ion,wl_nm,nist_intens,A_nist,upper_no,lower_no,upper,lower,data2_amp,data2_snr,data2_S/N,data2_fwhm_pm,data2_sat,data3_amp,data3_snr,data3_S/N,data3_fwhm_pm,data3_sat,data4_amp,data4_snr,data4_S/N,data4_fwhm_pm,data4_sat,data5_amp,data5_snr,data5_S/N,data5_fwhm_pm,data5_sat,data6_amp,data6_snr,data6_S/N,data6_fwhm_pm,data6_sat,data7_amp,data7_snr,data7_S/N,data7_fwhm_pm,data7_sat,data8_amp,data8_snr,data8_S/N,data8_fwhm_pm,data8_sat,data9_amp,data9_snr,data9_S/N,data9_fwhm_pm,data9_sat,data10_amp,data10_snr,data10_S/N,data10_fwhm_pm,data10_sat,data11_amp,data11_snr,data11_S/N,data11_fwhm_pm,data11_sat,nist_within_1.5fwhm,threshold_eV,sigma_max_1e16,E_sigma_max_eV,sigma_first_1e16,E_first_eV,k_gs_1eV,k_gs_2eV,Te_slope_1_2eV,initial_states,meta_lever,top_meta,k_quench,lower_levels_E1,A_known_nist,sumA_nist,n_crit_lower_bound,data1_amp,data1_snr,data1_S/N,data1_fwhm_pm,data1_sat
XeII,300.398,40,,82,18,5p4(3P2)4f 2[1]° 1/2,5p4(3P1)6s 2[1] 1/2,1210,38.2,192,30.9,,1192,40.2,190,31.2,,618,44.1,98,31.4,,603,42.1,96,32.3,,1222,40.8,194,31.6,,645,46.1,103,30.9,,606,38.5,96,31.1,,625,43.4,99,31.4,,504,49.4,96,31.3,,311,50.7,74,30.4,,XeIII 300.426 (I=18a),,,,,,,,,,,,,,,,,,,,,
XeII,300.597,1-,,77,17,5p4(3P2)7p 2[3]° 7/2,5p4(3P2)5d 2[3] 5/2,8,0.2,1,2.5,,20,0.2,3,7.6,,22,0.2,4,7.6,,12,0.7,2,11.1,,20,0.6,3,28.9,,9,0.4,1,70.6,,3,0.2,0,40.2,,13,0.9,2,5.4,,27,1.0,5,8.6,,8,1.0,2,17.2,,,,,,,,,,,,,,,,,,,,,,,
XeII,300.697,2,,73,16,5p4(3P2)7p 2[1]° 3/2,5p4(3P2)5d 2[0] 1/2,13,0.3,2,22.3,,28,0.9,4,16.5,,6,0.4,1,4.4,,42,0.4,7,7.4,,20,0.6,3,28.9,,6,0.7,1,215.7,,10,0.6,2,6.7,,54,0.9,9,8.0,,27,1.0,5,8.6,,85,1.3,20,7.6,,,,,,,,,,,,,,,,,,,,,,,
XeII,300.903,0bl,,95,31,5p4(3P1)6d 2[3] 5/2,5p4(3P2)6p 2[3]° 7/2,9,0.2,1,3.0,,32,0.3,5,7.9,,9,0.5,1,5.6,,6,0.4,1,4.3,,4,0.2,1,6.9,,6,0.4,1,34.2,,30,0.5,5,7.8,,59,0.7,9,7.3,,52,0.7,8,7.0,,23,1.0,5,8.0,,XeIII 300.903 (I=1bl),,,,,,,,,,,,,,,,,,,,,
XeII,301.382,2h^,,76,17,5p4(3P2)7p 2[3]° 5/2,5p4(3P2)5d 2[3] 5/2,47,1.4,7,21.9,,41,1.3,6,29.3,,31,2.0,5,25.0,,25,1.6,4,33.6,,49,1.6,6,26.7,,27,1.8,4,28.4,,22,1.4,3,39.6,,18,1.3,3,43.9,,23,1.8,4,26.6,,16,2.7,4,40.5,,XeIII 301.413 (I=15a),,,,,,,,,,,,,,,,,,,,,
XeII,301.552,20h,,,43,Ek=157221.03,5p4(1D2)5d 2[1] 3/2,59,1.6,9,27.0,,68,2.0,11,29.9,,33,2.0,5,33.0,,32,1.9,5,30.1,,63,2.1,8,31.9,,27,1.9,4,34.1,,33,1.9,5,35.3,,35,2.4,6,33.1,,28,2.4,4,24.8,,13,2.3,3,39.5,,XeIII 301.541 (I=11); XeIII 301.577 (I=2),,,,,,,,,,,,,,,,,,,,,
XeII,301.743,100h,,,45,Ek=157432.63,5p4(1D2)5d 2[2] 5/2,505,15.1,80,30.6,,489,16.5,78,30.6,,261,19.1,42,29.5,,261,19.1,41,31.5,,509,17.0,61,31.8,,279,20.3,44,28.7,,255,18.4,41,30.6,,263,19.0,42,31.1,,216,22.0,34,28.8,,115,18.7,27,33.2,,,,,,,,,,,,,,,,,,,,,,,
XeII,301.978,2h,,80,18,5p4(3P2)7p 2[1]° 1/2,5p4(3P1)6s 2[1] 1/2,78,2.3,12,33.0,,63,2.4,10,34.1,,40,2.9,6,45.7,,49,3.6,8,27.4,,66,2.9,8,48.4,,30,2.7,5,49.7,,32,2.4,5,41.9,,29,2.4,5,49.5,,17,2.4,3,120.5,,22,2.7,5,15.2,,,,,,,,,,,,,,,,,,,,,,,
XeII,302.21,2H,,,44,Ek=157368.5,5p4(3P1)6p 2[1]° 3/2,30,1.3,5,67.6,,32,1.3,5,66.5,,17,1.4,3,73.7,,15,1.9,2,81.0,,33,1.2,4,45.7,,11,1.1,2,292.1,,15,1.1,2,45.2,,23,1.6,4,31.3,,30,2.3,5,17.0,,12,2.0,3,19.0,,,,,,,,,,,,,,,,,,,,,,,
XeII,302.727,3,,74,17,5p4(3P2)4f 2[2]° 3/2,5p4(3P2)5d 2[3] 5/2,169,5.6,32,51.9,,151,5.5,24,56.5,,81,5.9,13,54.0,,82,5.6,13,53.5,,162,5.9,19,53.6,,76,5.9,12,58.5,,79,6.0,13,55.7,,82,6.1,13,53.4,,67,6.7,11,55.7,,42,8.7,10,60.2,,XeII 302.763 (I=2h),,,,,,,,,,,,,,,,,,,,,
XeII,302.763,2h,,110,35,5p4(1D2)7s 2[2] 3/2,5p4(3P2)6p 2[1]° 3/2,169,5.6,32,51.9,,151,5.5,24,56.5,,81,5.9,13,54.0,,82,5.6,13,53.5,,162,5.9,19,53.6,,76,5.9,12,58.5,,79,6.0,13,55.7,,82,6.1,13,53.4,,67,6.7,11,55.7,,42,8.7,10,60.2,,XeII 302.727 (I=3),,,,,,,,,,,,,,,,,,,,,
XeII,303.371,10,,84,19,5p4(3P2)4f 2[1]° 3/2,5p4(3P0)5d 2[2] 3/2,265,8.2,42,27.8,,237,7.1,32,31.9,,132,7.9,25,29.0,,128,7.2,20,29.7,,263,7.9,42,30.3,,115,6.6,18,29.1,,133,7.6,25,32.3,,124,8.0,20,31.9,,106,8.0,20,30.7,,59,10.0,14,31.1,,,,,,,,,,,,,,,,,,,,,,,
XeII,303.68,30h,,,45,Ek=157221.03,5p4(1D2)5d 2[2] 5/2,151,5.6,18,62.4,,137,5.5,16,68.4,,84,6.6,13,64.8,,80,6.9,11,66.7,,146,6.7,17,67.7,,79,6.0,13,57.0,,79,6.5,13,65.3,,76,6.6,12,71.2,,62,6.2,10,64.9,,51,7.8,12,40.6,,,,,,,,,,,,,,,,,,,,,,,
XeII,303.735,,,108,35,5p4(1D2)7s 2[2] 5/2,5p4(3P2)6p 2[1]° 3/2,151,5.6,18,62.4,,137,5.5,16,68.4,,84,6.6,13,64.8,,80,6.9,11,66.7,,146,6.7,17,67.7,,79,6.0,13,57.0,,79,6.5,13,65.3,,76,6.6,12,71.2,,62,6.2,10,64.9,,51,7.8,12,40.6,,,,,,,,,,,,,,,,,,,,,,,
XeII,304.475,10,,49,8,5p4(1D2)6p 2[3]° 5/2,5p4(3P2)5d 2[2] 3/2,1064,46.9,127,104.4,,1054,49.4,100,92.8,,550,50.8,66,93.1,,547,50.9,65,90.2,,1101,50.9,105,86.5,,551,50.1,88,87.3,,544,50.5,65,89.3,,557,52.4,66,84.9,,447,54.3,71,83.1,,273,49.0,65,88.5,,,15.977,0.0664,16.11,0.0322,15.987,3.953e-16,7.704e-13,10.93,1 2 4 5 6 7 8 10 12 13 22 23 33 34,2.03e+07,34:1.3e+07 23:4.7e+06 33:2.1e+06,2.57e-07,24,1/24,1.80e+07,7.0e+13,,,,,
XeII,304.525,30,,83,19,5p4(3P2)4f 2[2]° 5/2,5p4(3P0)5d 2[2] 3/2,1064,46.9,127,104.4,,1054,49.4,100,92.8,,550,50.8,66,93.1,,547,50.9,65,90.2,,1101,50.9,105,86.5,,551,50.1,88,87.3,,544,50.5,65,89.3,,557,52.4,66,84.9,,447,54.3,71,83.1,,273,49.0,65,88.5,,,,,,,,,,,,,,,,,,,,,,,
XeII,304.627,25,,99,32,5p4(3P0)4f 2[3]° 7/2,5p4(3P1)5d 2[3] 5/2,510,15.5,61,31.5,,504,15.1,53,31.5,,271,16.8,32,29.8,,255,16.2,30,31.5,,536,16.6,51,31.2,,256,16.1,41,32.8,,262,16.1,31,32.8,,260,16.2,31,32.2,,204,16.3,32,32.6,,141,17.2,34,31.0,,,,,,,,,,,,,,,,,,,,,,,
XeII,304.756,0,,82,19,5p4(3P2)4f 2[1]° 1/2,5p4(3P0)5d 2[2] 3/2,125,3.8,15,45.5,,134,4.1,16,46.1,,69,4.9,8,44.2,,72,4.8,9,43.7,,140,4.3,13,43.1,,67,4.6,11,40.9,,72,4.2,9,40.7,,72,4.2,9,41.4,,51,4.2,8,48.3,,28,3.8,7,47.8,,XeII 304.776 (I=8H); XeII 304.783 (I=0),,,,,,,,,,,,,,,,,,,,,
XeII,304.776,8H,,,44,Ek=157091.9,5p4(3P1)6p 2[1]° 3/2,125,3.8,15,45.5,,134,4.1,16,46.1,,69,4.9,8,44.2,,72,4.8,9,43.7,,140,4.3,13,43.1,,67,4.6,11,40.9,,72,4.2,9,40.7,,72,4.2,9,41.4,,51,4.2,8,48.3,,28,3.8,7,47.8,,XeII 304.756 (I=0); XeII 304.783 (I=0),,,,,,,,,,,,,,,,,,,,,
XeII,304.783,0,,,45,Ek=157102.56,5p4(1D2)5d 2[2] 5/2,125,3.8,15,45.5,,134,4.1,16,46.1,,69,4.9,8,44.2,,72,4.8,9,43.7,,140,4.3,13,43.1,,67,4.6,11,40.9,,72,4.2,9,40.7,,72,4.2,9,41.4,,51,4.2,8,48.3,,28,3.8,7,47.8,,XeII 304.756 (I=0); XeII 304.776 (I=8H); XeII 304.817 (I=5),,,,,,,,,,,,,,,,,,,,,
XeII,304.817,5,,,46,Ek=157368.5,5p4(3P1)6p 2[1]° 1/2,125,3.8,15,45.5,,134,4.1,16,46.1,,69,4.9,8,44.2,,72,4.8,9,43.7,,140,4.3,13,43.1,,67,4.6,11,40.9,,72,4.2,9,40.7,,72,4.2,9,41.4,,51,4.2,8,48.3,,28,3.8,7,47.8,,XeII 304.783 (I=0); XeII 304.850 (I=3h^),,,,,,,,,,,,,,,,,,,,,
XeII,304.85,3h^,,94,29,5p4(3P1)6d 2[2] 5/2,5p4(3P2)6p 2[3]° 5/2,126,3.3,15,45.2,,134,2.9,14,45.9,,49,3.2,6,28.3,,72,3.2,9,42.9,,141,2.9,13,42.7,,51,3.4,8,29.9,,50,3.0,8,34.4,,72,3.8,9,41.0,,52,3.2,8,47.2,,21,2.5,5,30.1,,XeII 304.817 (I=5); XeIII 304.886 (I=7),,,,,,,,,,,,,,,,,,,,,
XeII,305.098,3,,97,32,5p4(3P0)4f 2[3]° 5/2,5p4(3P1)5d 2[3] 5/2,145,4.1,15,37.0,,147,4.1,17,37.3,,102,5.8,12,33.1,,104,6.1,12,33.6,,195,5.7,19,37.3,,101,6.4,16,37.0,,88,5.6,14,39.4,,85,5.4,10,38.3,,61,5.2,10,43.0,,47,5.8,11,31.5,,XeIII 305.121 (I=6),,,,,,,,,,,,,,,,,,,,,
XeII,305.55,1,,73,17,5p4(3P2)7p 2[1]° 3/2,5p4(3P2)5d 2[3] 5/2,477,2.1,57,30.8,,446,2.4,53,30.6,,224,2.3,36,32.8,,231,3.2,28,32.1,,466,3.2,56,31.3,,238,3.1,38,30.5,,221,2.3,35,31.4,,224,3.5,27,32.3,,171,2.4,27,32.1,,130,3.8,31,29.7,,XeIII 305.526 (I=1),,,,,,,,,,,,,,,,,,,,,
XeII,305.649,20,,72,17,5p4(3P2)4f 2[3]° 5/2,5p4(3P2)5d 2[3] 5/2,476,13.4,57,30.9,,445,12.6,53,30.8,,224,12.1,36,32.9,,231,14.4,28,32.2,,466,13.7,56,31.4,,238,15.0,38,30.6,,221,11.7,35,31.5,,224,14.1,27,32.4,,171,11.9,27,32.1,,129,16.5,31,29.7,,,,,,,,,,,,,,,,,,,,,,,
XeII,306.154,12,,71,17,5p4(3P2)7p 2[2]° 5/2,5p4(3P2)5d 2[3] 5/2,246,6.7,39,32.8,,255,7.3,41,29.2,,142,9.1,22,30.7,,128,8.0,20,32.1,,262,7.8,31,30.9,,145,9.1,23,31.3,,121,6.4,19,33.0,,144,9.0,23,29.0,,112,9.5,27,30.4,,69,8.2,16,30.8,,,,,,,,,,,,,,,,,,,,,,,
XeII,306.372,0,,80,19,5p4(3P2)7p 2[1]° 1/2,5p4(3P0)5d 2[2] 3/2,14,0.3,2,13.0,,6,0.2,1,36.8,,8,0.6,1,37.6,,47,0.8,7,9.0,,16,0.5,3,35.5,,9,0.4,1,1.7,,69,0.9,11,7.7,,49,0.8,8,7.3,,10,0.7,2,14.5,,9,1.0,2,23.6,,,,,,,,,,,,,,,,,,,,,,,
XeII,306.66,1h,,94,31,5p4(3P1)6d 2[2] 5/2,5p4(3P2)6p 2[3]° 7/2,579,15.7,92,34.1,,561,16.4,89,34.6,,286,17.1,46,34.5,,288,17.6,46,34.4,,583,17.5,93,34.1,,286,18.4,45,34.2,,280,17.8,44,34.2,,294,17.6,47,33.6,,230,19.0,55,34.4,,148,19.2,35,34.1,,,,,,,,,,,,,,,,,,,,,,,
XeII,306.73,30*,,90,25,5p4(3P0)6d 2[2] 5/2,5p4(3P2)6p 2[2]° 3/2,579,15.7,92,34.1,,561,16.4,89,34.6,,286,17.1,46,34.5,,288,17.6,46,34.4,,583,17.5,93,34.1,,286,18.4,45,34.2,,280,17.8,44,34.2,,294,17.6,47,33.6,,230,19.0,55,34.4,,148,19.2,35,34.1,,XeII 306.730 (I=30*),,,,,,,,,,,,,,,,,,,,,
XeII,306.73,30*,,74,18,5p4(3P2)4f 2[2]° 3/2,5p4(3P1)6s 2[1] 1/2,579,15.7,92,34.1,,561,16.4,89,34.6,,286,17.1,46,34.5,,288,17.6,46,34.4,,583,17.5,93,34.1,,286,18.4,45,34.2,,280,17.8,44,34.2,,294,17.6,47,33.6,,230,19.0,55,34.4,,148,19.2,35,34.1,,XeII 306.730 (I=30*),,,,,,,,,,,,,,,,,,,,,
XeII,307.317,2h,,69,17,5p4(3P2)4f 2[3]° 7/2,5p4(3P2)5d 2[3] 5/2,58,1.8,14,29.0,,63,1.9,10,30.1,,37,2.1,6,36.5,,20,1.4,3,36.6,,59,1.8,9,29.4,,20,1.4,3,53.7,,28,1.6,4,36.8,,30,2.1,5,41.4,,25,2.3,6,52.6,,23,2.8,5,29.0,,XeIII 307.351 (I=6),,,,,,,,,,,,,,,,,,,,,
XeII,308.262,20,,84,20,5p4(3P2)4f 2[1]° 3/2,5p4(3P1)5d 2[1] 3/2,419,12.3,67,37.2,,411,11.7,56,35.5,,232,13.4,37,32.3,,212,13.6,34,36.1,,442,12.9,70,32.9,,217,13.4,34,34.1,,215,13.5,34,34.0,,224,13.9,36,32.4,,176,14.8,28,33.6,,113,13.8,27,33.1,,XeII 308.287 (I=2); XeIII 308.289 (I=4bl),,,,,,,,,,,,,,,,,,,,,
XeII,308.287,2,,93,29,5p4(3P1)6d 2[2] 3/2,5p4(3P2)6p 2[3]° 5/2,419,12.3,67,37.2,,411,11.7,56,35.5,,232,13.4,37,32.3,,212,13.6,34,36.1,,442,12.9,70,32.9,,217,13.4,34,34.1,,215,13.5,34,34.0,,224,13.9,36,32.4,,176,14.8,28,33.6,,113,13.8,27,33.1,,XeII 308.262 (I=20); XeIII 308.289 (I=4bl),,,,,,,,,,,,,,,,,,,,,
XeII,308.512,1-*,,,39,Ek=153584.09,5p4(3P1)6p 2[0]° 1/2,49,0.3,8,7.3,,10,0.3,2,5.5,,13,0.4,2,3.9,,38,0.5,6,7.9,,8,0.2,1,17.6,,19,0.4,3,8.9,,9,0.5,1,3.4,,58,0.3,9,7.6,,19,1.0,3,10.1,,68,1.5,16,7.2,,XeII 308.512 (I=1-*),,,,,,,,,,,,,,,,,,,,,
XeII,308.512,1-*,,,40,Ek=154032.42,5p4(3P0)6p 2[1]° 3/2,49,0.3,8,7.3,,10,0.3,2,5.5,,13,0.4,2,3.9,,38,0.5,6,7.9,,8,0.2,1,17.6,,19,0.4,3,8.9,,9,0.5,1,3.4,,58,0.3,9,7.6,,19,1.0,3,10.1,,68,1.5,16,7.2,,XeII 308.512 (I=1-*),,,,,,,,,,,,,,,,,,,,,
XeII,308.734,1-,,42,3,5p4(3P1)6p 2[2]° 3/2,5s5p6 2S 1/2,12,0.4,2,36.3,,83,0.3,10,7.6,,60,0.6,10,6.8,,8,0.3,1,5.5,,20,0.5,3,34.4,,6,0.3,1,4.4,,14,0.8,2,19.3,,34,0.4,5,6.9,,11,0.7,2,25.3,,23,1.5,4,9.2,,,15.282,0.2008,15.31,0.0876,15.293,1.654e-15,2.302e-12,10.44,1 2 4 5 6 7 8 10 12 13 22 23 33 34,1.33e+07,22:5.8e+06 23:2.6e+06 13:2.6e+06,8.08e-07,22,1/22,2.20e+07,2.7e+13,,,,,
XeII,309.047,1,,89,25,5p4(3P0)6d 2[2] 3/2,5p4(3P2)6p 2[2]° 3/2,14,0.5,2,49.8,,22,0.6,3,22.1,,8,0.4,1,3.3,,58,0.4,9,7.4,,76,0.3,12,8.0,,10,0.4,1,25.1,,9,0.6,1,44.7,,13,0.7,2,20.0,,9,0.6,1,4.9,,8,1.0,1,38.5,,,,,,,,,,,,,,,,,,,,,,,
XeII,309.241,15,,84,21,5p4(3P2)4f 2[1]° 3/2,5p4(3P0)5d 2[2] 5/2,318,7.8,43,53.9,,290,7.2,35,51.7,,154,8.3,25,50.3,,144,7.8,20,51.8,,276,7.1,44,48.7,,130,7.0,15,48.3,,127,6.8,20,49.5,,131,7.1,21,47.2,,97,7.3,13,50.6,,66,8.0,10,44.3,,,,,,,,,,,,,,,,,,,,,,,
XeII,309.453,30h,,83,20,5p4(3P2)4f 2[2]° 5/2,5p4(3P1)5d 2[1] 3/2,398,9.2,47,31.4,,382,9.0,46,30.6,,200,10.2,24,31.3,,193,9.7,31,32.1,,389,9.5,62,32.6,,202,10.6,24,31.6,,199,10.0,32,32.7,,188,9.9,30,32.0,,156,10.1,25,33.0,,105,12.8,17,32.0,,,,,,,,,,,,,,,,,,,,,,,
XeII,309.69,8,,82,20,5p4(3P2)4f 2[1]° 1/2,5p4(3P1)5d 2[1] 3/2,117,2.9,14,36.9,,130,3.5,15,31.7,,57,3.3,8,37.2,,70,3.8,11,30.6,,140,3.5,17,28.9,,70,4.0,8,34.2,,65,3.6,10,34.0,,60,2.9,9,36.2,,55,3.7,7,41.8,,41,5.2,6,30.3,,,,,,,,,,,,,,,,,,,,,,,
XeII,309.821,2,,93,30,5p4(3P1)6d 2[2] 3/2,5p4(3P2)6p 2[1]° 1/2,109,2.8,13,37.5,,85,2.5,10,47.8,,32,2.4,4,68.1,,35,2.7,4,65.5,,86,2.5,10,44.4,,46,3.2,5,48.9,,40,2.8,5,51.7,,34,2.0,5,54.3,,27,2.7,4,63.2,,22,3.8,3,56.9,,XeII 309.850 (I=1),,,,,,,,,,,,,,,,,,,,,
XeII,309.85,1,,76,19,5p4(3P2)7p 2[3]° 5/2,5p4(3P0)5d 2[2] 3/2,109,2.8,13,37.5,,85,2.5,10,47.8,,32,2.4,4,68.1,,35,2.7,4,65.5,,86,2.5,10,44.4,,46,3.2,5,48.9,,40,2.8,5,51.7,,34,2.0,5,54.3,,27,2.7,4,63.2,,22,3.8,3,56.9,,XeII 309.821 (I=2),,,,,,,,,,,,,,,,,,,,,
XeII,310.151,50h,,,43,Ek=156302.13,5p4(1D2)5d 2[1] 3/2,342,8.4,47,40.0,,378,9.9,45,36.9,,219,13.1,26,38.3,,213,12.6,25,41.6,,418,11.0,40,38.6,,195,10.4,23,40.3,,202,10.8,32,38.4,,201,10.8,32,40.9,,162,10.2,26,39.4,,105,14.2,17,39.9,,,,,,,,,,,,,,,,,,,,,,,
XeII,310.44,70h,,83,21,5p4(3P2)4f 2[2]° 5/2,5p4(3P0)5d 2[2] 5/2,1741,42.2,237,31.9,,1732,43.6,165,31.3,,920,46.1,110,31.6,,931,46.5,148,31.0,,1788,41.9,171,31.3,,910,45.2,109,31.6,,915,45.2,145,31.8,,929,46.5,148,30.9,,714,44.4,114,31.6,,486,48.0,77,29.4,,,,,,,,,,,,,,,,,,,,,,,
XeII,310.654,0bl,,89,26,5p4(3P0)6d 2[2] 3/2,5p4(3P2)6p 2[2]° 5/2,14,0.4,2,77.0,,97,0.4,12,7.6,,98,0.8,12,7.4,,16,0.8,2,34.0,,12,0.4,1,58.7,,8,0.4,1,49.2,,12,0.6,2,,,15,0.6,2,13.8,,12,1.0,2,63.9,,10,0.8,2,26.9,,XeIII 310.634 (I=13); XeIII 310.647 (I=9),,,,,,,,,,,,,,,,,,,,,
XeII,310.782,20Hl,,,43,Ek=156235.8,5p4(1D2)5d 2[1] 3/2,203,4.5,28,31.8,,202,4.4,24,32.7,,105,5.2,13,33.8,,104,5.1,17,33.5,,228,5.5,22,31.8,,113,5.6,13,31.2,,102,5.1,16,33.9,,110,5.2,17,32.0,,98,6.1,16,29.3,,62,6.2,10,31.3,,XeIII 310.756 (I=6),,,,,,,,,,,,,,,,,,,,,
XeII,311.274,20,,74,19,5p4(3P2)4f 2[2]° 3/2,5p4(3P0)5d 2[2] 3/2,370,8.5,59,29.7,,351,8.1,42,29.4,,168,8.2,20,31.7,,179,9.0,29,32.3,,354,8.0,34,29.5,,176,8.6,21,32.2,,175,7.8,28,29.8,,173,8.5,27,31.3,,148,9.0,24,30.0,,101,9.8,16,29.2,,,,,,,,,,,,,,,,,,,,,,,
XeII,311.678,2h,,92,29,5p4(3P1)6d 2[3] 7/2,5p4(3P2)6p 2[3]° 5/2,68,1.3,11,16.5,,48,1.0,8,34.0,,32,1.5,4,27.1,,29,1.7,5,39.2,,51,1.0,6,23.5,,25,1.3,4,32.9,,25,1.2,4,31.7,,15,1.1,2,52.6,,19,1.2,3,30.0,,9,1.2,2,62.1,,,,,,,,,,,,,,,,,,,,,,,
XeII,312.187,250,,81,21,5p4(3P2)4f 2[4]° 7/2,5p4(3P0)5d 2[2] 5/2,6549,146.5,892,31.8,,6297,134.1,1001,32.4,,3329,152.7,529,32.3,,3348,152.2,532,31.7,,6632,140.3,791,31.9,,3328,154.2,529,32.0,,3318,153.9,527,31.6,,3355,155.6,533,31.8,,2677,155.2,426,31.7,,1666,156.6,318,31.9,,XeIII 312.215 (I=9),,,,,,,,,,,,,,,,,,,,,
XeII,312.402,12h,,,45,Ek=156302.13,5p4(1D2)5d 2[2] 5/2,92,2.1,15,39.4,,102,2.3,16,34.9,,52,2.5,8,36.0,,56,2.8,9,36.1,,97,2.4,12,35.5,,41,2.0,7,44.5,,50,2.6,8,36.1,,55,2.6,9,34.9,,40,2.9,6,33.4,,27,2.6,6,37.5,,,,,,,,,,,,,,,,,,,,,,,
XeII,312.84,1H*,,,40,Ek=153585.71,5p4(3P0)6p 2[1]° 3/2,14,0.4,2,220.8,,13,0.4,2,114.7,,13,0.6,2,5.6,,10,0.5,2,27.6,,15,0.6,2,130.2,,11,0.8,2,94.1,,9,0.5,1,39.6,,12,0.8,2,43.8,,66,0.8,16,7.6,,8,1.5,2,101.9,,XeII 312.840 (I=1H*),,,,,,,,,,,,,,,,,,,,,
XeII,312.84,1H*,,,40,Ek=153584.09,5p4(3P0)6p 2[1]° 3/2,14,0.4,2,220.8,,13,0.4,2,114.7,,13,0.6,2,5.6,,10,0.5,2,27.6,,15,0.6,2,130.2,,11,0.8,2,94.1,,9,0.5,1,39.6,,12,0.8,2,43.8,,66,0.8,16,7.6,,8,1.5,2,101.9,,XeII 312.840 (I=1H*),,,,,,,,,,,,,,,,,,,,,
XeII,313.04,3H,,,45,Ek=156235.8,5p4(1D2)5d 2[2] 5/2,36,0.8,6,49.3,,41,1.0,7,45.2,,20,1.1,3,51.2,,30,1.3,5,29.8,,45,1.1,6,43.9,,23,1.3,4,49.3,,20,1.1,3,54.8,,17,1.1,3,62.4,,17,1.0,4,32.3,,22,2.5,5,21.8,,,,,,,,,,,,,,,,,,,,,,,
XeII,314.254,0,,73,19,5p4(3P2)7p 2[1]° 3/2,5p4(3P0)5d 2[2] 3/2,47,0.2,8,8.0,,4,0.1,1,1.4,,6,0.4,1,0.2,,59,0.5,9,33.5,,7,0.2,1,80.8,,9,0.4,2,4.9,,34,0.3,5,7.2,,5,0.3,1,51.8,,39,0.5,9,7.2,,41,1.2,10,90.7,,,,,,,,,,,,,,,,,,,,,,,
XeII,314.362,6,,72,19,5p4(3P2)4f 2[3]° 5/2,5p4(3P0)5d 2[2] 3/2,111,2.6,18,33.9,,115,2.4,18,31.4,,66,3.2,10,29.7,,60,2.7,9,33.3,,119,2.7,19,32.0,,62,3.0,15,32.6,,66,3.1,13,30.7,,54,2.5,9,34.2,,44,2.9,8,39.0,,28,3.8,7,41.0,,,,,,,,,,,,,,,,,,,,,,,
XeII,314.502,4h,,83,22,5p4(3P2)4f 2[2]° 5/2,5p4(3P1)5d 2[3] 7/2,68,1.6,11,39.4,,60,1.3,10,36.3,,38,2.0,6,33.7,,35,1.7,7,42.4,,67,1.5,11,40.9,,37,1.7,9,39.6,,36,1.9,9,40.9,,35,1.8,6,42.2,,27,1.6,4,32.4,,21,2.8,5,29.6,,,,,,,,,,,,,,,,,,,,,,,
XeII,314.899,5,,71,19,5p4(3P2)7p 2[2]° 5/2,5p4(3P0)5d 2[2] 3/2,133,3.1,25,31.7,,128,3.1,20,35.3,,77,4.1,12,35.6,,63,3.0,15,27.4,,134,3.2,26,32.0,,66,3.1,16,33.3,,64,3.2,10,36.9,,76,3.8,18,31.9,,55,3.4,9,35.9,,37,4.5,9,36.4,,,,,,,,,,,,,,,,,,,,,,,
XeII,315.097,3,,77,21,5p4(3P2)7p 2[3]° 7/2,5p4(3P0)5d 2[2] 5/2,47,1.1,7,41.8,,49,1.2,8,32.9,,29,2.0,5,48.7,,33,1.6,8,30.2,,52,1.2,10,27.5,,34,1.8,8,38.4,,31,1.7,5,33.1,,24,1.3,4,26.1,,16,1.0,3,52.6,,13,1.8,3,49.4,,XeIII 315.069 (I=15); XeIII 315.083 (I=14); XeIII 315.097 (I=18),,,,,,,,,,,,,,,,,,,,,
XeII,315.975,4h,,76,21,5p4(3P2)7p 2[3]° 5/2,5p4(3P0)5d 2[2] 5/2,143,3.5,23,31.3,,147,3.2,23,33.0,,76,3.4,12,31.2,,83,3.8,20,33.8,,135,3.0,21,34.0,,76,3.4,12,32.1,,69,3.2,16,35.1,,75,3.7,18,33.7,,62,3.8,10,29.1,,43,5.0,10,32.2,,,,,,,,,,,,,,,,,,,,,,,
XeII,316.293,25,,81,22,5p4(3P2)4f 2[4]° 7/2,5p4(3P1)5d 2[3] 7/2,359,8.0,57,32.8,,385,8.7,52,31.3,,184,8.8,29,32.8,,186,8.9,44,32.9,,361,8.3,57,32.0,,176,8.3,28,33.7,,190,9.2,45,33.5,,196,9.2,47,32.2,,152,9.1,24,31.3,,88,11.5,21,32.2,,,,,,,,,,,,,,,,,,,,,,,
XeII,316.423,6,,74,20,5p4(3P2)4f 2[2]° 3/2,5p4(3P1)5d 2[1] 3/2,148,3.5,24,30.2,,140,3.2,17,31.9,,66,3.0,11,36.7,,65,3.2,16,36.0,,136,3.0,22,31.2,,72,3.5,11,34.7,,72,3.2,17,30.1,,74,3.4,18,30.9,,53,3.2,10,33.6,,41,5.2,10,30.2,,XeIII 316.447 (I=9*); XeIII 316.447 (I=9*),,,,,,,,,,,,,,,,,,,,,
XeII,316.527,6,,56,11,5p4(1D2)6p 2[1]° 1/2,5p4(3P0)6s 2[0] 1/2,129,3.2,21,37.0,,142,3.4,17,32.2,,73,3.8,12,31.0,,72,3.7,17,32.8,,146,3.6,23,33.3,,72,3.5,11,35.9,,73,3.7,17,31.3,,84,4.2,20,29.7,,60,3.6,10,37.4,,37,4.5,9,32.1,,BaI 316.560 (I=25),16.458,0.0535,16.49,0.0512,16.463,3.024e-16,7.413e-13,11.26,1 2 4 5 6 7 8 10 12 13 22 23 33 34,2.18e+06,34:4.0e+05 4:3.2e+05 23:2.9e+05,3.53e-07,18,0/18,,,,,,,
XeII,316.867,3h,,91,30,5p4(3P1)6d 2[1] 1/2,5p4(3P2)6p 2[1]° 1/2,21,0.4,3,21.0,,20,0.4,3,27.4,,13,0.6,2,19.9,,7,0.4,1,59.3,,28,0.6,3,21.2,,13,0.9,2,37.9,,13,0.8,2,51.2,,16,0.7,2,40.7,,7,0.6,1,40.7,,9,1.0,1,29.5,,,,,,,,,,,,,,,,,,,,,,,
XeII,317.459,1,,74,21,5p4(3P2)4f 2[2]° 3/2,5p4(3P0)5d 2[2] 5/2,1373,0.6,218,29.1,,1322,0.6,210,29.4,,14,0.6,2,5.3,,677,1.2,108,30.2,,1309,0.8,208,29.9,,652,0.9,155,30.1,,18,1.0,3,,,22,1.1,5,21.3,,11,1.1,2,78.4,,334,1.8,53,31.3,,,,,,,,,,,,,,,,,,,,,,,
XeII,317.564,80,,79,22,5p4(3P2)4f 2[5]° 9/2,5p4(3P1)5d 2[3] 7/2,1342,32.8,213,31.6,,1299,30.4,207,31.2,,670,31.8,128,31.7,,664,33.6,106,32.1,,1288,29.0,205,31.6,,637,30.2,152,32.6,,638,31.9,152,32.2,,669,30.5,159,31.4,,529,34.0,84,31.3,,333,37.5,53,31.4,,,,,,,,,,,,,,,,,,,,,,,
XeII,318.139,3h,,86,23,5p4(3P2)7p 2[2]° 3/2,5p4(1D2)6s 2[2] 5/2,109,2.7,17,33.1,,110,2.5,17,29.7,,64,3.6,15,33.3,,54,3.1,9,38.9,,106,2.8,17,37.0,,69,3.7,17,34.3,,72,3.7,11,28.3,,56,2.8,13,37.2,,49,3.6,8,37.0,,30,3.8,5,36.2,,,,,,,,,,,,,,,,,,,,,,,
XeII,318.435,10h,,,43,Ek=155463.41,5p4(1D2)5d 2[1] 3/2,13,0.4,2,60.3,,10,0.3,2,37.8,,11,0.6,2,17.6,,13,0.4,2,5.4,,8,0.2,1,4.7,,17,0.9,3,25.7,,9,0.4,1,24.2,,9,0.4,2,19.6,,12,0.9,2,20.3,,53,1.5,8,7.4,,XeIII 318.427 (I=11),,,,,,,,,,,,,,,,,,,,,
XeII,319.375,1h,,100,35,5p4(3P1)6d 2[1] 3/2,5p4(3P2)6p 2[1]° 3/2,12,0.4,2,62.8,,12,0.3,2,44.1,,14,1.0,3,36.2,,22,0.9,3,9.6,,16,0.5,3,57.1,,22,1.1,4,16.2,,5,0.4,1,118.4,,8,0.4,2,41.0,,9,0.7,2,88.8,,10,1.2,2,26.8,,,,,,,,,,,,,,,,,,,,,,,
XeII,319.485,0*,,,52,Ek=161354.8,5p4(1D2)6p 2[3]° 7/2,95,0.3,15,7.0,,36,0.2,6,4.1,,65,0.7,15,7.3,,22,0.9,3,9.6,,10,0.2,2,4.7,,10,0.8,2,37.3,,9,0.4,2,4.1,,5,0.2,1,30.1,,9,0.7,2,69.9,,64,1.0,15,7.5,,XeII 319.485 (I=0*),,,,,,,,,,,,,,,,,,,,,
XeII,319.485,0*,,,52,Ek=161354.15,5p4(1D2)6p 2[3]° 7/2,95,0.3,15,7.0,,36,0.2,6,4.1,,65,0.7,15,7.3,,22,0.9,3,9.6,,10,0.2,2,4.7,,10,0.8,2,37.3,,9,0.4,2,4.1,,5,0.2,1,30.1,,9,0.7,2,69.9,,64,1.0,15,7.5,,XeII 319.485 (I=0*),,,,,,,,,,,,,,,,,,,,,
XeII,319.622,25,,72,20,5p4(3P2)4f 2[3]° 5/2,5p4(3P1)5d 2[1] 3/2,113,2.8,18,36.3,,117,2.9,19,37.0,,67,3.9,16,33.6,,63,3.4,15,35.6,,127,3.2,20,33.1,,68,3.7,11,34.3,,57,3.0,14,36.2,,52,2.8,12,45.7,,58,4.1,14,36.7,,35,4.2,8,37.8,,XeIII 319.625 (I=15); XeIII 319.651 (I=14),,,,,,,,,,,,,,,,,,,,,
XeII,320.168,3h,,71,20,5p4(3P2)7p 2[2]° 5/2,5p4(3P1)5d 2[1] 3/2,892,21.6,142,36.9,,876,21.4,139,36.8,,463,24.2,74,36.2,,451,23.3,72,36.9,,897,22.6,143,36.8,,444,23.1,71,37.6,,446,23.9,106,36.4,,460,24.3,110,37.2,,362,24.0,86,37.8,,222,29.5,53,39.2,,XeII 320.204 (I=10),,,,,,,,,,,,,,,,,,,,,
XeII,320.204,10,,44,4,5p4(3P1)6p 2[1]° 3/2,5p4(3P2)6s 2[2] 5/2,892,21.6,142,36.9,,876,21.4,139,36.8,,463,24.2,74,36.2,,451,23.3,72,36.9,,897,22.6,143,36.8,,444,23.1,71,37.6,,446,23.9,106,36.4,,460,24.3,110,37.2,,362,24.0,86,37.8,,222,29.5,53,39.2,,XeII 320.168 (I=3h),15.41,0.0521,15.44,0.0488,15.415,7.621e-16,1.138e-12,10.54,1 2 4 5 6 7 8 10 12 13 22 23 33 34,6.59e+06,13:2.4e+06 33:1.5e+06 23:1.2e+06,2.12e-07,23,0/23,,,,,,,
XeII,320.672,1-^,,72,21,5p4(3P2)4f 2[3]° 5/2,5p4(3P0)5d 2[2] 5/2,10,0.4,2,87.5,,12,0.3,2,23.0,,121,0.7,23,7.4,,12,0.6,2,15.6,,12,0.3,2,3.9,,82,0.7,20,7.3,,51,0.4,8,7.7,,10,0.5,2,16.4,,8,0.8,2,63.0,,5,0.8,1,75.8,,,,,,,,,,,,,,,,,,,,,,,
XeII,321.159,1H,,,42,Ek=154382.83,5p4(3P1)6p 2[2]° 3/2,134,2.5,21,34.7,,136,3.0,22,31.6,,78,3.7,19,31.2,,72,3.2,17,32.2,,148,3.3,23,30.9,,69,3.4,13,33.1,,63,3.2,15,36.4,,65,3.3,10,36.2,,65,3.9,15,28.8,,39,4.5,9,42.6,,,,,,,,,,,,,,,,,,,,,,,
XeII,321.229,5h,,71,21,5p4(3P2)7p 2[2]° 5/2,5p4(3P0)5d 2[2] 5/2,135,3.0,21,34.7,,136,3.0,22,31.6,,78,3.7,19,31.2,,72,3.4,17,32.1,,148,3.3,23,30.9,,69,3.4,13,33.1,,63,3.2,15,36.4,,65,3.3,10,36.2,,65,3.9,15,28.8,,39,4.8,9,42.2,,,,,,,,,,,,,,,,,,,,,,,
XeII,322.508,15,,69,21,5p4(3P2)4f 2[3]° 7/2,5p4(3P0)5d 2[2] 5/2,439,10.1,70,32.2,,440,9.5,70,32.9,,225,11.0,54,33.2,,222,10.7,53,33.7,,450,10.1,72,33.3,,220,10.3,35,34.0,,234,10.3,37,31.2,,221,10.4,35,33.1,,181,10.4,43,33.4,,111,10.4,18,31.5,,,,,,,,,,,,,,,,,,,,,,,
XeII,323.323,1,,,41,Ek=154032.42,5p4(3P1)6p 2[2]° 5/2,29,0.9,5,52.9,,33,0.7,5,34.5,,29,1.4,5,47.0,,26,1.4,6,50.2,,51,1.4,8,42.8,,27,1.4,4,36.5,,31,1.2,5,16.2,,25,1.3,4,61.9,,21,1.4,5,33.2,,15,1.4,2,31.7,,,,,,,,,,,,,,,,,,,,,,,
XeII,324.774,6Hl,,98,35,5p4(3P2)8s 2[2] 3/2,5p4(3P2)6p 2[1]° 3/2,1063,21.8,169,34.2,,1039,20.7,165,34.0,,874,37.2,139,32.8,,603,23.8,144,34.5,,1230,25.0,195,33.4,,599,23.2,95,33.9,,579,24.4,92,34.3,,587,22.7,140,33.9,,437,22.6,104,34.1,,281,26.2,67,35.0,,,,,,,,,,,,,,,,,,,,,,,
XeII,324.883,1-^,,84,23,5p4(3P2)4f 2[1]° 3/2,5p4(1D2)6s 2[2] 5/2,16,0.3,3,,,10,0.2,2,,,155,0.9,25,226.4,,10,0.4,2,,,26,0.6,4,,,23,0.6,4,9.5,,17,0.7,3,26.8,,38,0.4,6,7.9,,12,0.9,3,69.5,,6,0.8,1,70.7,,XeIII 324.862 (I=7),,,,,,,,,,,,,,,,,,,,,
XeII,324.935,1-^,,53,11,5p4(1D2)6p 2[2]° 3/2,5p4(3P0)6s 2[0] 1/2,2254,2.6,358,31.2,,2189,2.7,261,30.8,,1109,3.7,176,31.4,,1122,3.1,178,31.3,,2180,2.9,347,31.5,,1110,3.5,176,30.9,,1093,3.9,174,31.4,,1110,3.2,177,31.0,,902,3.6,143,31.6,,572,3.4,136,30.9,,,16.356,0.04,28.57,0.0243,16.368,1.676e-16,4.457e-13,11.38,1 2 4 5 6 7 8 10 12 13 22 23 33 34,7.74e+06,23:2.7e+06 34:2.6e+06 33:1.8e+06,1.11e-07,27,1/27,8.50e+07,7.7e+14,,,,,
XeII,325.004,2h,,72,22,5p4(3P2)4f 2[3]° 5/2,5p4(3P1)5d 2[3] 7/2,2237,44.4,356,31.8,,2168,41.6,259,31.6,,1099,43.2,175,32.0,,1114,43.7,177,31.9,,2162,41.5,344,32.1,,1099,43.0,175,31.6,,1084,42.6,172,32.0,,1104,42.7,175,31.5,,895,45.4,142,32.2,,569,51.2,136,31.3,,,,,,,,,,,,,,,,,,,,,,,
XeII,325.056,25,,40,3,5p4(3P0)6p 2[1]° 3/2,5s5p6 2S 1/2,2237,44.4,356,31.8,,2168,41.6,259,31.6,,1099,43.2,175,32.0,,1114,43.7,177,31.9,,2162,41.5,344,32.1,,1099,43.0,175,31.6,,1084,42.6,172,32.0,,1104,42.7,175,31.5,,895,45.4,142,32.2,,569,51.2,136,31.3,,,15.08,0.0654,15.22,0.0625,15.089,9.965e-16,1.165e-12,10.19,1 2 4 5 6 7 8 10 12 13 22 23 33 34,8.43e+06,23:3.8e+06 13:2.7e+06 22:6.1e+05,2.53e-07,22,0/22,,,,,,,
XeII,325.936,12,,54,12,5p4(1D2)6p 2[2]° 5/2,5p4(3P2)5d 2[4] 7/2,377,7.2,60,27.9,,350,6.6,42,29.5,,184,7.1,29,29.7,,183,7.2,25,31.1,,374,7.2,45,28.0,,191,7.4,30,28.7,,186,7.3,30,27.5,,188,7.1,30,28.5,,156,7.8,30,27.3,,89,7.2,14,31.4,,,16.392,0.047,16.41,0.039,16.395,2.757e-16,6.871e-13,11.28,1 2 4 5 6 7 8 10 12 13 22 23 33 34,1.18e+07,23:6.4e+06 33:3.3e+06 34:1.5e+06,1.89e-07,24,1/24,1.00e+08,5.3e+14,,,,,
XeII,326.073,2,,52,10,5p4(1D2)6p 2[3]° 7/2,5p4(3P2)5d 2[4] 9/2,378,1.2,60,27.9,,351,1.0,42,29.3,,30,1.4,5,35.1,,183,1.3,29,31.2,,58,1.1,9,28.9,,28,1.0,7,34.8,,187,0.9,30,27.3,,33,1.2,6,30.5,,156,1.3,37,27.3,,16,1.3,3,35.0,,,16.126,0.0844,16.29,0.0766,16.136,7.219e-16,1.639e-12,11.15,1 2 4 5 6 7 8 10 12 13 22 23 33 34,3.87e+07,33:1.9e+07 23:1.3e+07 34:6.5e+06,8.18e-07,16,1/16,6.30e+07,7.7e+13,,,,,
XeII,326.202,4h,,83,23,5p4(3P2)4f 2[2]° 5/2,5p4(1D2)6s 2[2] 5/2,97,1.7,15,29.1,,104,1.7,12,27.1,,46,1.8,7,32.0,,58,2.1,9,22.7,,98,1.8,16,26.9,,49,1.8,8,24.4,,49,1.9,12,29.4,,46,1.6,7,30.2,,39,1.8,9,32.0,,31,2.3,5,24.7,,BaI 326.232 (I=2),,,,,,,,,,,,,,,,,,,,,
XeII,326.403,0,,89,29,5p4(3P0)6d 2[2] 3/2,5p4(3P2)6p 2[3]° 5/2,11,0.2,1,4.9,,4,0.1,0,4.0,,10,0.2,2,2.7,,6,0.2,1,18.2,,35,0.2,4,7.7,,2,0.2,0,0.1,,51,0.3,8,7.3,,15,0.5,2,5.5,,28,0.3,4,7.6,,9,0.7,1,5.6,,,,,,,,,,,,,,,,,,,,,,,
XeII,326.734,3h,,107,36,5p4(3P1)4f 2[3]° 7/2,5p4(1D2)5d 2[3] 5/2,118,2.1,11,29.3,,108,1.9,13,32.4,,64,2.3,10,29.6,,51,1.8,6,36.0,,123,2.1,13,29.7,,65,2.3,8,26.8,,63,2.3,10,28.0,,68,2.2,11,24.3,,40,2.0,6,33.5,,18,1.7,3,54.8,,XeIII 326.705 (I=20),,,,,,,,,,,,,,,,,,,,,
XeII,326.808,1h^,,87,25,5p4(3P1)7s 2[1] 3/2,5p4(3P2)6p 2[2]° 3/2,118,2.1,11,29.3,,108,1.9,13,32.4,,64,2.3,10,29.6,,51,1.8,6,36.0,,123,2.1,13,29.7,,65,2.3,8,26.8,,63,2.3,10,28.0,,68,2.2,11,24.3,,40,2.0,6,33.5,,18,1.7,3,54.8,,,,,,,,,,,,,,,,,,,,,,,
XeII,327.291,60,,68,22,5p4(3P2)4f 2[4]° 9/2,5p4(3P1)5d 2[3] 7/2,1566,30.5,149,29.3,,1556,30.7,212,29.0,,791,33.6,126,29.9,,792,31.2,94,28.3,,1609,31.7,192,29.3,,824,35.2,98,28.9,,797,31.2,127,29.6,,816,34.8,130,28.2,,620,31.5,74,29.9,,404,34.7,64,29.3,,,,,,,,,,,,,,,,,,,,,,,
XeII,327.48,2H^,,96,35,5p4(3P2)8s 2[2] 5/2,5p4(3P2)6p 2[1]° 3/2,602,10.8,57,29.9,,604,11.3,72,30.0,,369,14.7,59,31.4,,369,15.1,50,30.0,,702,13.5,84,29.8,,337,13.5,40,29.5,,334,12.5,53,29.2,,342,14.1,54,29.2,,255,12.7,35,31.2,,170,13.2,27,30.8,,,,,,,,,,,,,,,,,,,,,,,
XeII,328.126,12h*,,89,30,5p4(3P0)6d 2[2] 3/2,5p4(3P2)6p 2[1]° 1/2,697,14.4,83,30.8,,598,11.8,95,30.6,,326,14.2,52,29.6,,334,14.4,53,29.3,,605,12.6,82,30.9,,287,12.4,46,31.5,,286,12.4,45,32.4,,294,12.6,47,29.2,,221,11.5,35,30.1,,132,11.3,32,32.8,,XeII 328.126 (I=12h*); BaI 328.149 (I=3),,,,,,,,,,,,,,,,,,,,,
XeII,328.126,12h*,,81,23,5p4(3P2)4f 2[4]° 7/2,5p4(1D2)6s 2[2] 5/2,697,14.4,83,30.8,,598,11.8,95,30.6,,326,14.2,52,29.6,,334,14.4,53,29.3,,605,12.6,82,30.9,,287,12.4,46,31.5,,286,12.4,45,32.4,,294,12.6,47,29.2,,221,11.5,35,30.1,,132,11.3,32,32.8,,XeII 328.126 (I=12h*); BaI 328.149 (I=3),,,,,,,,,,,,,,,,,,,,,
XeII,329.62,1h,,,42,Ek=153584.09,5p4(3P1)6p 2[2]° 3/2,42,0.8,7,47.5,,45,0.8,7,35.7,,34,1.4,8,38.5,,31,1.3,7,41.4,,42,0.8,7,38.7,,23,0.8,5,37.6,,25,1.0,6,41.9,,29,1.0,7,32.1,,19,1.1,4,40.7,,9,1.2,2,48.3,,XeIII 329.594 (I=14),,,,,,,,,,,,,,,,,,,,,
XeII,329.872,6,,39,3,5p4(3P1)6p 2[0]° 1/2,5s5p6 2S 1/2,246,4.7,39,30.1,,230,4.5,37,30.9,,112,4.8,18,30.6,,111,4.8,18,31.6,,227,4.6,36,29.6,,108,4.6,26,31.3,,105,4.4,25,34.0,,113,4.5,27,29.8,,90,4.4,14,32.0,,60,5.5,14,29.3,,,15.024,0.0578,15.09,0.0477,15.034,1.053e-15,1.186e-12,10.14,1 2 4 5 6 7 8 10 12 13 22 23 33 34,1.07e+07,13:7.0e+06 33:9.3e+05 22:9.2e+05,6.55e-07,14,1/14,7.40e+07,1.1e+14,,,,,
XeII,331.085,1h,,106,36,5p4(3P1)4f 2[4]° 7/2,5p4(1D2)5d 2[3] 5/2,17,0.3,2,5.2,,16,0.3,3,59.1,,7,0.3,2,25.5,,16,0.4,2,51.9,,34,0.3,5,33.4,,26,0.8,4,23.6,,17,0.5,3,23.9,,59,0.4,9,7.3,,12,0.6,3,,,13,1.0,3,39.5,,,,,,,,,,,,,,,,,,,,,,,
XeII,331.18,2,,42,4,5p4(3P1)6p 2[2]° 3/2,5p4(3P2)6s 2[2] 5/2,134,2.5,16,33.0,,128,2.2,20,29.0,,94,3.5,15,22.4,,67,2.8,11,35.2,,132,2.4,21,31.6,,71,2.5,11,30.4,,65,2.6,10,31.1,,77,2.8,12,25.7,,56,2.7,13,37.6,,43,3.3,10,30.6,,,15.282,0.2008,15.31,0.0876,15.293,1.654e-15,2.302e-12,10.44,1 2 4 5 6 7 8 10 12 13 22 23 33 34,1.33e+07,22:5.8e+06 23:2.6e+06 13:2.6e+06,8.08e-07,22,1/22,2.20e+07,2.7e+13,,,,,
XeII,331.348,2h,,77,23,5p4(3P2)7p 2[3]° 7/2,5p4(1D2)6s 2[2] 5/2,119,2.1,19,33.7,,116,2.1,18,29.7,,74,3.0,12,32.9,,65,2.5,10,30.9,,133,2.5,21,30.1,,75,2.9,12,24.3,,69,2.5,11,27.7,,68,2.4,11,26.8,,52,2.5,10,35.4,,37,3.3,9,33.3,,,,,,,,,,,,,,,,,,,,,,,
XeII,331.639,6h,,95,35,5p4(3P1)6d 2[3] 5/2,5p4(3P2)6p 2[1]° 3/2,125,2.2,17,31.4,,117,2.1,19,29.8,,63,2.5,10,29.4,,62,2.4,10,29.0,,106,1.8,17,33.2,,45,1.8,7,41.8,,56,2.1,9,31.4,,58,1.9,14,31.5,,47,2.1,8,35.8,,41,3.5,10,29.5,,,,,,,,,,,,,,,,,,,,,,,
XeII,332.057,1h,,105,36,5p4(1S0)6p 2[1]° 3/2,5p4(1D2)5d 2[3] 5/2,23,0.5,4,48.2,,34,0.6,5,26.7,,18,0.9,3,54.2,,29,1.1,5,30.3,,32,0.5,5,54.2,,14,0.8,2,92.1,,20,0.8,3,50.8,,14,0.6,2,77.6,,24,1.2,4,25.1,,9,0.8,2,72.8,,,18.497,0.0168,18.56,0.0167,18.504,1.748e-17,1.329e-13,12.89,1 2 4 5 6 7 8 10 12 13 22 23 33 34,4.99e+06,34:2.0e+06 33:1.5e+06 23:9.2e+05,6.89e-08,50,0/50,,,,,,,
XeII,332.746,15,,41,4,5p4(3P1)6p 2[2]° 5/2,5p4(3P2)6s 2[2] 5/2,1150,20.5,183,29.2,,1123,19.5,268,28.8,,598,21.6,143,29.5,,582,21.1,93,28.5,,1161,21.0,185,29.2,,564,20.4,134,29.4,,589,22.9,94,29.6,,576,20.9,137,29.8,,460,20.9,110,29.9,,292,24.8,70,31.6,,,15.264,0.0478,15.31,0.0437,15.266,6.602e-16,9.071e-13,10.42,1 2 4 5 6 7 8 10 12 13 22 23 33 34,3.03e+07,13:1.7e+07 22:1.0e+07 23:1.6e+06,5.19e-07,21,1/21,6.10e+06,1.2e+13,,,,,
XeII,333.88,4h,,56,13,5p4(1D2)6p 2[1]° 1/2,5p4(3P1)6s 2[1] 3/2,242,4.2,38,29.3,,225,3.8,54,31.2,,121,4.5,29,30.2,,127,4.5,20,31.6,,257,4.7,41,29.7,,132,4.7,31,27.7,,131,4.6,21,27.9,,119,4.1,28,30.7,,94,4.5,15,33.2,,67,5.7,16,32.2,,XeIII 333.899 (I=15a),16.458,0.0535,16.49,0.0512,16.463,3.024e-16,7.413e-13,11.26,1 2 4 5 6 7 8 10 12 13 22 23 33 34,2.18e+06,34:4.0e+05 4:3.2e+05 23:2.9e+05,3.53e-07,18,0/18,,,,,,,
XeII,333.949,3,,74,23,5p4(3P2)4f 2[2]° 3/2,5p4(1D2)6s 2[2] 5/2,242,4.2,38,29.3,,225,3.8,54,31.2,,121,4.5,29,30.2,,127,4.5,20,31.6,,257,4.7,41,29.7,,132,4.7,31,27.7,,131,4.6,21,27.9,,119,4.1,28,30.7,,94,4.5,15,33.2,,67,5.7,16,32.2,,XeIII 333.950 (I=12bl),,,,,,,,,,,,,,,,,,,,,
XeII,334.727,3H,,104,36,5p4(3P1)4f 2[2]° 5/2,5p4(1D2)5d 2[3] 5/2,55,0.9,9,29.9,,43,0.7,7,33.1,,31,1.0,5,27.0,,23,0.9,4,32.4,,45,0.8,7,29.3,,23,0.9,5,26.6,,18,0.8,3,69.7,,28,0.9,7,16.2,,16,0.9,2,43.5,,12,1.0,3,39.3,,,,,,,,,,,,,,,,,,,,,,,
XeII,335.344,1h^,,,46,Ek=154382.83,5p4(3P1)6p 2[1]° 1/2,55,0.2,9,7.8,,23,0.1,4,8.4,,12,0.4,3,2.7,,59,0.4,9,7.0,,6,0.1,1,3.9,,70,0.4,17,7.0,,10,0.3,2,39.4,,9,0.4,2,41.7,,44,0.5,7,7.9,,7,0.4,2,13.7,,XeIII 335.354 (I=4),,,,,,,,,,,,,,,,,,,,,
XeII,336.672,300h,,,48,Ek=157221.03,5p4(1D2)5d 2[2] 3/2,558,6.7,89,33.5,,568,6.7,90,31.9,,295,8.5,47,31.9,,301,8.4,48,32.8,,583,7.7,79,32.8,,291,7.6,46,33.3,,296,7.9,47,32.9,,296,8.1,47,33.3,,260,8.5,41,31.1,,154,10.2,37,33.7,,,,,,,,,,,,,,,,,,,,,,,
XeII,337.392,2h,,73,23,5p4(3P2)7p 2[1]° 3/2,5p4(1D2)6s 2[2] 5/2,81,0.9,10,33.2,,87,0.7,14,23.9,,43,1.0,7,34.1,,44,1.3,6,36.8,,82,1.0,10,33.1,,36,1.1,5,33.6,,56,0.7,9,21.8,,37,0.9,4,31.4,,35,1.0,6,34.2,,30,0.6,5,21.9,,,,,,,,,,,,,,,,,,,,,,,
XeII,337.516,3h,,72,23,5p4(3P2)4f 2[3]° 5/2,5p4(1D2)6s 2[2] 5/2,81,1.4,10,33.3,,87,1.5,14,23.9,,42,1.5,7,34.6,,44,1.7,6,37.2,,82,1.4,10,33.1,,40,1.4,5,34.6,,56,2.0,9,21.8,,40,1.4,5,23.2,,35,1.6,6,34.5,,30,1.9,5,21.9,,,,,,,,,,,,,,,,,,,,,,,
XeII,338.134,1h^,,71,23,5p4(3P2)7p 2[2]° 5/2,5p4(1D2)6s 2[2] 5/2,72,1.2,9,30.4,,83,1.5,10,37.7,,75,2.9,10,31.3,,68,2.5,11,33.5,,121,2.3,13,36.2,,53,1.9,8,37.1,,55,2.1,9,39.1,,63,2.3,10,34.1,,44,2.3,7,37.8,,30,2.1,5,26.0,,XeIII 338.164 (I=4),,,,,,,,,,,,,,,,,,,,,
XeII,338.413,40h,,37,3,5p4(3P0)6p 2[1]° 1/2,5s5p6 2S 1/2,1513,21.7,206,30.8,,1473,21.3,176,30.9,,784,25.7,125,29.7,,751,23.4,119,30.9,,1543,24.0,184,30.2,,750,24.1,119,30.8,,779,23.4,124,30.1,,776,26.5,123,30.0,,623,26.2,99,30.4,,384,26.5,73,30.7,,XeI 338.436 (I=1); XeIII 338.392 (I=10*); XeIII 338.392 (I=10*); XeIII 338.410 (I=12bl),14.93,0.0871,15.29,0.0834,14.939,1.749e-15,1.900e-12,10.09,1 2 4 5 6 7 8 10 12 13 22 23 33 34,4.38e+06,33:1.2e+06 34:1.0e+06 23:9.1e+05,4.00e-07,14,0/14,,,,,,,
XeII,338.63,2h,,94,35,5p4(3P1)6d 2[2] 5/2,5p4(3P2)6p 2[1]° 3/2,42,0.7,6,35.3,,48,0.8,6,26.6,,24,1.0,3,40.8,,18,0.7,3,37.9,,39,0.7,5,34.2,,20,0.8,3,45.5,,29,1.1,5,26.2,,23,0.8,4,33.1,,19,1.0,3,40.6,,18,1.5,4,17.9,,XeIII 338.623 (I=4),,,,,,,,,,,,,,,,,,,,,
XeII,338.805,2,,46,5,5p4(3P1)6p 2[1]° 1/2,5p4(3P2)6s 2[2] 3/2,75,1.2,9,29.6,,69,1.1,8,27.2,,41,1.5,6,33.3,,37,1.4,6,31.2,,74,1.4,9,32.6,,37,1.5,6,32.0,,35,1.3,6,40.4,,34,1.1,5,31.6,,29,1.4,5,28.5,,28,2.2,4,33.2,,,15.445,0.0329,15.71,0.0242,15.456,3.913e-16,5.967e-13,10.57,1 2 4 5 6 7 8 10 12 13 22 23 33 34,3.41e+06,33:7.5e+05 23:7.0e+05 34:7.0e+05,1.24e-07,15,0/15,,,,,,,
XeII,339.55,3,,69,23,5p4(3P2)4f 2[3]° 7/2,5p4(1D2)6s 2[2] 5/2,87,1.6,12,33.6,,70,1.3,11,36.3,,34,1.2,5,37.3,,33,1.4,8,42.3,,75,1.4,12,31.4,,35,1.6,7,39.9,,44,1.6,7,34.3,,36,1.5,6,34.9,,33,1.7,5,35.4,,18,1.5,4,27.2,,XeIII 339.553 (I=2bl),,,,,,,,,,,,,,,,,,,,,
XeII,339.937,1,,54,13,5p4(1D2)6p 2[2]° 5/2,5p4(3P1)6s 2[1] 3/2,21,0.4,3,28.8,,15,0.3,2,41.8,,16,0.6,3,25.3,,17,0.5,4,12.4,,18,0.3,3,43.8,,91,0.5,22,7.2,,20,0.8,3,18.5,,21,0.5,3,4.8,,28,1.3,4,15.7,,61,0.7,15,7.0,,,16.392,0.047,16.41,0.039,16.395,2.757e-16,6.871e-13,11.28,1 2 4 5 6 7 8 10 12 13 22 23 33 34,1.18e+07,23:6.4e+06 33:3.3e+06 34:1.5e+06,1.89e-07,24,1/24,1.00e+08,5.3e+14,,,,,
XeII,341.258,1H-,,,44,Ek=153584.09,5p4(3P1)6p 2[1]° 3/2,18,0.4,3,70.3,,18,0.3,2,79.1,,19,0.8,3,137.9,,15,0.7,2,79.4,,24,0.4,2,,,16,0.7,3,100.7,,16,0.6,2,,,22,0.8,3,19.4,,12,0.8,2,45.7,,27,0.8,4,8.3,,,,,,,,,,,,,,,,,,,,,,,
XeII,341.32,6H,,102,36,5p4(3P1)4f 2[2]° 3/2,5p4(1D2)5d 2[3] 5/2,81,1.5,13,40.0,,78,1.4,11,36.9,,36,1.3,6,56.6,,41,1.8,7,35.7,,82,1.7,8,42.8,,49,2.1,9,38.0,,48,2.1,6,38.6,,45,1.7,7,45.2,,41,2.4,7,37.5,,22,1.7,3,52.6,,,,,,,,,,,,,,,,,,,,,,,
XeII,341.704,1-,,88,30,5p4(3P1)7s 2[1] 1/2,5p4(3P2)6p 2[1]° 1/2,19,0.2,3,10.5,,40,0.2,5,8.4,,11,0.4,2,14.6,,11,0.4,2,4.9,,11,0.2,1,31.9,,10,0.4,2,,,10,0.4,1,3.9,,48,0.3,8,7.4,,11,0.5,2,40.0,,88,1.5,14,7.2,,,,,,,,,,,,,,,,,,,,,,,
XeII,342.073,40,,44,5,5p4(3P1)6p 2[1]° 3/2,5p4(3P2)6s 2[2] 3/2,2330,42.3,370,30.1,,2302,43.1,314,29.7,,1196,46.8,190,29.6,,1180,45.9,188,30.4,,2370,44.5,283,29.7,,1165,45.5,222,29.8,,1155,45.2,184,30.2,,1166,45.5,185,30.2,,928,47.1,148,30.9,,590,50.0,141,30.2,,BaI 342.100 (I=1),15.41,0.0521,15.44,0.0488,15.415,7.621e-16,1.138e-12,10.54,1 2 4 5 6 7 8 10 12 13 22 23 33 34,6.59e+06,13:2.4e+06 33:1.5e+06 23:1.2e+06,2.12e-07,23,0/23,,,,,,,
XeII,343.249,1,,53,13,5p4(1D2)6p 2[2]° 3/2,5p4(3P1)6s 2[1] 3/2,25,0.4,4,21.8,,17,0.3,3,28.8,,11,0.5,2,77.2,,5,0.2,1,1.6,,24,0.4,4,21.4,,15,0.6,2,35.3,,13,0.5,3,20.6,,10,0.4,3,38.6,,8,0.4,1,32.5,,10,0.8,2,4.2,,,16.356,0.04,28.57,0.0243,16.368,1.676e-16,4.457e-13,11.38,1 2 4 5 6 7 8 10 12 13 22 23 33 34,7.74e+06,23:2.7e+06 34:2.6e+06 33:1.8e+06,1.11e-07,27,1/27,8.50e+07,7.7e+14,,,,,
XeII,343.648,1-,,85,25,5p4(3P0)7s 2[0] 1/2,5p4(3P2)6p 2[2]° 3/2,15,0.2,2,5.5,,69,0.2,11,7.2,,7,0.3,2,53.1,,25,0.4,6,8.7,,8,0.2,1,46.3,,13,0.4,2,13.9,,18,0.3,4,9.4,,18,0.7,3,5.0,,9,0.4,1,4.3,,4,0.3,1,3.7,,,,,,,,,,,,,,,,,,,,,,,
XeII,344.634,25h,,84,24,5p4(3P2)4f 2[1]° 3/2,5p4(3P1)5d 2[2] 3/2,458,8.2,73,31.4,,461,7.9,73,30.7,,252,9.0,40,32.4,,268,9.7,64,31.7,,495,8.8,79,31.2,,254,8.9,40,30.7,,259,10.0,41,31.7,,257,10.1,41,31.9,,193,8.9,37,34.0,,137,10.3,33,30.1,,,,,,,,,,,,,,,,,,,,,,,
XeII,346.008,8,,44,6,5p4(3P1)6p 2[1]° 3/2,5p4(3P2)5d 2[2] 5/2,392,6.7,62,30.4,,369,6.3,44,31.1,,192,6.7,23,30.6,,206,7.2,33,29.7,,393,6.6,54,29.2,,190,6.5,30,31.4,,217,7.7,35,29.1,,200,7.2,32,28.2,,139,6.7,22,32.9,,109,8.3,17,28.3,,,15.41,0.0521,15.44,0.0488,15.415,7.621e-16,1.138e-12,10.54,1 2 4 5 6 7 8 10 12 13 22 23 33 34,6.59e+06,13:2.4e+06 33:1.5e+06 23:1.2e+06,2.12e-07,23,0/23,,,,,,,
XeII,346.126,100h,,83,24,5p4(3P2)4f 2[2]° 5/2,5p4(3P1)5d 2[2] 3/2,999,19.8,159,32.9,,993,19.5,118,33.3,,483,20.2,77,36.8,,486,20.8,77,38.3,,984,20.2,156,36.2,,507,20.6,81,34.1,,507,20.6,81,34.5,,471,20.2,75,37.0,,385,21.1,61,36.3,,254,23.0,61,33.0,,,,,,,,,,,,,,,,,,,,,,,
XeII,346.281,1-,,87,29,5p4(3P1)7s 2[1] 3/2,5p4(3P2)6p 2[3]° 5/2,1000,6.3,159,32.8,,993,6.2,118,33.3,,484,6.6,77,36.6,,486,6.8,77,38.4,,985,6.7,157,36.2,,507,6.0,81,34.2,,508,6.4,81,34.4,,472,6.5,75,36.9,,384,7.1,61,36.5,,254,7.0,61,32.9,,,,,,,,,,,,,,,,,,,,,,,
XeII,346.417,1h,,82,24,5p4(3P2)4f 2[1]° 1/2,5p4(3P1)5d 2[2] 3/2,46,0.8,7,29.0,,41,0.7,5,29.0,,24,0.8,4,30.9,,19,0.8,3,34.6,,38,0.7,6,42.1,,28,1.1,4,22.2,,30,1.0,5,34.8,,32,1.2,5,19.2,,15,0.9,2,35.6,,14,0.8,2,19.4,,,,,,,,,,,,,,,,,,,,,,,
XeII,346.768,1-,,107,38,5p4(3P1)4f 2[3]° 7/2,5p4(1D2)5d 2[3] 7/2,38,0.7,6,35.9,,39,0.7,5,29.0,,17,0.8,3,63.9,,14,0.6,2,39.7,,32,0.7,4,41.4,,62,0.8,10,7.0,,18,0.5,3,29.4,,15,0.6,2,54.1,,11,1.1,2,203.5,,120,0.8,23,7.2,,,,,,,,,,,,,,,,,,,,,,,
XeII,347.423,20h,,,48,Ek=156302.13,5p4(1D2)5d 2[2] 3/2,97,1.8,15,42.8,,104,2.1,16,36.7,,58,2.4,14,41.6,,65,2.5,12,32.8,,107,2.2,17,37.1,,65,2.8,16,32.8,,60,2.8,11,33.4,,51,2.0,12,39.8,,47,3.0,7,44.7,,44,4.1,10,26.1,,,,,,,,,,,,,,,,,,,,,,,
XeII,348.221,2h,,,48,Ek=156235.8,5p4(1D2)5d 2[2] 3/2,23,0.6,4,49.8,,25,0.5,4,30.5,,16,0.6,4,5.3,,12,0.6,2,53.5,,31,0.6,5,36.5,,16,0.8,4,59.2,,163,0.9,26,6.9,,28,1.1,4,16.6,,24,0.9,6,9.7,,12,1.2,2,,,,,,,,,,,,,,,,,,,,,,,,
XeII,348.523,1h,,80,24,5p4(3P2)7p 2[1]° 1/2,5p4(3P1)5d 2[2] 3/2,32,0.5,6,20.6,,29,0.6,3,38.9,,8,0.5,2,92.9,,19,0.8,4,17.6,,23,0.5,4,60.0,,9,0.3,2,16.9,,11,0.5,2,46.9,,17,0.7,3,33.2,,64,0.9,15,6.6,,5,0.8,1,71.4,,,,,,,,,,,,,,,,,,,,,,,
XeII,350.036,30,,40,4,5p4(3P0)6p 2[1]° 3/2,5p4(3P2)6s 2[2] 5/2,1304,24.3,155,29.7,,1241,22.9,148,30.1,,643,22.8,102,29.9,,646,23.3,103,30.2,,1265,22.8,151,29.7,,640,25.2,76,30.3,,658,25.8,105,29.3,,643,22.4,102,30.2,,507,23.6,81,30.3,,308,24.3,49,30.7,,,15.08,0.0654,15.22,0.0625,15.089,9.965e-16,1.165e-12,10.19,1 2 4 5 6 7 8 10 12 13 22 23 33 34,8.43e+06,23:3.8e+06 13:2.7e+06 22:6.1e+05,2.53e-07,22,0/22,,,,,,,
XeII,350.315,15,,46,8,5p4(3P1)6p 2[1]° 1/2,5p4(3P2)5d 2[2] 3/2,381,7.0,45,30.5,,369,6.8,44,29.8,,208,8.2,25,29.7,,193,7.5,31,29.8,,409,7.9,65,28.3,,199,7.7,24,30.1,,205,7.8,33,27.8,,207,7.9,33,27.6,,159,8.1,25,30.2,,99,8.7,16,30.6,,,15.445,0.0329,15.71,0.0242,15.456,3.913e-16,5.967e-13,10.57,1 2 4 5 6 7 8 10 12 13 22 23 33 34,3.41e+06,33:7.5e+05 23:7.0e+05 34:7.0e+05,1.24e-07,15,0/15,,,,,,,
XeII,350.425,1,,52,12,5p4(1D2)6p 2[3]° 7/2,5p4(3P2)5d 2[4] 7/2,381,7.0,45,30.5,,369,6.8,44,29.8,,208,8.2,25,29.7,,193,7.5,31,29.8,,409,7.9,65,28.3,,199,7.7,24,30.1,,205,7.8,33,27.8,,207,7.9,33,27.6,,159,8.1,25,30.2,,99,8.7,16,30.6,,,16.126,0.0844,16.29,0.0766,16.136,7.219e-16,1.639e-12,11.15,1 2 4 5 6 7 8 10 12 13 22 23 33 34,3.87e+07,33:1.9e+07 23:1.3e+07 34:6.5e+06,8.18e-07,16,1/16,6.30e+07,7.7e+13,,,,,
XeII,350.656,15,,51,11,5p4(1D2)6p 2[1]° 3/2,5p4(3P0)6s 2[0] 1/2,327,6.1,39,32.7,,359,6.6,43,29.5,,182,7.2,22,31.2,,166,6.0,26,30.6,,345,6.5,41,31.0,,172,6.8,20,34.0,,170,6.5,27,33.4,,176,6.2,28,30.4,,137,6.5,22,31.2,,89,7.5,14,32.3,,XeI 350.674 (I=5),16.077,0.1677,29.93,0.0721,16.082,7.579e-16,1.815e-12,11.23,1 2 4 5 6 7 8 10 12 13 22 23 33 34,8.14e+06,23:5.5e+06 33:1.2e+06 34:7.2e+05,4.19e-07,27,0/27,,,,,,,
XeII,350.888,20,,56,14,5p4(1D2)6p 2[1]° 1/2,5p4(3P1)5d 2[1] 1/2,357,6.1,43,29.2,,341,5.8,41,31.7,,194,6.6,23,29.3,,181,5.7,29,30.2,,359,6.0,43,30.6,,184,6.3,22,31.0,,175,6.3,28,31.9,,181,6.1,29,29.2,,150,6.0,24,29.6,,98,6.7,23,28.8,,,16.458,0.0535,16.49,0.0512,16.463,3.024e-16,7.413e-13,11.26,1 2 4 5 6 7 8 10 12 13 22 23 33 34,2.18e+06,34:4.0e+05 4:3.2e+05 23:2.9e+05,3.53e-07,18,0/18,,,,,,,
XeII,350.978,,,99,36,5p4(3P0)4f 2[3]° 7/2,5p4(1D2)5d 2[3] 5/2,357,6.1,43,29.2,,341,5.8,41,31.7,,194,6.6,23,29.3,,181,5.7,29,30.2,,359,6.0,43,30.6,,184,6.3,22,31.0,,175,6.3,28,31.9,,181,6.1,29,29.2,,150,6.0,24,29.6,,98,6.7,23,28.8,,XeIII 350.977 (I=13bl),,,,,,,,,,,,,,,,,,,,,
XeII,351.357,1,,,47,Ek=155463.41,5p4(1D2)5d 2[1] 1/2,11,0.3,1,180.1,,19,0.4,2,94.0,,66,0.6,10,7.1,,14,0.5,2,,,24,0.4,4,,,12,0.6,1,95.9,,216046,0.7,51520,3374.8,,14,0.5,2,38.1,,727,0.6,116,6092.2,,13,0.9,3,30.4,,,,,,,,,,,,,,,,,,,,,,,
XeII,351.671,2,,106,38,5p4(3P1)4f 2[4]° 7/2,5p4(1D2)5d 2[3] 7/2,17,0.3,2,24.2,,22,0.4,3,58.8,,75,0.4,12,7.2,,9,0.3,1,66.6,,86,0.2,10,7.5,,15,0.5,2,2.6,,15,0.5,2,25.5,,20,0.4,3,24.8,,12,0.5,3,48.4,,6,0.4,1,31.3,,,,,,,,,,,,,,,,,,,,,,,
XeII,352.153,2,,,41,Ek=151500.96,5p4(3P1)6p 2[2]° 5/2,20,0.3,3,21.5,,24,0.3,3,24.7,,9,0.4,1,47.6,,55,0.4,9,7.9,,14,0.3,2,80.8,,18,0.6,3,26.3,,12,0.4,3,21.2,,87,0.6,14,7.2,,12,0.6,3,41.2,,6,0.6,1,52.1,,,,,,,,,,,,,,,,,,,,,,,
XeII,353.021,3H,,76,24,5p4(3P2)7p 2[3]° 5/2,5p4(3P1)5d 2[2] 3/2,163,2.7,26,33.0,,165,2.9,26,30.2,,94,3.4,15,33.9,,92,3.3,15,30.1,,179,3.0,24,28.0,,76,2.6,12,37.2,,84,3.4,20,34.1,,86,3.5,14,33.4,,79,3.7,19,27.5,,46,4.3,9,34.6,,,,,,,,,,,,,,,,,,,,,,,
XeII,353.461,1h^,,86,27,5p4(3P2)7p 2[2]° 3/2,5p4(3P1)5d 2[2] 5/2,27,0.4,4,18.5,,21,0.4,3,16.1,,77,0.4,12,7.0,,13,0.4,2,30.0,,28,0.5,3,31.3,,65,0.5,10,7.2,,12,0.6,3,31.8,,19,0.8,5,35.3,,49,0.5,8,7.9,,17,1.2,3,12.1,,,,,,,,,,,,,,,,,,,,,,,
XeII,353.808,2,,44,8,5p4(3P1)6p 2[1]° 3/2,5p4(3P2)5d 2[2] 3/2,91,1.7,14,28.6,,79,1.3,13,34.8,,41,1.7,6,31.5,,45,1.6,7,28.2,,95,1.7,11,27.1,,49,1.7,8,31.6,,47,1.7,9,27.6,,48,1.9,11,29.3,,37,2.0,6,30.2,,32,2.7,8,23.9,,,15.41,0.0521,15.44,0.0488,15.415,7.621e-16,1.138e-12,10.54,1 2 4 5 6 7 8 10 12 13 22 23 33 34,6.59e+06,13:2.4e+06 33:1.5e+06 23:1.2e+06,2.12e-07,23,0/23,,,,,,,
XeII,353.941,0,,,42,Ek=151500.96,5p4(3P1)6p 2[2]° 3/2,6,0.1,1,4.3,,24,0.1,4,7.6,,5,0.3,1,88.6,,6,0.2,1,1.4,,4,0.1,1,0.2,,14,0.5,2,6.0,,10,0.4,2,1.2,,6,0.2,1,29.1,,44,0.4,7,7.1,,8,0.7,2,28.4,,,,,,,,,,,,,,,,,,,,,,,
XeII,354.629,1h,,42,5,5p4(3P1)6p 2[2]° 3/2,5p4(3P2)6s 2[2] 3/2,20,0.3,5,30.6,,36,0.6,6,23.1,,17,0.5,3,16.1,,20,0.6,5,23.3,,25,0.4,3,27.7,,15,0.5,4,30.4,,15,0.5,3,36.5,,14,0.7,3,49.5,,15,0.8,2,41.4,,12,1.2,2,85.2,,,15.282,0.2008,15.31,0.0876,15.293,1.654e-15,2.302e-12,10.44,1 2 4 5 6 7 8 10 12 13 22 23 33 34,1.33e+07,22:5.8e+06 23:2.6e+06 13:2.6e+06,8.08e-07,22,1/22,2.20e+07,2.7e+13,,,,,
XeII,354.869,2h,,74,24,5p4(3P2)4f 2[2]° 3/2,5p4(3P1)5d 2[2] 3/2,17,0.4,4,76.3,,25,0.6,4,56.7,,11,0.4,2,217.6,,11,0.6,3,68.2,,15,0.5,2,124.2,,56,0.4,13,7.8,,18,0.8,4,69.4,,22,0.8,5,26.3,,6,0.4,1,177.8,,5,0.8,1,162.0,,,,,,,,,,,,,,,,,,,,,,,
XeII,355.788,2bl,,104,38,5p4(3P1)4f 2[2]° 5/2,5p4(1D2)5d 2[3] 7/2,10,0.2,2,52.6,,7,0.2,1,84.4,,111,0.5,18,6.9,,15,0.5,3,29.5,,11,0.2,2,5.0,,82,0.5,13,7.1,,44,0.5,7,7.1,,18,0.4,3,17.6,,43,0.5,10,6.9,,43,0.8,7,7.6,,,,,,,,,,,,,,,,,,,,,,,
XeII,356.175,1-^,,108,40,5p4(1D2)7s 2[2] 5/2,5p4(3P0)6p 2[1]° 3/2,21,0.4,3,42.8,,19,0.3,3,27.0,,15,0.5,2,24.9,,24,0.9,6,15.7,,26,0.4,4,27.3,,17,0.5,3,25.0,,17,0.6,3,22.6,,15,0.5,2,30.7,,10,0.5,2,52.0,,11,1.2,2,62.3,,BaI 356.193 (I=6),,,,,,,,,,,,,,,,,,,,,
XeII,356.25,1-^,,86,28,5p4(3P2)7p 2[2]° 3/2,5p4(1D2)6s 2[2] 3/2,21,0.4,3,42.8,,19,0.3,3,27.0,,15,0.3,2,24.9,,14,0.4,3,11.5,,26,0.3,4,27.3,,35,0.2,8,7.2,,17,0.6,3,22.6,,15,0.5,2,30.7,,10,0.4,2,47.6,,11,1.0,2,83.7,,XeIII 356.222 (I=14),,,,,,,,,,,,,,,,,,,,,
XeII,356.43,20,,41,5,5p4(3P1)6p 2[2]° 5/2,5p4(3P2)6s 2[2] 3/2,2126,35.9,338,28.3,,2126,36.0,338,28.2,,1098,39.9,175,28.4,,1116,40.5,177,27.9,,2180,38.2,347,28.5,,1101,40.1,262,28.0,,1069,38.9,170,28.9,,1081,39.1,172,28.9,,864,39.8,206,28.5,,546,46.7,87,28.4,,,15.264,0.0478,15.31,0.0437,15.266,6.602e-16,9.071e-13,10.42,1 2 4 5 6 7 8 10 12 13 22 23 33 34,3.03e+07,13:1.7e+07 22:1.0e+07 23:1.6e+06,5.19e-07,21,1/21,6.10e+06,1.2e+13,,,,,
XeII,357.858,2,,,48,Ek=155463.41,5p4(1D2)5d 2[2] 3/2,192,3.0,31,27.0,,166,2.5,20,28.1,,100,3.2,16,30.5,,99,3.5,16,29.1,,209,3.2,33,26.5,,100,3.2,16,28.5,,85,2.8,13,30.3,,99,3.2,16,21.4,,64,2.8,15,27.8,,42,3.5,10,33.3,,XeIII 357.854 (I=6bl),,,,,,,,,,,,,,,,,,,,,
XeII,358.862,6h,,42,6,5p4(3P1)6p 2[2]° 3/2,5p4(3P2)5d 2[2] 5/2,128,2.4,15,28.3,,122,2.2,19,27.9,,64,2.6,10,30.7,,65,2.5,10,29.0,,150,3.0,24,24.4,,60,2.5,10,38.0,,62,2.2,10,25.6,,74,2.8,12,28.5,,45,2.3,7,32.6,,30,2.8,7,33.8,,,15.282,0.2008,15.31,0.0876,15.293,1.654e-15,2.302e-12,10.44,1 2 4 5 6 7 8 10 12 13 22 23 33 34,1.33e+07,22:5.8e+06 23:2.6e+06 13:2.6e+06,8.08e-07,22,1/22,2.20e+07,2.7e+13,,,,,
XeII,358.902,2bl,,72,24,5p4(3P2)4f 2[3]° 5/2,5p4(3P1)5d 2[2] 3/2,128,2.4,15,28.3,,122,2.2,19,27.9,,64,2.6,10,30.7,,65,2.5,10,29.0,,150,3.0,24,24.4,,60,2.5,10,38.0,,62,2.2,10,25.6,,74,2.8,12,28.5,,45,2.3,7,32.6,,30,2.8,7,33.8,,,,,,,,,,,,,,,,,,,,,,,
XeII,358.988,1H,,75,25,5p4(3P2)6d 2[1] 3/2,5p4(3P2)6p 2[2]° 3/2,39,0.7,5,33.5,,41,0.8,7,37.6,,19,0.8,4,39.3,,25,0.9,4,35.1,,36,0.7,6,37.2,,26,1.0,4,16.7,,22,0.8,4,22.5,,23,0.8,6,25.9,,10,0.8,2,140.5,,19,1.5,4,20.6,,BaI 358.990 (I=2),,,,,,,,,,,,,,,,,,,,,
XeII,360.483,3h,,103,38,5p4(3P1)4f 2[4]° 9/2,5p4(1D2)5d 2[3] 7/2,127,2.1,15,27.8,,94,1.6,13,33.1,,64,2.4,10,28.7,,63,2.3,8,25.1,,106,2.0,11,30.7,,52,1.8,7,30.8,,49,1.8,8,29.5,,34,2.2,5,95.5,,44,2.2,7,28.2,,27,2.3,4,22.3,,,,,,,,,,,,,,,,,,,,,,,
XeII,360.741,8,,46,9,5p4(3P1)6p 2[1]° 1/2,5p4(3P2)5d 2[1] 1/2,556,12.6,66,75.6,,557,12.2,66,74.1,,294,13.0,47,72.1,,285,13.5,45,74.7,,573,13.1,55,73.3,,297,13.5,47,72.0,,283,13.2,45,72.5,,288,13.6,46,71.7,,227,13.6,36,76.8,,146,15.0,23,73.5,,,15.445,0.0329,15.71,0.0242,15.456,3.913e-16,5.967e-13,10.57,1 2 4 5 6 7 8 10 12 13 22 23 33 34,3.41e+06,33:7.5e+05 23:7.0e+05 34:7.0e+05,1.24e-07,15,0/15,,,,,,,
XeII,361.152,1h,,75,26,5p4(3P2)6d 2[1] 3/2,5p4(3P2)6p 2[2]° 5/2,3346,3.9,399,28.9,,3301,4.0,315,29.0,,1759,4.5,210,28.5,,1706,5.8,203,29.3,,3423,5.2,327,28.3,,1729,5.5,275,28.8,,1733,5.3,275,28.3,,1637,6.1,195,29.7,,1363,5.3,217,28.9,,854,5.7,136,29.0,,,,,,,,,,,,,,,,,,,,,,,
XeII,361.237,20,,41,7,5p4(3P1)6p 2[2]° 5/2,5p4(3P2)5d 2[3] 7/2,3320,54.5,396,29.4,,3278,57.3,313,29.4,,1747,64.0,208,29.0,,1697,62.7,202,29.7,,3402,60.9,324,28.7,,1719,64.7,273,29.1,,1725,64.2,274,28.6,,1629,62.2,194,30.0,,1354,66.1,215,29.4,,848,68.2,135,29.4,,,15.264,0.0478,15.31,0.0437,15.266,6.602e-16,9.071e-13,10.42,1 2 4 5 6 7 8 10 12 13 22 23 33 34,3.03e+07,13:1.7e+07 22:1.0e+07 23:1.6e+06,5.19e-07,21,1/21,6.10e+06,1.2e+13,,,,,
XeII,361.794,1,,84,27,5p4(3P2)4f 2[1]° 3/2,5p4(3P1)5d 2[2] 5/2,21,0.4,2,46.3,,12,0.3,1,70.1,,18,0.8,3,39.5,,114,0.8,18,7.6,,23,0.5,3,45.7,,5,0.3,1,153.3,,15,0.7,2,175.3,,26,0.7,4,16.6,,9,0.6,1,56.3,,14,1.0,2,19.5,,,,,,,,,,,,,,,,,,,,,,,
XeII,362.198,3h,,90,35,5p4(3P0)6d 2[2] 5/2,5p4(3P2)6p 2[1]° 3/2,119,2.3,14,34.5,,118,2.3,14,32.3,,60,2.3,10,35.0,,50,1.9,8,39.7,,119,2.4,16,35.0,,58,2.2,9,39.4,,60,2.2,10,34.1,,55,2.0,9,34.8,,50,2.6,7,36.2,,31,2.5,6,39.8,,,,,,,,,,,,,,,,,,,,,,,
XeII,363.448,1-,,83,27,5p4(3P2)4f 2[2]° 5/2,5p4(3P1)5d 2[2] 5/2,18,0.4,2,63.1,,19,0.3,3,35.4,,11,0.5,3,42.0,,9,0.4,2,97.6,,26,0.6,4,34.6,,8,0.5,2,105.4,,30,0.7,5,10.8,,97,0.5,15,7.3,,14,0.8,3,55.9,,8,0.8,2,54.5,,,,,,,,,,,,,,,,,,,,,,,
XeII,364.443,5,,44,9,5p4(3P1)6p 2[1]° 3/2,5p4(3P2)5d 2[1] 1/2,1010,27.9,138,104.2,,1004,27.4,160,109.3,,525,27.9,83,110.4,,526,31.0,126,106.7,,1030,27.5,164,112.9,,521,29.9,124,111.0,,520,28.8,83,111.2,,525,29.0,83,111.2,,424,31.3,101,109.5,,266,29.5,63,115.8,,XeIII 364.414 (I=10),15.41,0.0521,15.44,0.0488,15.415,7.621e-16,1.138e-12,10.54,1 2 4 5 6 7 8 10 12 13 22 23 33 34,6.59e+06,13:2.4e+06 33:1.5e+06 23:1.2e+06,2.12e-07,23,0/23,,,,,,,
XeII,364.491,5,,56,15,5p4(1D2)6p 2[1]° 1/2,5p4(3P2)5d 2[1] 3/2,1010,27.9,138,104.2,,1004,27.4,160,109.3,,525,27.9,83,110.4,,526,31.0,126,106.7,,1030,27.5,164,112.9,,521,29.9,124,111.0,,520,28.8,83,111.2,,525,29.0,83,111.2,,424,31.3,101,109.5,,266,29.5,63,115.8,,,16.458,0.0535,16.49,0.0512,16.463,3.024e-16,7.413e-13,11.26,1 2 4 5 6 7 8 10 12 13 22 23 33 34,2.18e+06,34:4.0e+05 4:3.2e+05 23:2.9e+05,3.53e-07,18,0/18,,,,,,,
XeII,364.529,3,,,51,Ek=157091.9,5p4(1D2)6p 2[1]° 3/2,1010,27.9,138,104.2,,1004,27.4,160,109.3,,525,27.9,83,110.4,,526,31.0,126,106.7,,1030,27.5,164,112.9,,521,29.9,124,111.0,,520,28.8,83,111.2,,525,29.0,83,111.2,,424,31.3,101,109.5,,266,29.5,63,115.8,,,,,,,,,,,,,,,,,,,,,,,
XeII,365.444,3bl,,89,35,5p4(3P0)6d 2[2] 3/2,5p4(3P2)6p 2[1]° 3/2,21,0.4,3,37.3,,29,0.2,5,7.8,,17,0.6,3,28.3,,9,0.5,2,62.2,,25,0.5,3,27.0,,22,0.7,3,13.9,,9,0.4,1,72.4,,13,0.7,2,52.6,,7,0.4,1,28.2,,10,0.8,2,,,XeIII 365.461 (I=16),,,,,,,,,,,,,,,,,,,,,
XeII,365.774,5,,49,12,5p4(1D2)6p 2[3]° 5/2,5p4(3P2)5d 2[4] 7/2,290,5.1,46,30.3,,275,5.3,66,30.1,,143,5.5,23,31.2,,147,6.4,23,29.3,,287,5.6,46,28.7,,143,5.5,23,29.0,,145,5.6,23,29.5,,153,6.4,24,29.4,,123,6.2,20,30.2,,72,6.2,12,29.8,,,15.977,0.0664,16.11,0.0322,15.987,3.953e-16,7.704e-13,10.93,1 2 4 5 6 7 8 10 12 13 22 23 33 34,2.03e+07,34:1.3e+07 23:4.7e+06 33:2.1e+06,2.57e-07,24,1/24,1.80e+07,7.0e+13,,,,,
XeII,365.844,6h,,81,27,5p4(3P2)4f 2[4]° 7/2,5p4(3P1)5d 2[2] 5/2,306,5.9,49,29.3,,275,5.5,65,30.8,,144,5.8,23,31.0,,157,6.9,25,28.5,,304,6.0,48,29.0,,142,5.7,23,30.3,,144,5.7,23,30.3,,153,6.4,24,29.4,,121,6.3,19,28.9,,72,6.3,11,32.3,,,,,,,,,,,,,,,,,,,,,,,
XeII,366.17,20H,,70,25,5p4(3P2)6d 2[3] 5/2,5p4(3P2)6p 2[2]° 3/2,669,12.6,80,30.8,,664,12.9,105,30.7,,346,13.2,55,28.9,,329,13.8,52,31.5,,673,12.9,80,30.1,,330,12.3,52,31.1,,338,13.8,54,30.3,,334,13.2,53,31.6,,272,13.2,43,31.8,,173,14.0,28,31.8,,,,,,,,,,,,,,,,,,,,,,,
XeII,366.393,5h,,83,28,5p4(3P2)4f 2[2]° 5/2,5p4(1D2)6s 2[2] 3/2,257,4.9,31,30.0,,257,5.2,35,30.3,,131,5.2,21,30.0,,141,5.8,22,29.9,,261,5.2,36,29.8,,131,5.0,21,31.3,,129,4.9,15,29.8,,140,5.8,22,27.8,,106,5.3,17,30.9,,61,5.2,10,30.1,,,,,,,,,,,,,,,,,,,,,,,
XeII,366.547,1,,,44,Ek=151564.61,5p4(3P1)6p 2[1]° 3/2,22,0.2,3,5.2,,508,0.1,81,128.8,,9,0.3,1,4.9,,13,0.5,2,22.8,,8,0.2,1,3.7,,37,0.5,5,7.8,,47,0.4,6,7.4,,9,0.3,1,18.9,,50,0.6,8,7.2,,38,0.5,6,7.0,,,,,,,,,,,,,,,,,,,,,,,
XeII,367.257,20,,42,8,5p4(3P1)6p 2[2]° 3/2,5p4(3P2)5d 2[2] 3/2,1211,23.0,144,28.4,,1207,23.1,192,29.0,,630,24.6,100,28.8,,613,24.3,97,29.2,,1262,24.9,201,28.4,,612,24.0,97,28.2,,631,24.8,100,27.4,,606,23.5,96,29.3,,488,25.1,116,28.5,,296,25.0,71,30.5,,,15.282,0.2008,15.31,0.0876,15.293,1.654e-15,2.302e-12,10.44,1 2 4 5 6 7 8 10 12 13 22 23 33 34,1.33e+07,22:5.8e+06 23:2.6e+06 13:2.6e+06,8.08e-07,22,1/22,2.20e+07,2.7e+13,,,,,
XeII,367.404,1-,,85,30,5p4(3P0)7s 2[0] 1/2,5p4(3P2)6p 2[1]° 1/2,13,0.3,2,25.6,,17,0.3,3,29.3,,8,0.3,1,23.0,,10,0.8,2,91.9,,12,0.3,2,64.9,,14,0.5,2,,,17,0.7,4,30.4,,11,0.5,3,75.0,,13,0.7,3,39.6,,72,0.8,17,6.9,,,,,,,,,,,,,,,,,,,,,,,
XeII,368.407,1,,70,26,5p4(3P2)6d 2[3] 5/2,5p4(3P2)6p 2[2]° 5/2,14,0.3,2,16.0,,18,0.1,3,17.1,,32,0.3,5,7.0,,9,0.3,1,5.0,,67,0.2,8,7.2,,24,0.6,4,9.0,,57,0.5,9,7.3,,4,0.2,1,1.1,,40,0.4,6,6.7,,8,0.7,2,3.2,,,,,,,,,,,,,,,,,,,,,,,
XeII,369.074,1,,80,28,5p4(3P2)7p 2[1]° 1/2,5p4(1D2)6s 2[2] 3/2,58,1.0,7,31.6,,49,0.9,8,31.8,,29,1.2,5,30.3,,21,0.8,3,33.4,,58,1.0,9,28.0,,28,1.1,4,36.3,,35,1.5,6,25.5,,25,1.1,4,44.7,,30,1.1,5,19.2,,17,1.6,3,25.2,,,,,,,,,,,,,,,,,,,,,,,
XeII,369.184,1h,,41,8,5p4(3P1)6p 2[2]° 5/2,5p4(3P2)5d 2[2] 3/2,34,0.7,5,26.0,,26,0.7,4,37.5,,19,0.8,3,35.6,,21,0.6,3,33.3,,30,0.6,5,38.8,,19,0.8,3,30.7,,25,1.0,4,20.6,,11,0.6,2,46.9,,30,0.7,5,19.1,,15,1.4,2,35.7,,,15.264,0.0478,15.31,0.0437,15.266,6.602e-16,9.071e-13,10.42,1 2 4 5 6 7 8 10 12 13 22 23 33 34,3.03e+07,13:1.7e+07 22:1.0e+07 23:1.6e+06,5.19e-07,21,1/21,6.10e+06,1.2e+13,,,,,
XeII,369.849,1h,,77,27,5p4(3P2)7p 2[3]° 7/2,5p4(3P1)5d 2[2] 5/2,22,0.5,3,60.7,,29,0.6,4,33.4,,16,0.6,4,5.2,,8,0.4,1,57.6,,17,0.4,3,34.7,,44,0.4,7,6.7,,7,0.4,1,66.6,,15,0.6,2,41.0,,36,0.6,6,4.7,,31,1.0,7,8.3,,,,,,,,,,,,,,,,,,,,,,,
XeII,371.164,20H,,67,25,5p4(3P2)6d 2[0] 1/2,5p4(3P2)6p 2[2]° 3/2,469,9.4,75,29.5,,463,8.9,55,29.8,,234,9.6,56,29.1,,223,8.7,35,32.7,,453,9.4,72,29.5,,227,9.8,36,31.3,,235,10.5,37,29.3,,224,8.7,36,29.4,,186,10.4,30,28.3,,109,9.2,17,29.3,,XeIII 371.191 (I=10),,,,,,,,,,,,,,,,,,,,,
XeII,371.569,2H,,100,39,5p4(3P1)6d 2[1] 3/2,5p4(3P1)6p 2[0]° 1/2,56,1.1,7,23.7,,44,0.9,5,33.3,,30,1.2,5,23.8,,26,1.0,4,26.0,,49,1.1,8,35.0,,22,0.9,3,38.8,,23,1.1,4,49.4,,33,1.2,5,24.2,,12,0.7,2,58.1,,14,1.3,3,51.8,,,,,,,,,,,,,,,,,,,,,,,
XeII,371.72,20,,54,15,5p4(1D2)6p 2[2]° 5/2,5p4(3P2)5d 2[1] 3/2,700,12.3,83,28.9,,712,12.4,113,28.7,,375,14.4,60,28.4,,376,13.4,60,28.7,,730,13.6,116,29.3,,373,14.5,59,27.7,,360,14.4,57,29.2,,359,14.8,57,29.2,,274,13.1,43,30.6,,194,15.2,46,29.2,,,16.392,0.047,16.41,0.039,16.395,2.757e-16,6.871e-13,11.28,1 2 4 5 6 7 8 10 12 13 22 23 33 34,1.18e+07,23:6.4e+06 33:3.3e+06 34:1.5e+06,1.89e-07,24,1/24,1.00e+08,5.3e+14,,,,,
XeII,372.08,40,,51,13,5p4(1D2)6p 2[1]° 3/2,5p4(3P1)6s 2[1] 3/2,1932,37.9,230,28.6,,1883,37.2,225,29.1,,987,39.1,157,28.7,,1006,39.7,160,28.4,,1968,40.6,313,28.6,,1019,44.0,162,27.8,,1013,43.8,161,28.4,,996,39.4,158,28.8,,812,41.9,129,28.8,,527,45.0,84,27.6,,XeIII 372.103 (I=1),16.077,0.1677,29.93,0.0721,16.082,7.579e-16,1.815e-12,11.23,1 2 4 5 6 7 8 10 12 13 22 23 33 34,8.14e+06,23:5.5e+06 33:1.2e+06 34:7.2e+05,4.19e-07,27,0/27,,,,,,,
XeII,373.1,0bl,,74,27,5p4(3P2)4f 2[2]° 3/2,5p4(3P1)5d 2[2] 5/2,441,8.6,53,30.6,,452,8.6,72,28.7,,245,9.8,39,28.6,,257,10.1,41,28.7,,461,8.9,73,30.6,,229,9.6,36,31.5,,236,10.2,38,31.4,,233,8.8,37,29.5,,193,9.7,31,29.7,,125,10.2,20,30.2,,XeII 373.118 (I=20),,,,,,,,,,,,,,,,,,,,,
XeII,373.118,20,,56,16,5p4(1D2)6p 2[1]° 1/2,5p4(3P2)5d 2[0] 1/2,441,8.6,53,30.6,,452,8.6,72,28.7,,245,9.8,39,28.6,,257,10.1,41,28.7,,461,8.9,73,30.6,,229,9.6,36,31.5,,236,10.2,38,31.4,,233,8.8,37,29.5,,193,9.7,31,29.7,,125,10.2,20,30.2,,XeII 373.100 (I=0bl),16.458,0.0535,16.49,0.0512,16.463,3.024e-16,7.413e-13,11.26,1 2 4 5 6 7 8 10 12 13 22 23 33 34,2.18e+06,34:4.0e+05 4:3.2e+05 23:2.9e+05,3.53e-07,18,0/18,,,,,,,
XeII,374.111,0,,76,28,5p4(3P2)7p 2[3]° 5/2,5p4(1D2)6s 2[2] 3/2,23,0.4,3,35.8,,20,0.4,2,44.4,,15,0.7,4,32.7,,12,0.6,2,46.1,,24,0.5,4,23.0,,23,0.7,4,13.3,,14,0.8,3,79.4,,19,0.7,3,21.2,,20,0.4,3,8.1,,11,1.4,2,81.7,,,,,,,,,,,,,,,,,,,,,,,
XeII,374.196,2Hw,,99,38,5p4(3P0)4f 2[3]° 7/2,5p4(1D2)5d 2[3] 7/2,24,0.3,3,15.5,,83,0.3,10,7.1,,17,0.7,4,25.0,,19,0.7,3,19.8,,17,0.3,3,39.6,,54,0.7,9,7.7,,12,0.5,3,49.0,,13,0.5,2,18.4,,17,0.7,3,18.6,,11,1.4,2,81.7,,XeI 374.222 (I=1),,,,,,,,,,,,,,,,,,,,,
XeII,374.546,3a,,110,41,5p4(1D2)7s 2[2] 3/2,5p4(3P1)6p 2[2]° 5/2,72,1.7,10,46.1,,65,1.2,8,54.9,,38,1.6,9,51.9,,44,1.6,10,34.4,,83,1.5,13,46.9,,47,2.2,7,37.2,,30,1.5,7,60.9,,39,1.5,6,44.2,,31,1.5,6,45.8,,15,1.5,4,76.6,,XeI 374.538 (I=10); XeI 374.569 (I=4); XeIII 374.571 (I=18),,,,,,,,,,,,,,,,,,,,,
XeII,375.687,10,,53,15,5p4(1D2)6p 2[2]° 3/2,5p4(3P2)5d 2[1] 3/2,260,4.1,31,27.8,,238,3.7,28,29.9,,127,4.5,20,28.2,,124,4.7,20,31.0,,243,4.1,26,29.7,,133,4.5,21,28.9,,116,4.1,18,29.8,,141,5.5,22,26.9,,103,4.4,16,28.2,,63,4.8,15,29.1,,,16.356,0.04,28.57,0.0243,16.368,1.676e-16,4.457e-13,11.38,1 2 4 5 6 7 8 10 12 13 22 23 33 34,7.74e+06,23:2.7e+06 34:2.6e+06 33:1.8e+06,1.11e-07,27,1/27,8.50e+07,7.7e+14,,,,,
XeII,376.205,3h,,74,28,5p4(3P2)4f 2[2]° 3/2,5p4(1D2)6s 2[2] 3/2,227,3.4,36,27.8,,205,3.3,24,31.5,,109,3.9,17,31.9,,102,3.7,16,34.5,,205,3.5,24,31.7,,110,3.6,17,31.8,,111,4.0,18,28.6,,101,3.5,16,32.8,,93,4.3,15,29.2,,46,4.0,11,42.1,,XeIII 376.228 (I=19),,,,,,,,,,,,,,,,,,,,,
XeII,376.337,15,,40,5,5p4(3P0)6p 2[1]° 3/2,5p4(3P2)6s 2[2] 3/2,1007,16.8,160,28.4,,984,17.4,117,28.8,,523,20.7,83,28.0,,529,19.5,84,26.6,,1016,18.8,121,28.7,,509,18.6,81,28.4,,517,19.3,82,28.6,,536,19.8,85,27.2,,428,19.9,68,27.0,,262,22.3,42,28.1,,,15.08,0.0654,15.22,0.0625,15.089,9.965e-16,1.165e-12,10.19,1 2 4 5 6 7 8 10 12 13 22 23 33 34,8.43e+06,23:3.8e+06 13:2.7e+06 22:6.1e+05,2.53e-07,22,0/22,,,,,,,
XeII,376.566,0,,110,42,5p4(1D2)7s 2[2] 3/2,5p4(3P1)6p 2[2]° 3/2,32,0.5,4,34.3,,33,0.6,4,49.0,,19,0.8,3,62.7,,12,0.6,2,94.7,,34,0.7,4,51.0,,23,0.9,4,34.1,,12,0.6,2,95.5,,21,0.7,3,23.9,,10,0.6,2,63.9,,51,1.2,8,6.8,,XeIII 376.585 (I=14),,,,,,,,,,,,,,,,,,,,,
XeII,377.383,0,,73,27,5p4(3P2)7p 2[1]° 3/2,5p4(3P1)5d 2[2] 5/2,54,0.9,6,37.0,,50,0.8,7,27.8,,34,1.2,5,46.1,,40,1.5,6,25.6,,66,1.1,8,27.0,,28,1.0,5,40.6,,26,0.9,4,26.5,,28,1.0,4,33.0,,22,1.0,4,28.9,,24,1.7,5,18.4,,,,,,,,,,,,,,,,,,,,,,,
XeII,377.549,1,,72,27,5p4(3P2)4f 2[3]° 5/2,5p4(3P1)5d 2[2] 5/2,74,1.3,9,27.1,,62,1.1,10,33.2,,31,1.1,5,39.2,,40,1.4,6,23.7,,61,1.0,7,35.3,,44,1.6,7,23.3,,41,1.3,6,31.1,,38,1.1,6,26.7,,26,1.0,6,28.2,,17,1.1,4,24.1,,XeIII 377.549 (I=2bl),,,,,,,,,,,,,,,,,,,,,
XeII,377.878,1-,,100,40,5p4(3P1)6d 2[1] 3/2,5p4(3P0)6p 2[1]° 3/2,23,0.4,2,19.4,,11,0.2,1,51.1,,14,0.5,2,27.0,,20,0.6,3,39.8,,27,0.4,3,25.6,,8,0.5,1,93.7,,7,0.4,1,114.3,,10,0.3,2,24.1,,5,0.3,1,82.2,,42,0.7,10,6.8,,,,,,,,,,,,,,,,,,,,,,,
XeII,378.07,1H,,108,42,5p4(1D2)7s 2[2] 5/2,5p4(3P1)6p 2[2]° 3/2,92,2.0,11,56.4,,95,1.9,11,53.6,,55,2.6,9,54.5,,59,2.4,9,48.7,,97,1.9,13,50.3,,50,2.2,8,53.5,,52,2.4,8,55.0,,51,2.0,8,54.3,,50,2.8,12,48.3,,24,1.9,4,64.2,,XeIII 378.100 (I=28),,,,,,,,,,,,,,,,,,,,,
XeII,378.323,10h,,71,27,5p4(3P2)7p 2[2]° 5/2,5p4(3P1)5d 2[2] 5/2,213,3.6,23,28.8,,211,3.7,25,30.6,,109,4.0,17,30.3,,109,4.0,17,30.3,,212,3.8,25,30.9,,112,4.1,18,29.3,,109,4.0,17,30.9,,104,3.7,17,31.2,,83,3.9,13,29.7,,47,3.6,11,33.8,,,,,,,,,,,,,,,,,,,,,,,
XeII,378.732,3,,42,9,5p4(3P1)6p 2[2]° 3/2,5p4(3P2)5d 2[1] 1/2,149,2.4,16,31.3,,149,2.3,18,28.4,,78,2.7,12,31.1,,74,2.7,12,30.3,,151,2.6,18,29.4,,83,2.9,13,29.9,,89,2.9,14,27.5,,80,2.7,13,25.5,,58,2.6,9,31.0,,38,2.9,9,32.1,,,15.282,0.2008,15.31,0.0876,15.293,1.654e-15,2.302e-12,10.44,1 2 4 5 6 7 8 10 12 13 22 23 33 34,1.33e+07,22:5.8e+06 23:2.6e+06 13:2.6e+06,8.08e-07,22,1/22,2.20e+07,2.7e+13,,,,,
XeII,380.099,15h,,69,27,5p4(3P2)4f 2[3]° 7/2,5p4(3P1)5d 2[2] 5/2,291,5.6,35,40.5,,267,4.9,32,42.4,,129,5.1,21,46.8,,154,5.5,29,33.1,,303,5.5,32,38.5,,150,5.7,18,42.0,,155,5.8,25,36.9,,147,5.7,23,43.1,,125,5.8,20,37.4,,71,5.1,17,44.2,,,,,,,,,,,,,,,,,,,,,,,
XeII,380.568,1H,,73,28,5p4(3P2)7p 2[1]° 3/2,5p4(1D2)6s 2[2] 3/2,50,0.7,5,27.3,,33,0.6,4,56.2,,26,0.8,4,24.3,,24,0.8,4,27.3,,50,0.9,5,30.4,,30,1.1,4,32.6,,25,1.0,3,49.8,,28,1.1,3,30.5,,30,1.2,5,26.2,,14,1.1,3,46.9,,,,,,,,,,,,,,,,,,,,,,,
XeII,380.729,10h,,72,28,5p4(3P2)4f 2[3]° 5/2,5p4(1D2)6s 2[2] 3/2,289,4.0,34,29.9,,276,4.1,33,31.1,,166,5.2,26,29.4,,154,4.6,25,30.2,,295,4.4,28,31.1,,157,5.2,19,28.4,,147,4.7,23,29.1,,148,4.6,24,29.3,,113,4.5,18,29.0,,79,4.8,19,28.4,,,,,,,,,,,,,,,,,,,,,,,
XeII,381.067,0,,86,32,5p4(3P2)7p 2[2]° 3/2,5p4(3P1)5d 2[3] 5/2,2854,43.8,340,28.5,,2853,44.2,340,28.4,,1480,47.5,235,28.0,,1471,47.2,234,28.0,,2947,45.8,312,28.4,,1462,46.8,174,28.5,,1471,46.9,234,28.1,,1444,46.1,230,28.6,,1170,46.2,186,28.3,,721,46.2,172,28.5,,,,,,,,,,,,,,,,,,,,,,,
XeII,381.105,40,,40,6,5p4(3P0)6p 2[1]° 3/2,5p4(3P2)5d 2[2] 5/2,2854,43.8,340,28.5,,2853,44.2,340,28.4,,1480,47.5,235,28.0,,1471,47.2,234,28.0,,2947,45.8,312,28.4,,1462,46.8,174,28.5,,1471,46.9,234,28.1,,1444,46.1,230,28.6,,1170,46.2,186,28.3,,721,46.2,172,28.5,,,15.08,0.0654,15.22,0.0625,15.089,9.965e-16,1.165e-12,10.19,1 2 4 5 6 7 8 10 12 13 22 23 33 34,8.43e+06,23:3.8e+06 13:2.7e+06 22:6.1e+05,2.53e-07,22,0/22,,,,,,,
XeII,381.516,1hw,,71,28,5p4(3P2)7p 2[2]° 5/2,5p4(1D2)6s 2[2] 3/2,128,1.9,15,30.4,,137,1.9,16,26.4,,64,1.9,12,29.6,,56,1.7,9,26.6,,119,1.8,14,30.3,,60,2.0,7,30.2,,70,2.2,11,27.6,,60,1.6,10,28.5,,53,2.0,8,29.2,,27,1.8,6,29.3,,,,,,,,,,,,,,,,,,,,,,,
XeII,382.335,2,,88,35,5p4(3P1)7s 2[1] 1/2,5p4(3P2)6p 2[1]° 3/2,58,0.8,7,50.2,,55,0.9,7,55.7,,39,1.1,6,43.4,,37,1.2,4,43.5,,60,0.9,7,53.1,,30,1.1,4,65.3,,31,1.1,5,48.9,,28,1.1,4,69.7,,23,0.9,4,65.9,,11,0.8,2,65.5,,XeIII 382.315 (I=3),,,,,,,,,,,,,,,,,,,,,
XeII,382.627,2h,,75,29,5p4(3P2)6d 2[1] 3/2,5p4(3P2)6p 2[3]° 5/2,190,2.8,23,39.6,,169,2.5,20,40.2,,101,3.2,16,40.3,,94,3.0,15,44.1,,177,2.7,21,40.3,,82,2.8,13,48.8,,85,2.8,13,39.8,,85,2.6,13,47.7,,71,3.0,11,41.4,,40,2.8,6,45.0,,,,,,,,,,,,,,,,,,,,,,,
XeII,382.977,10h,,66,26,5p4(1S0)5d 2[2] 3/2,5p4(3P2)6p 2[2]° 5/2,264,4.2,32,28.9,,240,3.7,29,29.9,,138,4.4,22,27.9,,132,4.1,21,30.0,,248,4.0,30,29.6,,131,4.0,21,28.7,,120,3.8,19,32.4,,135,4.1,21,28.3,,106,4.0,17,28.5,,57,3.8,9,31.3,,XeIII 382.971 (I=8),17.118,0.0233,17.42,0.0163,17.129,7.052e-17,2.399e-13,11.73,1 2,0.00e+00,,1.09e-08,19,0/19,,,,,,,
XeII,384.858,6,,53,16,5p4(1D2)6p 2[2]° 3/2,5p4(3P2)5d 2[0] 1/2,454,6.5,54,29.5,,464,6.4,55,29.2,,232,6.4,37,28.2,,247,7.1,39,26.3,,463,6.3,74,29.4,,226,6.8,36,29.5,,230,6.6,37,29.6,,241,7.1,46,29.1,,188,6.5,45,27.8,,123,8.3,20,30.5,,,16.356,0.04,28.57,0.0243,16.368,1.676e-16,4.457e-13,11.38,1 2 4 5 6 7 8 10 12 13 22 23 33 34,7.74e+06,23:2.7e+06 34:2.6e+06 33:1.8e+06,1.11e-07,27,1/27,8.50e+07,7.7e+14,,,,,
XeII,384.987,50Hl,,75,30,5p4(3P2)6d 2[1] 3/2,5p4(3P2)6p 2[1]° 1/2,1290,17.9,123,30.0,,1286,18.1,153,29.9,,648,20.9,103,30.1,,667,20.2,106,29.0,,1291,19.4,154,30.0,,636,20.8,101,30.7,,636,19.9,101,30.3,,653,22.1,104,29.5,,501,18.9,120,30.8,,330,22.7,53,29.1,,,,,,,,,,,,,,,,,,,,,,,
XeII,385.853,20,,35,3,5p4(3P2)6p 2[1]° 3/2,5s5p6 2S 1/2,2142,32.9,255,29.6,,2106,32.6,251,29.8,,1103,37.3,211,29.7,,1093,34.7,174,30.0,,2192,34.8,348,29.9,,1117,37.5,178,29.5,,1095,37.3,174,30.0,,1082,36.4,206,30.5,,850,33.2,135,30.5,,552,40.0,88,30.2,,,14.479,0.2415,28.57,0.1632,14.49,6.324e-15,6.518e-12,10.01,1 2 4 5 6 7 8 10 12 13 22 23 33 34,3.99e+06,23:1.4e+06 5:6.4e+05 33:5.8e+05,5.75e-07,21,1/21,8.20e+07,1.4e+14,,,,,
XeII,386.963,20,,56,18,5p4(1D2)6p 2[1]° 1/2,5p4(3P1)6s 2[1] 1/2,937,12.9,149,28.5,,944,13.7,113,28.0,,498,16.3,79,27.9,,501,15.6,80,28.4,,978,15.1,117,28.0,,473,15.0,75,29.7,,502,16.7,120,28.4,,481,14.9,76,29.1,,410,15.8,65,27.8,,226,15.9,54,31.5,,,16.458,0.0535,16.49,0.0512,16.463,3.024e-16,7.413e-13,11.26,1 2 4 5 6 7 8 10 12 13 22 23 33 34,2.18e+06,34:4.0e+05 4:3.2e+05 23:2.9e+05,3.53e-07,18,0/18,,,,,,,
XeII,388.367,1H,,,49,Ek=154608.07,5p4(1D2)6p 2[3]° 5/2,63,0.9,7,42.9,,53,0.9,6,48.6,,30,0.9,5,34.6,,40,1.2,6,36.0,,68,1.0,8,37.8,,30,0.9,5,39.1,,24,0.8,4,42.5,,24,1.0,4,70.5,,25,1.2,4,56.4,,23,1.5,6,41.7,,,,,,,,,,,,,,,,,,,,,,,
XeII,388.5,20,,54,17,5p4(1D2)6p 2[2]° 5/2,5p4(3P2)5d 2[3] 5/2,497,7.4,59,33.7,,480,7.1,51,33.4,,244,7.4,39,33.6,,255,7.6,41,32.8,,496,7.1,59,33.1,,250,7.4,40,31.7,,246,7.5,33,33.9,,241,7.3,38,34.5,,192,7.1,31,35.5,,127,7.4,30,32.6,,XeIII 388.499 (I=13),16.392,0.047,16.41,0.039,16.395,2.757e-16,6.871e-13,11.28,1 2 4 5 6 7 8 10 12 13 22 23 33 34,1.18e+07,23:6.4e+06 33:3.3e+06 34:1.5e+06,1.89e-07,24,1/24,1.00e+08,5.3e+14,,,,,
XeII,388.545,4Hl,,109,43,5p4(3P1)4f 2[3]° 5/2,5p4(1D2)5d 2[1] 3/2,497,7.4,59,33.7,,480,7.1,51,33.4,,244,7.4,39,33.6,,255,7.6,41,32.8,,496,7.1,59,33.1,,250,7.4,40,31.7,,246,7.5,33,33.9,,241,7.3,38,34.5,,192,7.1,31,35.5,,127,7.4,30,32.6,,,,,,,,,,,,,,,,,,,,,,,
XeII,390.534,1,,87,35,5p4(3P1)7s 2[1] 3/2,5p4(3P2)6p 2[1]° 3/2,658,9.0,126,28.5,,677,9.5,92,28.0,,351,10.2,56,27.4,,330,9.4,52,28.4,,675,9.8,107,28.5,,335,10.5,53,29.1,,341,10.0,54,27.0,,326,9.7,52,28.7,,249,9.1,40,29.7,,164,10.4,31,28.5,,,,,,,,,,,,,,,,,,,,,,,
XeII,390.585,10,,40,8,5p4(3P0)6p 2[1]° 3/2,5p4(3P2)5d 2[2] 3/2,658,9.0,126,28.5,,677,9.5,92,28.0,,351,10.2,56,27.4,,330,9.4,52,28.4,,675,9.8,107,28.5,,335,10.5,53,29.1,,341,10.0,54,27.0,,326,9.7,52,28.7,,249,9.1,40,29.7,,164,10.4,31,28.5,,BaI 390.596 (I=5),15.08,0.0654,15.22,0.0625,15.089,9.965e-16,1.165e-12,10.19,1 2 4 5 6 7 8 10 12 13 22 23 33 34,8.43e+06,23:3.8e+06 13:2.7e+06 22:6.1e+05,2.53e-07,22,0/22,,,,,,,
XeII,390.791,100h,,70,29,5p4(3P2)6d 2[3] 5/2,5p4(3P2)6p 2[3]° 5/2,3601,49.8,573,30.9,,3491,46.4,416,31.1,,1887,50.9,300,30.1,,1830,48.5,291,30.8,,3667,48.3,583,30.5,,1845,51.6,293,30.3,,1857,50.1,295,30.4,,1823,50.9,290,30.6,,1518,53.6,241,30.3,,930,52.2,177,31.1,,,,,,,,,,,,,,,,,,,,,,,
XeII,391.66,1h,,93,37,5p4(3P1)6d 2[2] 3/2,5p4(3P0)6p 2[1]° 1/2,23,0.3,4,28.4,,21,0.3,3,29.5,,70,0.7,11,7.8,,11,0.4,2,83.8,,31,0.4,4,25.7,,17,0.7,3,49.6,,14,0.6,2,48.4,,13,0.4,2,33.9,,17,0.7,3,33.2,,9,0.5,2,5.0,,,,,,,,,,,,,,,,,,,,,,,
XeII,392.078,1h,,109,45,5p4(3P1)4f 2[3]° 5/2,5p4(1D2)5d 2[2] 5/2,54,0.8,9,26.4,,47,0.7,7,25.3,,18,0.8,3,77.2,,18,0.8,3,63.7,,56,0.8,7,32.6,,25,0.8,4,44.9,,21,0.8,3,60.0,,31,0.9,5,25.4,,16,0.7,3,41.7,,17,1.1,4,45.3,,,,,,,,,,,,,,,,,,,,,,,
XeII,392.68,1,,83,32,5p4(3P2)4f 2[2]° 5/2,5p4(3P1)5d 2[3] 5/2,76,1.2,10,34.8,,102,1.4,16,22.6,,46,1.4,7,34.8,,38,1.3,6,36.7,,91,1.4,11,29.0,,36,1.2,6,26.1,,42,1.4,7,32.9,,49,1.6,8,29.3,,37,1.4,6,19.3,,20,1.1,3,35.9,,,,,,,,,,,,,,,,,,,,,,,
XeII,392.842,,,53,17,5p4(1D2)6p 2[2]° 3/2,5p4(3P2)5d 2[3] 5/2,9,0.1,1,50.0,,13,0.2,2,22.9,,23,0.2,4,7.3,,9,0.2,1,19.8,,22,0.2,3,9.1,,10,0.3,2,16.0,,52,0.2,8,7.0,,45,0.2,7,7.3,,10,0.4,2,3.7,,23,0.6,4,8.1,,,16.356,0.04,28.57,0.0243,16.368,1.676e-16,4.457e-13,11.38,1 2 4 5 6 7 8 10 12 13 22 23 33 34,7.74e+06,23:2.7e+06 34:2.6e+06 33:1.8e+06,1.11e-07,27,1/27,8.50e+07,7.7e+14,,,,,
XeII,393.322,1,,51,14,5p4(1D2)6p 2[1]° 3/2,5p4(3P1)5d 2[1] 1/2,146,2.2,17,32.0,,155,2.3,18,29.7,,105,3.3,17,33.0,,112,3.7,18,32.2,,248,3.8,30,30.5,,120,3.4,19,33.9,,126,3.8,20,33.6,,135,3.9,21,31.4,,104,3.9,17,35.4,,67,4.1,13,31.2,,,16.077,0.1677,29.93,0.0721,16.082,7.579e-16,1.815e-12,11.23,1 2 4 5 6 7 8 10 12 13 22 23 33 34,8.14e+06,23:5.5e+06 33:1.2e+06 34:7.2e+05,4.19e-07,27,0/27,,,,,,,
XeII,393.766,2,,70,31,5p4(3P2)6d 2[3] 5/2,5p4(3P2)6p 2[3]° 7/2,63,1.0,8,34.7,,64,0.9,8,34.1,,29,0.8,5,34.4,,30,0.9,5,32.3,,64,1.0,8,31.7,,33,0.9,4,37.7,,24,0.9,4,42.2,,29,0.8,5,33.2,,24,0.9,4,37.4,,20,1.4,3,37.5,,"BaI 393.787 (I=59, A=1.1e+07)",,,,,,,,,,,,,,,,,,,,,
XeII,393.892,15h,,107,45,5p4(3P1)4f 2[3]° 7/2,5p4(1D2)5d 2[2] 5/2,419,5.9,50,29.1,,413,5.9,39,29.2,,224,6.9,27,28.7,,217,6.6,26,28.3,,427,6.5,51,28.9,,206,6.1,25,29.9,,217,6.6,26,29.8,,223,6.6,35,28.6,,165,6.1,20,29.7,,107,6.9,17,28.9,,,,,,,,,,,,,,,,,,,,,,,
XeII,394.221,3,,56,19,5p4(1D2)6p 2[1]° 1/2,5p4(3P0)5d 2[2] 3/2,163,2.1,16,29.8,,166,2.2,13,30.7,,84,2.5,10,34.5,,95,2.8,11,28.3,,166,2.4,16,30.4,,96,2.8,11,27.6,,97,2.8,9,26.0,,93,2.7,11,30.8,,68,2.6,8,30.9,,44,2.7,7,35.0,,XeI 394.229 (I=2),16.458,0.0535,16.49,0.0512,16.463,3.024e-16,7.413e-13,11.26,1 2 4 5 6 7 8 10 12 13 22 23 33 34,2.18e+06,34:4.0e+05 4:3.2e+05 23:2.9e+05,3.53e-07,18,0/18,,,,,,,
XeII,394.357,20,,37,5,5p4(3P0)6p 2[1]° 1/2,5p4(3P2)6s 2[2] 3/2,2644,37.2,252,28.1,,2575,36.0,205,28.8,,1335,38.7,159,29.0,,1323,37.8,140,28.7,,2616,36.0,250,28.7,,1334,37.8,159,28.6,,1304,37.3,138,28.7,,1343,37.1,160,28.3,,1045,35.5,125,29.0,,667,35.4,106,28.4,,,14.93,0.0871,15.29,0.0834,14.939,1.749e-15,1.900e-12,10.09,1 2 4 5 6 7 8 10 12 13 22 23 33 34,4.38e+06,33:1.2e+06 34:1.0e+06 23:9.1e+05,4.00e-07,14,0/14,,,,,,,
XeII,395.161,5Hl,,95,40,5p4(3P1)6d 2[3] 5/2,5p4(3P0)6p 2[1]° 3/2,1997,12.7,212,33.4,,2021,12.1,193,32.9,,1051,13.2,143,32.6,,1040,11.6,124,32.2,,2088,11.5,249,32.7,,1022,12.2,122,33.9,,1045,11.0,125,32.1,,1052,10.6,125,32.3,,815,11.6,97,32.8,,511,11.9,81,33.7,,,,,,,,,,,,,,,,,,,,,,,
XeII,395.473,20hl,,81,32,5p4(3P2)4f 2[4]° 7/2,5p4(3P1)5d 2[3] 5/2,1390,17.5,166,28.8,,1368,18.3,130,28.5,,715,19.8,114,29.1,,737,20.4,100,27.7,,1408,19.2,192,28.8,,753,21.1,120,27.4,,693,19.3,110,29.2,,709,20.2,85,28.8,,561,20.2,67,29.5,,347,19.8,55,28.7,,,,,,,,,,,,,,,,,,,,,,,
XeII,396.215,0,,110,46,5p4(1D2)7s 2[2] 3/2,5p4(3P1)6p 2[1]° 1/2,277,2.5,44,28.3,,209,1.8,25,26.6,,117,2.3,19,28.4,,104,1.8,16,25.6,,173,1.3,21,24.2,,70,1.1,11,27.7,,73,1.1,12,25.6,,57,0.9,7,32.9,,45,1.1,7,27.4,,21,1.0,3,39.7,,,,,,,,,,,,,,,,,,,,,,,
XeII,397.258,50Hl,,,49,Ek=154032.42,5p4(1D2)6p 2[3]° 5/2,512,7.2,61,30.0,,533,7.5,64,29.0,,279,8.4,44,29.0,,273,8.2,43,29.5,,529,7.7,63,29.8,,286,8.9,45,28.8,,271,8.2,43,29.3,,259,7.7,31,30.4,,206,7.3,33,31.2,,142,9.1,23,29.7,,,,,,,,,,,,,,,,,,,,,,,
XeII,397.559,4,,39,8,5p4(3P1)6p 2[0]° 1/2,5p4(3P2)5d 2[2] 3/2,228,3.1,22,28.2,,215,2.9,26,28.6,,117,3.4,14,28.1,,101,2.8,16,31.1,,216,2.9,26,29.1,,118,3.5,19,28.6,,114,3.2,18,30.7,,114,3.3,14,28.9,,94,3.2,15,27.8,,61,3.6,10,29.5,,,15.024,0.0578,15.09,0.0477,15.034,1.053e-15,1.186e-12,10.14,1 2 4 5 6 7 8 10 12 13 22 23 33 34,1.07e+07,13:7.0e+06 33:9.3e+05 22:9.2e+05,6.55e-07,14,1/14,7.40e+07,1.1e+14,,,,,
XeII,397.898,2h,,81,33,5p4(3P2)4f 2[4]° 7/2,5p4(1D2)5d 2[4] 9/2,43,0.6,5,23.1,,38,0.5,4,32.5,,15,0.4,2,35.6,,12,0.3,2,36.5,,33,0.5,4,41.2,,19,0.6,3,30.1,,21,0.5,3,24.6,,13,0.6,2,56.7,,13,0.6,2,38.1,,40,0.8,6,7.7,,,,,,,,,,,,,,,,,,,,,,,
XeII,398.041,2h,,81,34,5p4(3P2)4f 2[4]° 7/2,5p4(1D2)5d 2[4] 7/2,73,1.0,9,26.9,,65,0.8,8,26.5,,29,0.8,5,35.9,,31,0.8,5,30.6,,70,1.0,8,29.5,,33,0.9,5,31.8,,36,1.0,6,30.2,,36,1.1,4,36.0,,34,1.3,5,31.0,,11,0.6,2,38.1,,,,,,,,,,,,,,,,,,,,,,,
XeII,398.121,1h,,,49,Ek=153978.37,5p4(1D2)6p 2[3]° 5/2,25,0.3,3,26.2,,10,0.1,1,28.3,,23,0.5,4,61.1,,46,0.3,7,8.4,,27,0.3,3,14.9,,13,0.4,2,3.4,,14,0.4,2,5.5,,77,0.6,9,7.0,,73,0.4,12,7.0,,10,0.4,2,41.2,,,,,,,,,,,,,,,,,,,,,,,
XeII,399.033,60Hl,,67,30,5p4(3P2)6d 2[0] 1/2,5p4(3P2)6p 2[1]° 1/2,1519,21.1,181,29.9,,1535,21.4,183,29.0,,790,23.6,126,28.4,,761,22.6,181,29.8,,1544,22.9,245,29.6,,769,24.1,183,29.7,,782,24.9,187,28.8,,765,22.9,122,29.3,,598,23.5,143,30.0,,381,24.4,91,29.4,,,,,,,,,,,,,,,,,,,,,,,
XeII,399.605,3,,53,18,5p4(1D2)6p 2[2]° 3/2,5p4(3P1)6s 2[1] 1/2,108,1.5,15,30.1,,108,1.4,13,28.1,,51,1.5,8,37.5,,49,1.5,8,33.3,,108,1.6,17,31.0,,59,1.6,14,25.1,,59,1.7,9,27.5,,48,1.4,8,36.0,,50,1.9,8,30.2,,26,1.8,4,49.7,,,16.356,0.04,28.57,0.0243,16.368,1.676e-16,4.457e-13,11.38,1 2 4 5 6 7 8 10 12 13 22 23 33 34,7.74e+06,23:2.7e+06 34:2.6e+06 33:1.8e+06,1.11e-07,27,1/27,8.50e+07,7.7e+14,,,,,
XeII,400.055,5h,,79,34,5p4(3P2)4f 2[5]° 9/2,5p4(1D2)5d 2[4] 7/2,164,2.2,20,28.3,,171,2.4,27,24.1,,89,2.5,14,25.7,,90,2.4,14,27.6,,159,2.2,25,28.1,,94,2.6,22,26.4,,88,2.6,14,29.6,,83,2.4,13,25.8,,69,2.4,16,26.8,,49,3.0,8,26.8,,WI 400.070 (I=15),,,,,,,,,,,,,,,,,229,2.6,27,29.6,
XeII,400.235,80Hl,,106,45,5p4(3P1)4f 2[4]° 7/2,5p4(1D2)5d 2[2] 5/2,1095,15.7,131,27.9,,1019,14.6,162,29.6,,538,15.1,86,29.2,,543,15.1,86,28.5,,1074,15.1,171,29.7,,557,16.4,133,28.5,,555,16.5,88,29.1,,567,16.4,135,28.7,,415,14.9,66,31.0,,277,17.5,44,29.0,,WI 400.266 (I=3),,,,,,,,,,,,,,,,,1424,15.3,170,28.5,
XeII,400.309,1,,100,41,5p4(3P1)6d 2[1] 3/2,5p4(3P1)6p 2[2]° 5/2,1107,0.9,132,27.2,,1021,0.9,162,29.5,,538,0.8,86,29.2,,542,0.9,86,28.8,,1060,0.6,168,30.8,,557,0.5,133,28.5,,563,0.7,90,27.9,,567,0.6,135,28.8,,412,1.0,66,31.8,,280,1.4,45,28.3,,WI 400.278 (I=1); WI 400.296 (I=1); WII 400.276 (I=4),,,,,,,,,,,,,,,,,1424,15.3,170,28.5,
XeII,400.846,1H,,,51,Ek=154608.07,5p4(1D2)6p 2[1]° 3/2,83,1.4,10,47.9,,71,1.0,11,51.2,,60,1.6,10,35.0,,59,1.7,9,23.8,,102,1.4,16,36.8,,25,1.3,4,74.3,,53,1.5,8,39.7,,52,1.4,12,35.0,,37,1.4,6,28.1,,21,1.4,3,56.4,,"WI 400.875 (I=1000, A=1.6e+07); WII 400.833 (I=4); WII 400.871 (I=m)",,,,,,,,,,,,,,,,,108,1.3,13,28.2,
XeII,401.656,2h,,105,45,5p4(1S0)6p 2[1]° 3/2,5p4(1D2)5d 2[2] 5/2,48,0.6,6,33.1,,42,0.5,7,25.0,,26,0.7,4,24.0,,13,0.4,2,62.0,,34,0.5,3,37.2,,24,0.6,4,33.5,,22,0.7,3,42.5,,24,0.7,4,42.7,,13,0.5,2,49.1,,35,0.4,8,6.9,,"WI 401.652 (I=50); WI 401.692 (I=3); WII 401.692 (I=3, A=1.2e+05)",18.497,0.0168,18.56,0.0167,18.504,1.748e-17,1.329e-13,12.89,1 2 4 5 6 7 8 10 12 13 22 23 33 34,4.99e+06,34:2.0e+06 33:1.5e+06 23:9.2e+05,6.89e-08,50,0/50,,,45,0.5,7,22.1,
XeII,401.786,2h,,104,43,5p4(3P1)4f 2[2]° 5/2,5p4(1D2)5d 2[1] 3/2,37,0.5,4,20.7,,21,0.3,3,39.7,,17,0.5,3,20.9,,25,0.7,4,45.9,,40,0.5,4,31.9,,16,0.4,3,50.7,,15,0.7,2,125.0,,16,0.4,3,36.3,,20,0.7,3,39.4,,47,0.7,11,6.8,,,,,,,,,,,,,,,,,,,30,0.3,5,22.6,
XeII,402.519,30,,56,20,5p4(1D2)6p 2[1]° 1/2,5p4(3P1)5d 2[1] 3/2,1206,15.5,144,28.3,,1179,14.9,141,28.6,,621,16.7,99,28.6,,609,16.3,97,28.3,,1227,16.1,117,28.5,,598,15.8,81,29.2,,636,17.1,101,27.7,,626,16.3,100,27.7,,493,16.7,78,29.3,,303,16.8,72,28.8,,WI 402.519 (I=5); WI 402.535 (I=1); WII 402.503 (I=2),16.458,0.0535,16.49,0.0512,16.463,3.024e-16,7.413e-13,11.26,1 2 4 5 6 7 8 10 12 13 22 23 33 34,2.18e+06,34:4.0e+05 4:3.2e+05 23:2.9e+05,3.53e-07,18,0/18,,,1241,14.6,148,28.2,
XeII,402.62,5Hl,,100,42,5p4(3P1)6d 2[1] 3/2,5p4(3P1)6p 2[2]° 3/2,1206,8.6,144,28.3,,1179,8.1,141,28.6,,621,8.9,99,28.6,,609,7.9,97,28.3,,1227,8.3,117,28.5,,598,8.0,81,29.2,,636,8.3,101,27.7,,626,7.8,100,27.7,,493,8.0,78,29.3,,303,8.2,72,28.8,,"WI 402.589 (I=1); WI 402.603 (I=2); AlII 402.650 (I=20, A=1.2e+07)",,,,,,,,,,,,,,,,,1241,14.6,148,28.2,
XeII,402.682,0,,54,19,5p4(1D2)6p 2[2]° 5/2,5p4(3P0)5d 2[2] 3/2,126,1.5,15,32.9,,103,1.4,12,36.0,,60,2.1,10,44.2,,58,1.7,8,35.4,,127,1.7,12,29.6,,58,1.7,9,40.2,,63,1.9,10,38.4,,61,1.7,10,34.8,,48,1.8,8,37.5,,21,1.8,5,70.8,,"XeIII 402.682 (I=2); WI 402.682 (I=1w); AlII 402.650 (I=20, A=1.2e+07)",16.392,0.047,16.41,0.039,16.395,2.757e-16,6.871e-13,11.28,1 2 4 5 6 7 8 10 12 13 22 23 33 34,1.18e+07,23:6.4e+06 33:3.3e+06 34:1.5e+06,1.89e-07,24,1/24,1.00e+08,5.3e+14,109,1.5,13,38.9,
XeII,402.797,3h,,77,34,5p4(3P2)7p 2[3]° 7/2,5p4(1D2)5d 2[4] 7/2,18,0.2,2,2.7,,15,0.2,1,4.9,,18,0.3,2,9.4,,54,0.4,6,7.2,,14,0.2,1,18.4,,12,0.3,2,15.3,,4,0.1,1,,,12,0.3,1,2.1,,9,0.3,1,0.6,,35,0.3,8,7.5,,,,,,,,,,,,,,,,,,,38,0.1,5,7.0,
XeII,402.982,1-,,91,37,5p4(3P1)6d 2[1] 1/2,5p4(3P0)6p 2[1]° 1/2,20,0.2,2,5.5,,14,0.2,1,3.7,,8,0.2,1,19.4,,10,0.3,1,32.0,,10,0.1,1,4.2,,33,0.2,4,7.6,,12,0.4,2,68.4,,6,0.2,1,74.5,,9,0.3,1,1.4,,12,0.5,2,2.7,,WI 402.960 (I=6); WI 402.992 (I=3); WI 402.998 (I=3),,,,,,,,,,,,,,,,,49,0.1,5,7.2,
XeII,403.587,1,,40,9,5p4(3P0)6p 2[1]° 3/2,5p4(3P2)5d 2[1] 1/2,53,0.6,5,30.9,,43,0.5,4,42.3,,29,0.8,3,28.8,,36,1.0,4,27.6,,36,0.6,4,53.4,,28,0.7,3,14.9,,24,0.6,4,46.4,,29,0.7,3,28.6,,16,0.7,2,64.4,,12,0.7,2,55.4,,WI 403.623 (I=2),15.08,0.0654,15.22,0.0625,15.089,9.965e-16,1.165e-12,10.19,1 2 4 5 6 7 8 10 12 13 22 23 33 34,8.43e+06,23:3.8e+06 13:2.7e+06 22:6.1e+05,2.53e-07,22,0/22,,,36,0.5,3,53.7,
XeII,403.729,100,,63,25,5p4(3P2)6d 2[1] 1/2,5p4(3P2)6p 2[2]° 3/2,3032,35.1,289,43.2,,3008,34.8,287,43.3,,1562,37.7,186,43.4,,1539,37.5,183,43.6,,3099,37.5,369,43.2,,1558,38.0,186,43.3,,1514,36.9,241,43.6,,1562,37.7,186,42.7,,1215,36.6,193,43.6,,763,36.7,121,43.4,,XeII 403.759 (I=200),,,,,,,,,,,,,,,,,3278,36.1,313,43.6,
XeII,403.759,200,,93,39,5p4(3P1)6d 2[2] 3/2,5p4(3P1)6p 2[0]° 1/2,3032,35.1,289,43.2,,3008,34.8,287,43.3,,1562,37.7,186,43.4,,1539,37.5,183,43.6,,3099,37.5,369,43.2,,1558,38.0,186,43.3,,1514,36.9,241,43.6,,1562,37.7,186,42.7,,1215,36.6,193,43.6,,763,36.7,121,43.4,,XeII 403.729 (I=100); WII 403.771 (I=5); WII 403.781 (I=3),,,,,,,,,,,,,,,,,3278,36.1,313,43.6,
XeII,403.969,1-,,74,32,5p4(3P2)4f 2[2]° 3/2,5p4(3P1)5d 2[3] 5/2,9,0.2,1,147.2,,15,0.2,1,4.5,,16,0.2,2,177.3,,16,0.4,2,,,16,0.2,1,44.9,,15,0.4,2,18.4,,19,0.4,3,121.8,,20,0.5,3,17.4,,15,0.4,2,16.8,,58,0.5,9,6.7,,WI 403.942 (I=8); WI 403.985 (I=12); WI 403.992 (I=5),,,,,,,,,,,,,,,,,17,0.3,1,51.7,
XeII,404.464,6H,,,49,Ek=153584.09,5p4(1D2)6p 2[3]° 5/2,170,2.3,20,72.4,,177,2.4,21,69.9,,90,2.7,14,82.7,,93,2.5,15,63.2,,185,2.7,22,70.9,,91,2.6,14,72.2,,91,2.5,14,63.1,,89,2.7,14,70.4,,80,3.1,13,61.4,,48,3.0,8,70.1,,"XeII 404.490 (I=8H); WI 404.428 (I=30); WII 404.442 (I=3p, A=6.9e+04)",,,,,,,,,,,,,,,,,195,2.9,23,76.8,
XeII,404.49,8H,,,51,Ek=154382.83,5p4(1D2)6p 2[1]° 3/2,170,2.3,20,72.4,,177,2.4,21,69.9,,90,2.7,14,82.7,,93,2.5,15,63.2,,185,2.7,22,70.9,,91,2.6,14,72.2,,91,2.5,14,63.1,,89,2.7,14,70.4,,80,3.1,13,61.4,,48,3.0,8,70.1,,XeII 404.464 (I=6H),,,,,,,,,,,,,,,,,195,2.9,23,76.8,
XeII,405.127,10h,,94,40,5p4(3P1)6d 2[2] 5/2,5p4(3P0)6p 2[1]° 3/2,196,2.2,21,26.7,,179,2.1,19,32.4,,103,2.4,14,25.7,,88,2.1,14,27.9,,182,2.1,22,27.6,,98,2.4,16,27.7,,116,2.6,18,26.6,,98,2.3,16,29.1,,85,2.6,14,30.2,,56,2.6,13,23.1,,WI 405.130 (I=3w),,,,,,,,,,,,,,,,,212,2.2,25,28.9,
XeII,405.746,200H,,65,26,5p4(3P2)6d 2[4] 7/2,5p4(3P2)6p 2[2]° 5/2,6741,80.6,804,28.9,,6649,79.3,793,29.0,,3539,86.6,563,28.3,,3460,88.4,472,29.0,,6888,84.0,730,28.9,,3436,85.5,410,29.3,,3473,84.7,414,28.8,,3435,83.4,655,29.0,,2775,88.7,441,28.7,,1742,88.6,277,29.2,,WI 405.746 (I=4),,,,,,,,,,,,,,,,,7091,81.8,846,29.1,
XeII,406.212,6,,64,26,5p4(1S0)5d 2[2] 5/2,5p4(3P2)6p 2[2]° 5/2,272,3.1,32,28.5,,274,3.2,33,28.6,,152,3.6,24,27.2,,129,3.2,21,31.6,,271,3.3,32,27.7,,148,3.9,20,27.5,,138,3.6,22,30.1,,129,3.0,21,27.1,,116,3.5,18,27.8,,69,3.5,11,30.3,,WI 406.226 (I=1),16.932,0.0453,17.06,0.0434,16.939,1.883e-16,6.526e-13,11.76,1 2,0.00e+00,,7.95e-09,15,0/15,,,286,3.4,34,29.7,
XeII,406.653,,,,55,Ek=157102.56,5p4(3P2)7s 2[2] 5/2,12,0.1,1,,,22,0.2,3,310.4,,11,0.3,1,47.6,,14,0.4,2,356.6,,9,0.1,1,70.5,,51,0.3,6,7.3,,13,0.3,2,5.0,,12,0.3,2,4.4,,7,0.2,1,54.7,,11,0.5,2,21.8,,,,,,,,,,,,,,,,,,,7,0.1,1,67.5,
XeII,407.21,6h,,66,29,5p4(1S0)5d 2[2] 3/2,5p4(3P2)6p 2[3]° 5/2,129,1.6,15,42.8,,138,1.6,16,35.4,,75,1.7,9,33.7,,69,1.8,11,44.6,,126,1.5,15,40.4,,63,1.6,10,37.0,,65,1.6,8,36.6,,62,1.6,10,42.6,,65,2.2,10,36.0,,36,1.9,6,41.3,,"WI 407.193 (I=25, A=3.3e+06)",17.118,0.0233,17.42,0.0163,17.129,7.052e-17,2.399e-13,11.73,1 2,0.00e+00,,1.09e-08,19,0/19,,,139,1.7,17,47.4,
XeII,407.35,15,,53,19,5p4(1D2)6p 2[2]° 3/2,5p4(3P0)5d 2[2] 3/2,474,5.2,57,27.8,,443,4.7,53,29.0,,226,5.0,27,28.5,,246,5.7,39,27.7,,451,5.0,54,29.2,,237,5.4,38,28.5,,246,5.6,29,27.4,,239,5.3,38,26.2,,193,5.6,31,28.8,,115,5.6,18,30.9,,WI 407.315 (I=12); WI 407.386 (I=3),16.356,0.04,28.57,0.0243,16.368,1.676e-16,4.457e-13,11.38,1 2 4 5 6 7 8 10 12 13 22 23 33 34,7.74e+06,23:2.7e+06 34:2.6e+06 33:1.8e+06,1.11e-07,27,1/27,8.50e+07,7.7e+14,505,5.6,69,27.8,
XeII,409.188,3h,,72,32,5p4(3P2)4f 2[3]° 5/2,5p4(3P1)5d 2[3] 5/2,73,0.9,7,28.4,,79,0.9,9,23.4,,35,0.9,6,31.7,,38,1.0,6,31.4,,90,1.1,11,24.0,,39,1.0,6,29.3,,34,1.0,5,36.8,,33,0.8,5,28.1,,37,1.2,6,27.5,,22,1.7,3,45.2,,,,,,,,,,,,,,,,,,,90,1.1,11,28.2,
XeII,409.889,100h,,66,30,5p4(1S0)5d 2[2] 3/2,5p4(3P2)6p 2[1]° 1/2,1479,18.5,141,27.8,,1456,18.1,139,27.5,,746,18.9,89,28.2,,723,18.3,115,28.2,,1444,18.4,172,27.6,,710,17.0,85,28.5,,733,18.8,117,28.2,,725,18.3,86,28.5,,583,18.4,93,28.2,,367,18.3,70,27.9,,"WI 409.902 (I=10); WII 409.894 (I=7); WII 409.914 (I=6); CaI 409.853 (I=15, A=1.3e+07); CaI 409.857 (I=15, A=1.5e+06); CaI 409.861 (I=-, A=5.8e+04)",17.118,0.0233,17.42,0.0163,17.129,7.052e-17,2.399e-13,11.73,1 2,0.00e+00,,1.09e-08,19,0/19,,,1595,18.8,190,27.9,
XeII,410.034,20,,37,8,5p4(3P0)6p 2[1]° 1/2,5p4(3P2)5d 2[2] 3/2,1106,13.5,88,26.4,,1084,13.4,103,27.1,,555,14.2,66,25.8,,586,15.0,70,25.6,,1163,14.8,111,26.1,,581,14.2,69,26.0,,562,14.4,89,27.0,,562,14.4,67,26.9,,442,14.1,70,26.7,,263,13.5,42,28.5,,WI 410.033 (I=2),14.93,0.0871,15.29,0.0834,14.939,1.749e-15,1.900e-12,10.09,1 2 4 5 6 7 8 10 12 13 22 23 33 34,4.38e+06,33:1.2e+06 34:1.0e+06 23:9.1e+05,4.00e-07,14,0/14,,,1183,14.1,113,26.7,
XeII,410.097,1h,,71,32,5p4(3P2)7p 2[2]° 5/2,5p4(3P1)5d 2[3] 5/2,1106,13.5,88,26.4,,1084,13.4,103,27.1,,555,14.2,66,25.8,,586,15.0,70,25.6,,1163,14.8,111,26.1,,581,14.2,69,26.0,,562,14.4,89,27.0,,562,14.4,67,26.9,,442,14.1,70,26.7,,263,13.5,42,28.5,,WI 410.089 (I=6); WII 410.100 (I=26),,,,,,,,,,,,,,,,,1183,14.1,113,26.7,
XeII,410.31,8hl,,,51,Ek=154032.42,5p4(1D2)6p 2[1]° 3/2,121,1.5,10,33.3,,125,1.5,10,29.7,,58,1.7,6,39.3,,67,1.8,8,30.0,,129,1.7,12,30.5,,65,1.6,7,30.1,,70,1.8,8,31.0,,60,1.5,7,33.3,,54,1.8,9,32.5,,36,1.6,6,30.4,,"WI 410.294 (I=4, A=4.2e+04); WI 410.312 (I=6); WII 410.283 (I=9)",,,,,,,,,,,,,,,,,135,1.7,13,31.3,
XeII,410.495,40,,51,15,5p4(1D2)6p 2[1]° 3/2,5p4(3P2)5d 2[1] 3/2,1643,18.8,112,28.0,,1571,16.9,125,27.8,,848,18.8,81,27.8,,857,19.0,102,27.3,,1647,18.3,131,28.4,,839,17.8,100,27.6,,839,17.7,100,28.2,,830,17.7,79,27.1,,643,18.7,77,28.3,,405,17.9,64,27.7,,,16.077,0.1677,29.93,0.0721,16.082,7.579e-16,1.815e-12,11.23,1 2 4 5 6 7 8 10 12 13 22 23 33 34,8.14e+06,23:5.5e+06 33:1.2e+06 34:7.2e+05,4.19e-07,27,0/27,,,1756,18.6,140,27.5,
XeII,411.041,30,,39,9,5p4(3P1)6p 2[0]° 1/2,5p4(3P2)5d 2[1] 1/2,1388,17.5,132,27.9,,1411,17.7,135,27.8,,703,17.9,84,28.1,,715,17.8,85,28.1,,1433,17.9,137,27.7,,698,16.9,83,28.3,,718,17.2,86,28.0,,723,17.2,69,27.8,,582,18.3,93,27.9,,372,18.6,59,27.5,,"XeIII 411.005 (I=12); WI 411.057 (I=8, A=2.2e+06); WII 411.070 (I=4); CaII 411.028 (I=30, A=1.9e+06)",15.024,0.0578,15.09,0.0477,15.034,1.053e-15,1.186e-12,10.14,1 2 4 5 6 7 8 10 12 13 22 23 33 34,1.07e+07,13:7.0e+06 33:9.3e+05 22:9.2e+05,6.55e-07,14,1/14,7.40e+07,1.1e+14,1511,17.5,144,28.7,
XeII,411.214,30Hl,,93,40,5p4(3P1)6d 2[2] 3/2,5p4(3P0)6p 2[1]° 3/2,634,7.7,60,30.2,,640,7.6,61,30.0,,333,7.7,40,30.3,,343,8.0,41,29.8,,647,7.2,62,29.6,,334,7.6,40,30.5,,322,7.4,38,29.2,,316,7.0,38,30.7,,255,7.4,41,29.6,,169,7.7,27,31.2,,"XeII 411.242 (I=0); XeIII 411.234 (I=1-); WI 411.182 (I=25, A=1.6e+05); WI 411.248 (I=8)",,,,,,,,,,,,,,,,,697,7.5,66,29.2,
XeII,411.242,0,,98,42,5p4(3P2)8s 2[2] 3/2,5p4(3P1)6p 2[2]° 3/2,634,7.7,60,30.2,,640,7.6,61,30.0,,333,7.7,40,30.3,,343,8.0,41,29.8,,647,7.2,62,29.6,,334,7.6,40,30.5,,322,7.4,38,29.2,,316,7.0,38,30.7,,255,7.4,41,29.6,,169,7.7,27,31.2,,XeII 411.214 (I=30Hl); XeIII 411.234 (I=1-); WI 411.248 (I=8),,,,,,,,,,,,,,,,,697,7.5,66,29.2,
XeII,411.326,2,,102,43,5p4(3P1)4f 2[2]° 3/2,5p4(1D2)5d 2[1] 3/2,634,7.7,60,30.2,,640,7.6,61,30.0,,333,7.7,40,30.3,,343,8.0,41,29.8,,647,7.2,62,29.6,,334,7.4,40,30.5,,322,7.4,38,29.2,,316,7.0,38,30.7,,255,7.4,41,29.6,,169,7.7,27,31.2,,XeII 411.352 (I=2),,,,,,,,,,,,,,,,,697,7.5,66,29.2,
XeII,411.352,2,,54,20,5p4(1D2)6p 2[2]° 5/2,5p4(3P1)5d 2[1] 3/2,84,1.0,8,54.1,,641,1.1,61,29.6,,41,1.0,5,50.0,,345,1.0,41,29.4,,85,1.3,8,60.1,,38,1.3,5,74.5,,43,1.2,7,52.7,,34,1.0,4,66.1,,25,0.8,4,71.8,,168,1.4,27,31.7,,XeII 411.326 (I=2),16.392,0.047,16.41,0.039,16.395,2.757e-16,6.871e-13,11.28,1 2 4 5 6 7 8 10 12 13 22 23 33 34,1.18e+07,23:6.4e+06 33:3.3e+06 34:1.5e+06,1.89e-07,24,1/24,1.00e+08,5.3e+14,93,1.1,9,60.2,
XeII,412.186,5h,,69,32,5p4(3P2)4f 2[3]° 7/2,5p4(3P1)5d 2[3] 5/2,90,1.2,11,26.4,,92,1.1,11,28.0,,44,1.1,7,24.0,,46,1.1,7,30.8,,90,1.2,11,26.9,,43,1.1,7,32.7,,39,1.0,5,33.9,,53,1.2,8,21.9,,42,1.3,10,27.1,,28,1.6,4,28.5,,"WI 412.201 (I=12, A=5.1e+06)",,,,,,,,,,,,,,,,,94,1.2,11,32.4,
XeII,413.101,20,,54,21,5p4(1D2)6p 2[2]° 5/2,5p4(3P0)5d 2[2] 5/2,956,13.7,114,54.7,,920,13.7,146,54.5,,663,19.9,105,46.1,,652,19.4,104,46.0,,1306,18.8,156,45.9,,630,19.4,100,46.5,,630,18.4,100,46.5,,650,18.8,103,45.2,,516,18.7,82,47.0,,331,21.2,53,46.1,,"XeII 413.124 (I=0); BaII 413.065 (I=910, A=2.2e+08)",16.392,0.047,16.41,0.039,16.395,2.757e-16,6.871e-13,11.28,1 2 4 5 6 7 8 10 12 13 22 23 33 34,1.18e+07,23:6.4e+06 33:3.3e+06 34:1.5e+06,1.89e-07,24,1/24,1.00e+08,5.3e+14,1164,15.6,185,49.6,
XeII,413.124,0,,96,41,5p4(3P2)8s 2[2] 5/2,5p4(3P1)6p 2[2]° 5/2,956,13.7,114,54.7,,920,13.7,146,54.5,,663,19.9,105,46.1,,652,19.4,104,46.0,,1306,18.8,156,45.9,,630,19.4,100,46.5,,630,18.4,100,46.5,,650,18.8,103,45.2,,516,18.7,82,47.0,,331,21.2,53,46.1,,XeII 413.101 (I=20),,,,,,,,,,,,,,,,,1164,15.6,185,49.6,
XeII,413.881,3h,,101,43,5p4(1S0)6p 2[1]° 1/2,5p4(1D2)5d 2[1] 3/2,56,0.7,9,32.6,,52,0.7,8,31.1,,26,0.7,4,34.7,,21,0.6,3,35.5,,63,0.9,7,31.1,,19,0.6,3,35.0,,26,0.7,4,24.6,,17,0.6,3,58.3,,25,0.9,4,23.5,,12,1.0,2,66.7,,WII 413.851 (I=6),18.378,0.0244,18.41,0.0216,18.381,2.551e-17,1.707e-13,12.71,1 2 4 5 6 7 8 10 12 13 22 23 33 34,1.63e+07,23:7.7e+06 33:4.4e+06 34:3.6e+06,4.91e-07,33,0/33,,,53,0.6,8,25.4,
XeII,414.819,2h*,,85,35,5p4(3P0)7s 2[0] 1/2,5p4(3P2)6p 2[1]° 3/2,106,0.3,17,6.9,,37,0.5,4,16.0,,18,0.5,3,24.1,,12,0.4,2,36.9,,24,0.3,3,35.3,,15,0.3,3,23.0,,15,0.4,2,28.8,,22,0.6,3,20.5,,18,0.6,3,19.7,,10,0.8,2,45.2,,XeII 414.819 (I=2h*); WI 414.852 (I=3),,,,,,,,,,,,,,,,,10,0.2,2,45.9,
XeII,414.819,2h*,,69,33,5p4(3P2)4f 2[3]° 7/2,5p4(1D2)5d 2[4] 9/2,106,0.3,17,6.9,,37,0.5,4,16.0,,18,0.5,3,24.1,,12,0.4,2,36.9,,24,0.3,3,35.3,,15,0.3,3,23.0,,15,0.4,2,28.8,,22,0.6,3,20.5,,18,0.6,3,19.7,,10,0.8,2,45.2,,XeII 414.819 (I=2h*); WI 414.852 (I=3),,,,,,,,,,,,,,,,,10,0.2,2,45.9,
XeII,415.274,1,,102,45,5p4(3P1)4f 2[2]° 3/2,5p4(1D2)5d 2[2] 5/2,15,0.1,2,4.9,,12,0.2,1,16.6,,51,0.3,8,7.0,,64,0.4,10,6.9,,81,0.2,13,7.1,,8,0.3,2,41.3,,32,0.4,6,2.6,,42,0.3,7,7.3,,5,0.2,1,84.7,,10,0.6,2,36.2,,XeIII 415.274 (I=4bl),,,,,,,,,,,,,,,,,36,0.1,6,6.8,
XeII,415.465,2,,68,33,5p4(3P2)4f 2[4]° 9/2,5p4(1D2)5d 2[4] 9/2,24,0.3,3,20.3,,22,0.4,3,41.6,,18,0.5,3,22.8,,71,0.4,9,7.7,,16,0.2,3,51.9,,14,0.4,3,2.2,,64,0.4,10,6.9,,12,0.3,2,26.4,,47,0.4,7,6.6,,57,0.6,9,7.4,,XeIII 415.466 (I=5bl); WI 415.466 (I=20),,,,,,,,,,,,,,,,,16,0.2,3,15.2,
XeII,415.617,2h,,68,34,5p4(3P2)4f 2[4]° 9/2,5p4(1D2)5d 2[4] 7/2,66,0.9,8,29.3,,65,0.8,8,23.3,,34,0.9,5,26.0,,35,1.1,5,29.5,,53,0.8,8,25.3,,33,0.9,6,32.1,,28,0.8,4,37.0,,24,0.8,4,35.6,,28,1.1,5,38.5,,19,1.1,3,23.0,,WI 415.606 (I=3w),,,,,,,,,,,,,,,,,62,0.8,10,35.3,
XeII,415.804,200H,,91,39,5p4(3P1)6d 2[1] 1/2,5p4(3P1)6p 2[0]° 1/2,2035,26.9,243,28.2,,2000,27.0,238,28.4,,1080,31.9,172,27.9,,1051,31.1,167,28.7,,2096,29.3,333,28.2,,1008,27.8,240,29.7,,1050,29.6,167,28.2,,1017,28.7,162,28.7,,818,29.9,130,28.8,,505,32.2,80,28.5,,WI 415.768 (I=2),,,,,,,,,,,,,,,,,2151,27.8,256,28.7,
XeII,416.216,60,,53,20,5p4(1D2)6p 2[2]° 3/2,5p4(3P1)5d 2[1] 3/2,1783,24.4,243,26.9,,1761,24.4,210,26.8,,886,27.0,141,27.0,,916,27.9,146,26.5,,1731,24.7,206,27.2,,892,25.6,142,26.8,,899,25.8,143,26.9,,879,25.3,140,26.6,,706,26.3,112,27.3,,451,29.2,72,27.3,,XeIII 416.237 (I=2),16.356,0.04,28.57,0.0243,16.368,1.676e-16,4.457e-13,11.38,1 2 4 5 6 7 8 10 12 13 22 23 33 34,7.74e+06,23:2.7e+06 34:2.6e+06 33:1.8e+06,1.11e-07,27,1/27,8.50e+07,7.7e+14,1909,24.6,228,27.7,
XeII,417.099,8Hl,,,52,Ek=154032.42,5p4(1D2)6p 2[3]° 7/2,93,1.2,11,26.4,,69,0.9,8,28.3,,32,1.1,5,39.7,,47,1.3,7,33.9,,80,1.0,10,32.8,,53,1.5,8,30.1,,38,1.0,6,27.2,,42,1.1,7,37.6,,30,0.9,5,22.3,,18,0.9,3,39.9,,"WI 417.082 (I=1); WI 417.117 (I=60, A=8.6e+05); WII 417.101 (I=4)",,,,,,,,,,,,,,,,,75,1.0,9,29.9,
XeII,418.01,1000*,,,51,Ek=153584.09,5p4(1D2)6p 2[1]° 3/2,12500,157.6,1987,31.7,,12470,157.7,1699,31.7,,6568,161.1,1253,31.5,,6537,157.8,1559,31.5,,12911,157.9,1539,31.7,,6449,156.5,1025,31.8,,6585,170.4,1047,31.7,,6396,156.6,1017,31.8,,5222,161.9,830,31.4,,3276,170.3,521,31.4,,XeII 418.010 (I=1000*); XeII 418.029 (I=1); WI 418.023 (I=10),,,,,,,,,,,,,,,,,13577,167.1,1619,31.3,
XeII,418.01,1000*,,61,25,5p4(3P2)6d 2[2] 3/2,5p4(3P2)6p 2[2]° 3/2,12500,157.6,1987,31.7,,12470,157.7,1699,31.7,,6568,161.1,1253,31.5,,6537,157.8,1559,31.5,,12911,157.9,1539,31.7,,6449,156.5,1025,31.8,,6585,170.4,1047,31.7,,6396,156.6,1017,31.8,,5222,161.9,830,31.4,,3276,170.3,521,31.4,,XeII 418.010 (I=1000*); XeII 418.029 (I=1); WI 418.023 (I=10),,,,,,,,,,,,,,,,,13577,167.1,1619,31.3,
XeII,418.029,1,,,52,Ek=153978.37,5p4(1D2)6p 2[3]° 7/2,12500,157.6,1987,31.7,,12470,157.7,1699,31.7,,6568,161.1,1253,31.5,,6537,157.8,1559,31.5,,12911,157.9,1539,31.7,,6449,156.5,1025,31.8,,6585,170.4,1047,31.7,,6396,156.6,1017,31.8,,5222,161.9,830,31.4,,3276,170.3,521,31.4,,XeII 418.010 (I=1000*); XeII 418.010 (I=1000*); WI 418.023 (I=10),,,,,,,,,,,,,,,,,13577,167.1,1619,31.3,
XeII,419.315,500h,,,49,Ek=152708.92,5p4(1D2)6p 2[3]° 5/2,3522,45.2,420,34.5,,2589,44.2,412,60.5,,1898,47.6,453,33.0,,1857,46.0,295,34.0,,3630,46.8,385,34.5,,1816,45.2,289,34.5,,1802,48.4,287,35.0,,1887,45.8,300,32.9,,1441,48.7,229,35.3,,908,44.9,173,35.3,,XeI 419.301 (I=20),,,,,,,,,,,,,,,,,4006,50.3,478,30.8,
XeII,419.781,10H,,95,41,5p4(3P1)6d 2[3] 5/2,5p4(3P1)6p 2[2]° 5/2,174,2.0,17,30.6,,175,2.2,21,29.3,,87,2.0,14,28.2,,78,2.0,12,32.9,,173,2.1,16,29.0,,90,2.2,12,28.4,,89,2.0,11,28.3,,81,1.9,13,33.1,,66,2.4,10,36.9,,39,2.1,6,37.2,,WI 419.753 (I=2); WI 419.798 (I=1w),,,,,,,,,,,,,,,,,170,2.0,20,29.7,
XeII,420.125,15H,,100,44,5p4(3P1)6d 2[1] 3/2,5p4(3P1)6p 2[1]° 3/2,163,2.0,11,28.7,,149,1.7,12,23.7,,82,2.0,10,25.2,,88,2.0,11,26.3,,148,1.8,12,29.6,,81,1.9,10,26.0,,79,1.8,9,28.2,,90,2.2,9,24.9,,62,1.9,7,31.5,,36,1.9,6,34.8,,WI 420.089 (I=4); WI 420.161 (I=1),,,,,,,,,,,,,,,,,181,2.1,14,27.8,
XeII,420.322,5,,54,22,5p4(1D2)6p 2[2]° 5/2,5p4(3P1)5d 2[3] 7/2,294,3.6,23,,,288,3.5,23,,,148,3.7,18,,,138,3.4,16,,,294,3.7,23,,,150,3.8,18,,,136,3.4,16,,,148,3.7,18,,,122,3.8,15,,,70,3.5,11,,,WI 420.317 (I=1),16.392,0.047,16.41,0.039,16.395,2.757e-16,6.871e-13,11.28,1 2 4 5 6 7 8 10 12 13 22 23 33 34,1.18e+07,23:6.4e+06 33:3.3e+06 34:1.5e+06,1.89e-07,24,1/24,1.00e+08,5.3e+14,334,3.9,32,,
XeII,420.848,400h,,60,25,5p4(3P2)6d 2[2] 5/2,5p4(3P2)6p 2[2]° 3/2,10205,111.1,608,28.7,,10135,114.4,644,28.5,,5333,121.2,462,28.2,,5281,125.9,504,28.1,,10449,124.0,623,28.4,,5203,123.7,496,28.3,,5240,119.3,500,28.5,,5315,120.9,507,27.8,,4241,124.4,405,28.2,,2670,122.1,364,27.8,,WI 420.813 (I=2),,,,,,,,,,,,,,,,,10969,107.3,747,28.6,
XeII,420.947,200h,,61,26,5p4(3P2)6d 2[2] 3/2,5p4(3P2)6p 2[2]° 5/2,10205,111.1,608,28.7,,10135,114.4,644,28.5,,5333,121.2,462,28.2,,5281,125.9,504,28.1,,10449,124.0,623,28.4,,5203,123.7,496,28.3,,5240,119.3,500,28.5,,5315,120.9,507,27.8,,4241,124.4,405,28.2,,2670,122.1,364,27.8,,XeIII 420.958 (I=14); WI 420.950 (I=2); WI 420.978 (I=3),,,,,,,,,,,,,,,,,10969,107.3,747,28.6,
XeII,421.372,400h,,89,37,5p4(3P0)6d 2[2] 3/2,5p4(3P0)6p 2[1]° 1/2,4213,50.6,236,28.7,,4137,50.1,247,29.0,,2178,53.3,189,28.4,,2200,54.0,210,27.8,,4296,53.8,256,28.6,,2158,53.1,206,28.4,,2155,52.3,206,28.2,,2119,52.0,202,28.3,,1712,51.8,163,28.0,,1102,51.5,150,27.6,,XeIII 421.399 (I=24); WI 421.406 (I=4),,,,,,,,,,,,,,,,,4493,49.6,306,28.0,
XeII,421.469,6,,51,16,5p4(1D2)6p 2[1]° 3/2,5p4(3P2)5d 2[0] 1/2,4213,50.6,236,28.7,,4137,50.1,247,29.0,,2178,53.3,189,28.4,,2200,54.0,210,27.8,,4296,53.8,256,28.6,,2158,53.1,206,28.4,,2155,52.3,206,28.2,,2119,52.0,202,28.3,,1712,51.8,163,28.0,,1102,51.5,150,27.6,,WI 421.495 (I=6),16.077,0.1677,29.93,0.0721,16.082,7.579e-16,1.815e-12,11.23,1 2 4 5 6 7 8 10 12 13 22 23 33 34,8.14e+06,23:5.5e+06 33:1.2e+06 34:7.2e+05,4.19e-07,27,0/27,,,4493,49.6,306,28.0,
XeII,421.53,0,,,55,Ek=156235.8,5p4(3P2)7s 2[2] 5/2,20226,129.9,1378,27.5,,19770,134.5,1347,27.5,,10481,152.4,909,27.6,,10443,154.2,906,27.4,,20460,150.6,1501,27.6,,10260,160.8,979,27.8,,10580,157.5,1009,27.4,,10515,161.1,1003,27.7,,8421,152.7,803,27.6,,5321,159.0,846,27.6,,"XeII 421.560 (I=200); WI 421.495 (I=6); WI 421.538 (I=25, A=3.7e+06); WI 421.555 (I=2w); WII 421.547 (I=31)",,,,,,,,,,,,,,,,,21815,259.0,1892,27.4,
XeII,421.56,200,,35,4,5p4(3P2)6p 2[1]° 3/2,5p4(3P2)6s 2[2] 5/2,20225,247.4,1378,27.5,,19770,241.3,1347,27.5,,10481,254.6,1000,27.6,,10443,253.2,996,27.4,,20459,248.2,1626,27.6,,10260,261.2,1087,27.8,,10579,256.1,1121,27.4,,10515,254.0,1114,27.7,,8422,268.4,803,27.6,,5320,244.6,846,27.6,,"XeII 421.530 (I=0); WI 421.538 (I=25, A=3.7e+06); WI 421.555 (I=2w); WII 421.547 (I=31)",14.479,0.2415,28.57,0.1632,14.49,6.324e-15,6.518e-12,10.01,1 2 4 5 6 7 8 10 12 13 22 23 33 34,3.99e+06,23:1.4e+06 5:6.4e+05 33:5.8e+05,5.75e-07,21,1/21,8.20e+07,1.4e+14,21815,259.0,1892,27.4,
XeII,422.3,400h,,95,42,5p4(3P1)6d 2[3] 5/2,5p4(3P1)6p 2[2]° 3/2,2379,29.1,227,29.4,,2345,29.6,280,29.2,,1226,31.4,146,28.9,,1228,31.4,146,29.0,,2397,29.7,254,29.4,,1226,31.4,146,28.6,,1243,31.8,198,28.2,,1252,32.2,149,28.7,,982,33.9,104,29.3,,629,32.7,75,29.0,,,,,,,,,,,,,,,,,,,2561,29.2,305,29.1,
XeII,423.72,,,91,40,5p4(3P1)6d 2[1] 1/2,5p4(3P0)6p 2[1]° 3/2,118,1.4,14,,,106,1.3,10,,,66,1.6,9,,,64,1.6,9,,,106,1.3,13,,,56,1.4,9,,,56,1.4,9,,,48,1.2,6,,,121,1.1,14,240.5,,26,1.3,4,,,WI 423.749 (I=2),,,,,,,,,,,,,,,,,74261123,2.1,7083575,98.3,
XeII,423.796,3bl,,52,17,5p4(1D2)6p 2[3]° 7/2,5p4(3P2)5d 2[3] 5/2,15335,179.3,1828,28.3,,15139,183.8,1444,28.2,,7953,195.8,1084,28.1,,7978,200.3,951,27.7,,15711,191.3,1873,27.9,,7933,198.8,1261,27.7,,7715,193.8,1226,28.0,,7677,193.0,915,27.9,,6168,200.1,735,28.1,,3896,193.2,619,27.8,,XeII 423.825 (I=500h),16.126,0.0844,16.29,0.0766,16.136,7.219e-16,1.639e-12,11.15,1 2 4 5 6 7 8 10 12 13 22 23 33 34,3.87e+07,33:1.9e+07 23:1.3e+07 34:6.5e+06,8.18e-07,16,1/16,6.30e+07,7.7e+13,16358,173.5,1560,27.6,
XeII,423.825,500h,,60,26,5p4(3P2)6d 2[2] 5/2,5p4(3P2)6p 2[2]° 5/2,15335,179.3,1828,28.3,,15139,183.8,1444,28.2,,7953,195.8,1084,28.1,,7978,200.3,951,27.7,,15711,191.3,1873,27.9,,7933,198.8,1261,27.7,,7715,193.8,1226,28.0,,7677,193.0,915,27.9,,6168,200.1,735,28.1,,3896,193.2,619,27.8,,XeII 423.796 (I=3bl),,,,,,,,,,,,,,,,,16358,173.5,1560,27.6,
XeII,424.388,10,,37,9,5p4(3P0)6p 2[1]° 1/2,5p4(3P2)5d 2[1] 1/2,7302,43.4,696,28.6,,7109,44.0,484,28.9,,3726,50.7,355,29.1,,3704,52.4,353,29.2,,7473,50.6,509,28.7,,3678,49.1,439,28.8,,3743,51.5,446,28.4,,3796,52.9,362,28.5,,3005,51.7,287,28.6,,1886,54.7,300,28.9,,WI 424.363 (I=20); WI 424.409 (I=1),14.93,0.0871,15.29,0.0834,14.939,1.749e-15,1.900e-12,10.09,1 2 4 5 6 7 8 10 12 13 22 23 33 34,4.38e+06,33:1.2e+06 34:1.0e+06 23:9.1e+05,4.00e-07,14,0/14,,,7741,34.5,527,28.1,
XeII,424.441,30,,49,15,5p4(1D2)6p 2[3]° 5/2,5p4(3P2)5d 2[1] 3/2,7298,86.4,696,28.6,,7105,82.4,484,28.9,,3724,87.9,355,29.1,,3703,87.5,353,29.2,,7471,88.2,509,28.7,,3676,87.0,438,28.8,,3742,88.3,446,28.5,,3795,89.1,362,28.5,,3004,92.1,287,28.6,,1886,88.6,300,28.9,,"WI 424.409 (I=1); WI 424.436 (I=200, A=1.4e+06)",15.977,0.0664,16.11,0.0322,15.987,3.953e-16,7.704e-13,10.93,1 2 4 5 6 7 8 10 12 13 22 23 33 34,2.03e+07,34:1.3e+07 23:4.7e+06 33:2.1e+06,2.57e-07,24,1/24,1.80e+07,7.0e+13,7735,85.3,527,28.2,
XeII,424.538,500h,,59,26,5p4(3P2)6d 2[3] 7/2,5p4(3P2)6p 2[2]° 5/2,20615,213.4,1966,27.8,,20441,206.4,1393,27.8,,10898,208.7,1040,27.4,,10694,219.5,1020,27.8,,21124,208.6,1439,27.6,,10721,216.3,1023,27.6,,10897,223.5,1039,27.5,,10818,223.8,1032,27.5,,8711,226.1,831,27.6,,5425,226.9,862,27.7,,WI 424.556 (I=10),,,,,,,,,,,,,,,,,7735,85.3,527,28.2,
XeII,425.016,,,,52,Ek=153585.71,5p4(1D2)6p 2[3]° 7/2,52,0.6,6,108.9,,53,0.7,4,105.8,,25,0.7,3,71.4,,25,0.8,3,117.8,,47,0.7,4,139.6,,32,1.0,4,99.3,,25,0.8,3,96.8,,28,0.8,4,140.4,,23,1.0,3,108.1,,13,0.8,2,76.0,,,,,,,,,,,,,,,,,,,1618,15.8,154,31.1,
XeII,425.157,100H,,100,46,5p4(3P1)6d 2[1] 3/2,5p4(3P1)6p 2[1]° 1/2,1371,15.3,131,29.2,,1327,15.0,105,28.7,,699,15.6,83,28.0,,669,15.2,80,29.1,,1378,15.8,131,28.8,,703,16.5,84,27.8,,696,15.5,83,27.9,,696,15.6,83,28.6,,557,16.6,76,29.5,,372,15.9,59,26.5,,WI 425.188 (I=5),,,,,,,,,,,,,,,,,1618,14.8,154,31.1,
XeII,426.357,10h^,,97,43,5p4(3P0)4f 2[3]° 5/2,5p4(1D2)5d 2[1] 3/2,234,3.0,28,34.1,,247,3.2,29,32.6,,110,3.0,18,37.8,,132,3.2,21,30.4,,269,3.4,32,29.9,,127,3.2,20,32.1,,123,3.0,20,28.9,,124,3.0,20,31.0,,104,3.2,16,32.4,,58,3.7,9,40.5,,XeIII 426.340 (I=12); WI 426.330 (I=50),,,,,,,,,,,,,,,,,269,3.3,32,33.4,
XeII,426.984,40,,46,11,5p4(3P1)6p 2[1]° 1/2,5p4(3P0)6s 2[0] 1/2,2056,26.7,245,26.8,,2038,26.7,243,26.7,,1033,27.9,164,27.1,,1040,28.3,165,26.7,,2082,27.5,248,26.9,,1032,28.0,164,27.3,,1050,28.5,167,27.0,,1034,27.9,164,27.1,,819,28.3,130,26.9,,536,30.6,85,26.4,,"WI 426.977 (I=40, A=5.1e+06)",15.445,0.0329,15.71,0.0242,15.456,3.913e-16,5.967e-13,10.57,1 2 4 5 6 7 8 10 12 13 22 23 33 34,3.41e+06,33:7.5e+05 23:7.0e+05 34:7.0e+05,1.24e-07,15,0/15,,,2151,27.4,205,27.5,
XeII,429.517,1a,,98,44,5p4(3P2)8s 2[2] 3/2,5p4(3P1)6p 2[1]° 3/2,2635,34.6,314,28.8,,2582,34.5,308,29.0,,1308,34.6,178,28.8,,1306,33.5,208,29.0,,2557,32.5,305,29.5,,1311,33.8,208,29.0,,1311,35.8,208,28.8,,1324,34.1,211,28.7,,1029,36.1,164,30.0,,653,36.0,156,29.4,,WI 429.500 (I=12),,,,,,,,,,,,,,,,,2827,36.6,337,28.7,
XeII,429.64,500h,,58,25,5p4(1D2)5d 2[0] 1/2,5p4(3P2)6p 2[2]° 3/2,2635,34.6,314,28.8,,2582,34.5,308,29.0,,1308,34.6,178,28.8,,1306,33.5,208,29.0,,2557,32.5,305,29.5,,1311,33.8,208,29.0,,1311,35.8,208,28.8,,1324,34.1,211,28.7,,1029,36.1,164,30.0,,653,36.0,156,29.4,,XeII 429.675 (I=2),16.745,0.1544,24.49,0.0909,16.749,5.916e-16,2.120e-12,11.81,1 2,0.00e+00,,2.94e-08,14,0/14,,,2827,36.6,337,28.7,
XeII,429.675,2,,99,45,5p4(3P0)4f 2[3]° 7/2,5p4(1D2)5d 2[2] 5/2,2641,5.8,315,28.7,,2588,5.8,309,28.9,,1311,5.9,208,28.7,,1310,5.6,208,28.8,,2563,5.0,306,29.3,,1315,5.5,209,28.8,,1314,5.6,209,28.6,,1329,4.9,211,28.5,,1033,6.1,164,29.8,,654,5.8,156,29.3,,XeII 429.640 (I=500h),,,,,,,,,,,,,,,,,2827,19.7,337,28.6,
XeII,430.621,1h,,97,45,5p4(3P0)4f 2[3]° 5/2,5p4(1D2)5d 2[2] 5/2,64,0.8,8,29.0,,62,0.7,8,24.3,,25,0.6,4,37.9,,21,0.6,3,48.1,,43,0.6,5,39.7,,21,0.6,3,30.5,,29,0.7,4,28.7,,33,0.8,8,26.2,,30,0.9,5,21.6,,10,0.6,2,19.2,,WI 430.632 (I=4),,,,,,,,,,,,,,,,,49,0.6,6,32.2,
XeII,431.051,500h,,94,41,5p4(3P1)6d 2[2] 5/2,5p4(3P1)6p 2[2]° 5/2,1414,18.8,225,40.2,,1396,18.8,166,40.3,,729,20.2,116,40.9,,718,20.8,171,41.3,,1421,19.7,226,41.2,,698,19.2,166,41.3,,736,20.5,117,41.5,,727,20.9,173,40.8,,589,21.5,94,41.7,,375,21.8,60,40.4,,WI 431.025 (I=20),,,,,,,,,,,,,,,,,1470,18.3,175,42.3,
XeII,432.182,40,,44,11,5p4(3P1)6p 2[1]° 3/2,5p4(3P0)6s 2[0] 1/2,1626,19.6,194,27.5,,1614,19.6,154,26.7,,815,20.5,156,27.2,,847,21.6,135,26.6,,1627,20.7,194,26.7,,828,21.0,132,26.8,,841,20.3,134,27.0,,836,21.3,199,27.2,,671,21.5,107,27.7,,441,22.1,70,26.6,,WI 432.212 (I=2),15.41,0.0521,15.44,0.0488,15.415,7.621e-16,1.138e-12,10.54,1 2 4 5 6 7 8 10 12 13 22 23 33 34,6.59e+06,13:2.4e+06 33:1.5e+06 23:1.2e+06,2.12e-07,23,0/23,,,1700,18.4,203,28.2,
XeII,433.052,1000,140000000.0,65,29,5p4(3P2)6d 2[4] 7/2,5p4(3P2)6p 2[3]° 5/2,28579,310.9,2726,28.7,,28181,296.2,2240,28.6,,14970,316.8,2380,28.3,,14774,321.9,1762,28.3,,29142,314.6,2780,28.5,,14626,320.6,2325,28.4,,14628,322.8,2326,28.4,,14894,325.6,2368,28.2,,11818,324.5,1409,28.5,,7524,341.5,1196,28.2,,WI 433.031 (I=2); WI 433.066 (I=20),,,,,,,,,,,,,,,,,30722,349.7,2930,27.3,
XeII,433.581,10,,64,29,5p4(1S0)5d 2[2] 5/2,5p4(3P2)6p 2[3]° 5/2,581,7.2,69,31.8,,530,6.6,42,34.0,,297,7.6,47,31.2,,292,7.3,40,32.3,,571,7.1,54,32.8,,299,7.4,47,32.2,,271,6.6,43,31.0,,281,7.0,45,30.9,,207,6.6,33,37.3,,143,7.7,23,32.7,,"WII 433.557 (I=8, A=6.2e+05)",16.932,0.0453,17.06,0.0434,16.939,1.883e-16,6.526e-13,11.76,1 2,0.00e+00,,7.95e-09,15,0/15,,,614,7.4,73,33.3,
XeII,433.707,30Hl,,94,42,5p4(3P1)6d 2[2] 5/2,5p4(3P1)6p 2[2]° 3/2,532,6.3,56,34.7,,525,6.3,42,34.2,,275,6.6,37,33.6,,292,7.3,40,32.3,,539,6.6,51,34.1,,279,7.0,44,31.7,,277,6.6,44,31.0,,268,6.6,43,32.6,,202,6.5,32,35.3,,150,7.7,24,30.7,,,,,,,,,,,,,,,,,,,597,6.6,71,32.8,
XeII,434.256,6Hl,,96,44,5p4(3P2)8s 2[2] 5/2,5p4(3P1)6p 2[1]° 3/2,143,1.7,17,29.1,,154,1.9,15,28.4,,72,1.6,11,30.1,,71,1.7,11,30.4,,165,1.9,20,27.8,,75,1.9,12,33.9,,83,2.0,13,29.9,,85,1.9,14,31.0,,70,1.9,17,26.0,,41,1.8,6,28.1,,WI 434.253 (I=1); WI 434.278 (I=6); WII 434.237 (I=10),,,,,,,,,,,,,,,,,180,2.1,21,27.8,
XeII,435.728,0,,,55,Ek=155463.41,5p4(3P2)7s 2[2] 5/2,74,0.2,12,7.4,,13,0.1,2,4.1,,53,0.4,8,6.7,,40,0.2,6,6.9,,7,0.1,1,43.7,,95,0.4,15,6.9,,18,0.2,4,8.1,,11,0.2,2,3.7,,12,0.4,3,24.7,,63,0.6,12,7.2,,XeIII 435.763 (I=3); WII 435.715 (I=4),,,,,,,,,,,,,,,,,12,0.1,1,0.4,
XeII,436.705,30H,,65,31,5p4(3P2)6d 2[4] 7/2,5p4(3P2)6p 2[3]° 7/2,581,7.0,69,27.8,,625,7.5,99,26.8,,310,7.7,49,28.5,,292,7.2,40,27.6,,595,7.1,71,27.7,,295,7.3,35,28.2,,302,7.2,48,28.3,,320,7.9,51,27.0,,254,7.9,40,28.0,,164,8.5,31,26.9,,,,,,,,,,,,,,,,,,,620,6.7,59,28.3,
XeII,436.92,200H,,63,30,5p4(3P2)6d 2[1] 1/2,5p4(3P2)6p 2[1]° 1/2,2252,25.6,269,28.0,,2274,25.0,271,28.0,,1149,26.1,183,28.3,,1118,24.4,152,28.6,,2323,24.5,277,27.8,,1111,24.0,133,28.3,,1182,25.8,188,27.9,,1147,24.8,182,28.2,,925,24.6,147,28.0,,570,26.3,136,28.4,,WI 436.904 (I=10),,,,,,,,,,,,,,,,,2451,28.7,260,28.0,
XeII,437.246,2h,,64,31,5p4(1S0)5d 2[2] 5/2,5p4(3P2)6p 2[3]° 7/2,1533,3.2,183,29.7,,1525,3.5,242,29.5,,774,3.7,92,29.7,,731,4.0,87,30.6,,1483,3.7,177,29.5,,743,3.9,89,29.8,,750,4.3,89,30.7,,756,4.5,120,30.3,,602,4.6,96,30.4,,376,4.2,60,30.7,,"XeI 437.229 (I=20); WI 437.252 (I=40, A=1.1e+05)",16.932,0.0453,17.06,0.0434,16.939,1.883e-16,6.526e-13,11.76,1 2,0.00e+00,,7.95e-09,15,0/15,,,1634,8.9,195,29.6,
XeII,437.378,100H,,75,35,5p4(3P2)6d 2[1] 3/2,5p4(3P2)6p 2[1]° 3/2,1528,17.8,162,29.9,,1521,17.4,242,29.6,,772,17.5,92,29.8,,729,17.0,87,30.8,,1480,16.7,141,29.6,,741,16.5,88,29.9,,748,17.4,89,30.9,,755,17.7,120,30.4,,601,17.5,96,30.5,,376,16.6,60,30.8,,,,,,,,,,,,,,,,,,,1633,18.2,195,29.7,
XeII,437.944,10Hl,,93,41,5p4(3P1)6d 2[2] 3/2,5p4(3P1)6p 2[2]° 5/2,121,1.3,12,29.3,,124,1.3,17,31.1,,63,1.5,10,31.1,,59,1.4,7,34.6,,130,1.4,12,29.1,,67,1.5,8,26.8,,59,1.3,7,35.2,,68,1.4,9,28.1,,51,1.4,6,34.9,,36,1.5,8,29.0,,,,,,,,,,,,,,,,,,,127,1.4,13,27.9,
XeII,438.493,60,,30,3,5p4(3P2)6p 2[1]° 1/2,5s5p6 2S 1/2,4040,45.3,385,28.9,,3931,44.4,375,29.1,,2056,46.3,245,28.9,,2048,45.8,244,29.2,,3981,44.8,380,29.4,,1993,44.6,238,29.2,,1981,44.3,236,29.2,,2024,45.4,322,29.1,,1582,44.8,251,29.8,,1013,47.9,242,28.9,,"WI 438.485 (I=40, A=3.1e+06); WI 438.517 (I=5*); WI 438.517 (I=5*)",14.094,0.2621,14.14,0.1775,14.095,9.798e-15,7.007e-12,9.48,1 2 4 5 6 7 8 10 12 13 22 23,6.93e+06,10:1.5e+06 4:1.3e+06 12:1.1e+06,4.57e-06,14,1/14,7.10e+07,1.6e+13,4180,41.2,498,29.8,
XeII,439.209,0,,51,18,5p4(1D2)6p 2[1]° 3/2,5p4(3P1)6s 2[1] 1/2,7107,75.4,678,27.8,,6993,76.0,606,27.8,,3691,81.2,440,27.6,,3676,80.8,438,27.7,,7295,80.4,696,27.6,,3612,83.2,431,27.8,,3636,80.4,433,27.5,,3616,80.0,431,27.7,,2957,83.6,470,27.6,,1835,78.2,292,27.5,,,16.077,0.1677,29.93,0.0721,16.082,7.579e-16,1.815e-12,11.23,1 2 4 5 6 7 8 10 12 13 22 23 33 34,8.14e+06,23:5.5e+06 33:1.2e+06 34:7.2e+05,4.19e-07,27,0/27,,,7490,75.2,714,29.1,
XeII,439.32,500H,,90,40,5p4(3P0)6d 2[2] 5/2,5p4(3P0)6p 2[1]° 3/2,7107,75.4,678,27.8,,6993,76.0,606,27.8,,3691,81.2,440,27.6,,3676,80.8,438,27.7,,7295,80.4,696,27.6,,3612,83.2,431,27.8,,3636,80.4,433,27.5,,3616,80.0,431,27.7,,2957,83.6,470,27.6,,1835,78.2,292,27.5,,,,,,,,,,,,,,,,,,,7490,75.2,714,29.1,
XeII,439.577,500H,,,52,Ek=152806.73,5p4(1D2)6p 2[3]° 7/2,5301,59.0,632,27.8,,5243,59.5,556,27.6,,2836,65.5,451,27.5,,2809,64.8,447,28.1,,5561,61.2,530,28.1,,2823,64.9,449,27.8,,2815,62.0,336,27.5,,2767,63.7,440,27.8,,2242,63.3,356,27.6,,1366,62.8,217,28.2,,,,,,,,,,,,,,,,,,,5746,57.9,685,28.5,
XeII,440.454,1,,,49,Ek=151564.61,5p4(1D2)6p 2[3]° 5/2,20,0.2,2,20.4,,20,0.2,2,3.7,,10,0.3,2,27.3,,14,0.3,2,33.4,,31,0.3,4,13.5,,19,0.4,3,35.3,,33,0.3,5,6.8,,10,0.2,2,13.3,,6,0.2,1,2.6,,20,0.5,3,9.0,,WI 440.446 (I=4),,,,,,,,,,,,,,,,,42,0.4,5,23.3,
XeII,440.688,200H,,93,42,5p4(3P1)6d 2[2] 3/2,5p4(3P1)6p 2[2]° 3/2,1094,11.7,130,29.8,,1071,11.6,128,30.4,,553,12.2,88,29.9,,559,12.1,89,30.7,,1104,11.6,132,30.4,,552,12.0,88,30.3,,547,11.3,87,30.4,,570,12.2,91,30.0,,448,12.4,71,31.3,,275,12.5,44,31.3,,"BaI 440.683 (I=29, A=1.0e+07); WI 440.668 (I=4); WI 440.688 (I=2)",,,,,,,,,,,,,,,,,1198,12.2,143,29.2,
XeII,441.484,300*,,,52,Ek=152708.92,5p4(1D2)6p 2[3]° 7/2,12143,132.3,1448,28.2,,11704,130.0,1395,28.3,,6219,141.2,742,28.0,,6159,138.7,979,28.1,,12201,137.1,1455,27.9,,6107,141.3,832,27.9,,6073,133.6,1448,28.0,,6142,142.1,976,27.8,,4921,146.9,782,27.7,,3071,142.0,732,27.6,,"XeII 441.484 (I=300*, A=1.0e+08); WI 441.507 (I=25)",,,,,,,,,,,,,,,,,12619,133.4,1204,28.3,
XeII,441.484,300*,100000000.0,54,23,5p4(1D2)6p 2[2]° 5/2,5p4(1D2)6s 2[2] 5/2,12143,132.3,1448,28.2,,11704,130.0,1395,28.3,,6219,141.2,742,28.0,,6159,138.7,979,28.1,,12201,137.1,1455,27.9,,6107,141.3,832,27.9,,6073,133.6,1448,28.0,,6142,142.1,976,27.8,,4921,146.9,782,27.7,,3071,142.0,732,27.6,,XeII 441.484 (I=300*); WI 441.507 (I=25),16.392,0.047,16.41,0.039,16.395,2.757e-16,6.871e-13,11.28,1 2 4 5 6 7 8 10 12 13 22 23 33 34,1.18e+07,23:6.4e+06 33:3.3e+06 34:1.5e+06,1.89e-07,24,1/24,1.00e+08,5.3e+14,12619,133.4,1204,28.3,
XeII,441.607,150H,,95,44,5p4(3P1)6d 2[3] 5/2,5p4(3P1)6p 2[1]° 3/2,1108,12.9,132,30.4,,1057,12.3,126,31.4,,539,12.7,64,30.8,,552,12.9,88,30.6,,1084,12.4,129,31.2,,545,12.9,65,31.2,,562,13.2,134,29.5,,535,12.4,85,32.4,,437,13.4,70,31.6,,277,12.7,66,29.8,,WI 441.570 (I=12),,,,,,,,,,,,,,,,,1121,11.6,107,30.9,
XeII,442.752,2h,,,49,Ek=151446.61,5p4(1D2)6p 2[3]° 5/2,51,0.6,8,26.7,,43,0.5,7,32.8,,30,0.6,5,23.4,,28,0.7,4,32.6,,43,0.5,5,28.7,,24,0.5,4,22.9,,24,0.5,6,30.2,,29,0.6,7,24.9,,27,0.8,6,21.1,,9,0.7,2,55.1,,WI 442.737 (I=8),,,,,,,,,,,,,,,,,39,0.4,5,37.8,
XeII,444.095,50H,,89,40,5p4(3P0)6d 2[2] 3/2,5p4(3P0)6p 2[1]° 3/2,558,6.4,53,28.3,,572,6.6,91,27.0,,283,6.6,34,28.6,,306,6.9,49,26.7,,581,6.4,69,27.3,,278,6.2,33,28.4,,305,6.9,48,28.2,,305,6.8,48,27.9,,224,6.6,36,29.0,,156,7.9,25,25.1,,,,,,,,,,,,,,,,,,,599,5.9,71,28.3,
XeII,444.813,500H,,92,41,5p4(3P1)6d 2[3] 7/2,5p4(3P1)6p 2[2]° 5/2,10806,119.9,1288,27.5,,10583,118.1,1683,27.4,,5608,130.6,892,27.4,,5587,124.5,888,27.3,,10958,119.6,1307,27.3,,5533,123.2,880,27.3,,5606,124.3,891,27.5,,5635,124.9,896,27.3,,4478,127.4,712,27.3,,2840,132.5,542,27.4,,AlII 444.780 (I=200),,,,,,,,,,,,,,,,,11434,109.3,1558,27.7,
XeII,445.132,1H,,,53,Ek=154382.83,5p4(1D2)6p 2[2]° 3/2,54,0.6,6,44.4,,53,0.6,8,35.3,,39,0.9,6,25.9,,43,0.9,7,28.0,,58,0.6,7,33.9,,31,0.5,5,30.1,,25,0.7,4,60.0,,22,0.7,4,60.3,,21,0.5,3,31.0,,16,0.7,3,32.8,,,,,,,,,,,,,,,,,,,70,0.7,11,29.0,
XeII,446.219,1000,,62,31,5p4(3P2)6d 2[4] 9/2,5p4(3P2)6p 2[3]° 7/2,47440,495.4,5657,27.5,,46128,466.6,5500,27.7,,24494,492.2,3894,27.6,,24223,478.1,2888,27.7,,47824,472.4,5069,27.9,,24281,480.8,2895,27.8,,24182,474.5,3844,27.7,,24034,471.2,2866,27.7,,19552,485.2,2331,27.6,,12301,508.8,1956,27.5,,WI 446.251 (I=8),,,,,,,,,,,,,,,,,51161,463.9,6100,28.4,
XeII,446.46,1^,,49,17,5p4(1D2)6p 2[3]° 5/2,5p4(3P2)5d 2[3] 5/2,74,0.9,9,101.5,,76,1.0,9,111.3,,44,1.0,5,94.6,,41,0.9,5,92.1,,79,1.0,8,101.2,,40,1.0,5,81.7,,31,1.0,4,106.6,,45,1.1,5,91.3,,36,1.2,4,102.6,,19,1.1,3,178.8,,,15.977,0.0664,16.11,0.0322,15.987,3.953e-16,7.704e-13,10.93,1 2 4 5 6 7 8 10 12 13 22 23 33 34,2.03e+07,34:1.3e+07 23:4.7e+06 33:2.1e+06,2.57e-07,24,1/24,1.80e+07,7.0e+13,86,1.0,9,118.4,
XeII,446.577,,,,68,Ek=161354.8,5p4(3P2)4f 2[4]° 9/2,74,0.9,9,101.5,,76,1.0,9,111.3,,44,1.0,5,94.6,,41,0.9,5,92.1,,79,1.0,8,101.2,,40,1.0,5,81.7,,42,1.0,5,99.2,,45,1.1,5,91.3,,36,1.2,4,102.6,,19,1.1,3,178.8,,,,,,,,,,,,,,,,,,,86,1.0,9,118.4,
XeII,447.09,30,,53,23,5p4(1D2)6p 2[2]° 3/2,5p4(1D2)6s 2[2] 5/2,1034,10.6,99,26.4,,984,9.7,104,27.0,,518,10.2,62,27.6,,499,9.6,60,27.8,,1040,10.2,99,26.7,,504,9.6,60,27.3,,513,10.3,61,27.6,,523,10.0,62,26.5,,418,10.1,50,27.0,,269,10.7,43,26.4,,XeIII 447.090 (I=8bl),16.356,0.04,28.57,0.0243,16.368,1.676e-16,4.457e-13,11.38,1 2 4 5 6 7 8 10 12 13 22 23 33 34,7.74e+06,23:2.7e+06 34:2.6e+06 33:1.8e+06,1.11e-07,27,1/27,8.50e+07,7.7e+14,1112,9.9,106,26.7,
XeII,448.086,500H,,70,35,5p4(3P2)6d 2[3] 5/2,5p4(3P2)6p 2[1]° 3/2,6496,63.2,775,29.3,,6455,60.7,616,29.1,,3352,62.5,457,28.9,,3284,64.5,392,29.1,,6622,63.7,790,29.0,,3299,63.2,393,29.0,,3258,63.8,388,29.0,,3262,64.2,519,28.7,,2591,62.7,309,29.1,,1599,68.3,254,29.1,,,,,,,,,,,,,,,,,,,6875,64.7,820,28.7,
XeII,448.595,20,,51,19,5p4(1D2)6p 2[1]° 3/2,5p4(3P0)5d 2[2] 3/2,853,9.1,136,26.9,,831,8.9,79,27.2,,437,9.4,69,26.2,,485,10.3,58,23.8,,931,10.0,89,25.0,,443,9.4,70,26.7,,452,9.7,72,25.3,,454,9.8,72,25.5,,367,9.9,58,26.3,,230,9.8,37,24.7,,,16.077,0.1677,29.93,0.0721,16.082,7.579e-16,1.815e-12,11.23,1 2 4 5 6 7 8 10 12 13 22 23 33 34,8.14e+06,23:5.5e+06 33:1.2e+06 34:7.2e+05,4.19e-07,27,0/27,,,928,8.7,111,25.9,
XeII,448.86,4H,,109,48,5p4(3P1)4f 2[3]° 5/2,5p4(1D2)5d 2[2] 3/2,155,1.6,18,28.9,,150,1.5,14,28.3,,79,1.7,13,30.2,,83,1.8,13,28.4,,156,1.6,15,27.2,,76,1.6,12,31.1,,72,1.5,9,29.1,,84,1.7,10,27.2,,66,1.8,10,29.6,,43,1.8,7,29.2,,XeIII 448.890 (I=4a),,,,,,,,,,,,,,,,,223,2.1,27,41.6,
XeII,448.897,0,,,68,Ek=161238.22,5p4(3P2)4f 2[4]° 9/2,151,0.1,18,30.7,,8,0.1,1,3.8,,10,0.2,2,1.8,,84,0.3,13,28.2,,158,0.1,15,26.6,,77,0.3,12,29.9,,72,0.2,9,25.8,,82,0.2,10,28.5,,68,0.2,11,41.9,,9,0.3,1,4.4,,"XeIII 448.890 (I=4a); BaI 448.898 (I=234, A=2.8e+07); WI 448.901 (I=25); CaII 448.918 (I=20)",,,,,,,,,,,,,,,,,228,1.1,27,39.6,
XeII,450.711,5h,,105,47,5p4(1S0)6p 2[1]° 3/2,5p4(1D2)5d 2[1] 1/2,202,1.9,24,34.1,,229,2.2,27,29.6,,110,2.0,13,32.2,,105,2.1,17,37.9,,203,1.9,24,37.5,,107,2.0,17,31.7,,92,1.8,15,35.8,,124,2.3,20,28.7,,81,2.0,13,37.2,,61,2.5,10,36.4,,,18.497,0.0168,18.56,0.0167,18.504,1.748e-17,1.329e-13,12.89,1 2 4 5 6 7 8 10 12 13 22 23 33 34,4.99e+06,34:2.0e+06 33:1.5e+06 23:9.2e+05,6.89e-08,50,0/50,,,213,2.1,25,36.0,
XeII,450.897,0a,,,72,Ek=161354.15,5p4(3P2)4f 2[3]° 5/2,24,0.3,3,79.3,,25,0.3,3,252.9,,120,0.4,16,7.3,,13,0.4,2,53.6,,38,0.3,5,,,28,0.5,4,21.6,,16,0.3,3,45.2,,20,0.4,3,22.2,,13,0.4,2,68.4,,6,0.4,1,70.7,,WI 450.930 (I=4w),,,,,,,,,,,,,,,,,34,0.3,4,81.4,
XeII,452.186,100h,,,53,Ek=154032.42,5p4(1D2)6p 2[2]° 3/2,585,5.2,70,28.4,,586,5.2,56,27.7,,290,5.2,35,30.3,,296,5.3,35,29.7,,608,5.2,48,27.2,,285,5.1,34,29.0,,275,4.9,44,31.1,,295,5.2,35,29.1,,238,5.3,32,27.6,,144,5.2,23,28.4,,WI 452.220 (I=5w),,,,,,,,,,,,,,,,,623,5.1,59,30.6,
XeII,452.421,200,,42,11,5p4(3P1)6p 2[2]° 3/2,5p4(3P0)6s 2[0] 1/2,7329,87.9,583,96.2,,7653,83.6,608,62.8,,4055,89.8,430,61.2,,4021,92.5,384,63.4,,7866,87.3,577,65.0,,3949,91.4,377,66.4,,3811,87.8,454,68.1,,3808,89.2,454,69.1,,3051,92.7,364,71.9,,1901,92.4,302,77.7,,,15.282,0.2008,15.31,0.0876,15.293,1.654e-15,2.302e-12,10.44,1 2 4 5 6 7 8 10 12 13 22 23 33 34,1.33e+07,22:5.8e+06 23:2.6e+06 13:2.6e+06,8.08e-07,22,1/22,2.20e+07,2.7e+13,7774,101.2,530,89.6,
XeII,453.249,200,,52,21,5p4(1D2)6p 2[3]° 7/2,5p4(3P0)5d 2[2] 5/2,10617,86.4,723,27.1,,10360,83.1,618,27.4,,5492,86.3,524,27.5,,5370,83.6,427,27.6,,10813,84.2,645,27.4,,5287,84.2,420,27.9,,5356,82.9,511,27.3,,5362,82.4,639,27.3,,4279,79.0,408,27.8,,2735,79.8,435,27.6,,WII 453.231 (I=2),16.126,0.0844,16.29,0.0766,16.136,7.219e-16,1.639e-12,11.15,1 2 4 5 6 7 8 10 12 13 22 23 33 34,3.87e+07,33:1.9e+07 23:1.3e+07 34:6.5e+06,8.18e-07,16,1/16,6.30e+07,7.7e+13,11598,87.8,615,27.1,
XeII,453.509,1h,,,73,Ek=161238.07,5p4(3P2)7p 2[1]° 3/2,48,0.4,4,25.0,,42,0.3,3,29.3,,28,0.5,3,26.7,,24,0.3,3,21.4,,49,0.4,3,31.7,,34,0.5,3,20.3,,28,0.4,3,35.0,,22,0.3,3,26.6,,37,0.6,4,16.3,,17,0.4,3,23.5,,WI 453.503 (I=30); WI 453.539 (I=2),,,,,,,,,,,,,,,,,51,0.4,3,28.6,
XeII,453.692,80H*,,61,30,5p4(3P2)6d 2[2] 3/2,5p4(3P2)6p 2[1]° 1/2,1335,10.1,106,29.0,,1362,10.4,100,28.0,,722,10.8,77,27.7,,742,11.3,71,27.5,,1377,10.7,77,28.7,,705,11.1,67,27.6,,728,11.2,69,27.7,,730,11.2,87,27.7,,558,10.9,53,28.1,,373,11.9,59,27.4,,XeII 453.692 (I=80H*); WI 453.664 (I=40),,,,,,,,,,,,,,,,,1404,9.7,84,30.1,
XeII,453.692,80H*,,60,29,5p4(3P2)6d 2[2] 5/2,5p4(3P2)6p 2[3]° 5/2,1335,10.1,106,29.0,,1362,10.4,100,28.0,,722,10.8,77,27.7,,742,11.3,71,27.5,,1377,10.7,77,28.7,,705,11.1,67,27.6,,728,11.2,69,27.7,,730,11.2,87,27.7,,558,10.9,53,28.1,,373,11.9,59,27.4,,XeII 453.692 (I=80H*); WI 453.664 (I=40),,,,,,,,,,,,,,,,,1404,9.7,84,30.1,
XeII,454.089,400h,,94,44,5p4(3P1)6d 2[2] 5/2,5p4(3P1)6p 2[1]° 3/2,3923,29.1,249,27.8,,3884,29.9,265,27.6,,2054,31.2,196,27.2,,2023,31.2,193,27.4,,3980,31.1,223,27.5,,2016,32.2,192,27.3,,2040,31.4,195,27.4,,2053,32.0,245,27.6,,1642,32.5,174,27.7,,1073,34.6,171,27.0,,,,,,,,,,,,,,,,,,,4146,28.3,247,28.4,
XeII,454.523,400H,,59,29,5p4(3P2)6d 2[3] 7/2,5p4(3P2)6p 2[3]° 5/2,7474,57.5,594,27.3,,7334,57.9,538,27.5,,3905,58.9,372,26.9,,3820,59.4,405,27.4,,7643,60.1,521,27.4,,3773,60.5,450,27.6,,3675,57.2,351,27.9,,3877,60.4,411,27.1,,3043,60.0,363,27.5,,1903,60.0,303,27.7,,,,,,,,,,,,,,,,,,,7755,51.8,462,27.5,
XeII,455.079,10H,,91,42,5p4(3P1)6d 2[1] 1/2,5p4(3P1)6p 2[2]° 3/2,171,1.3,14,28.4,,177,1.4,17,26.9,,86,1.3,8,31.1,,80,1.4,8,34.0,,190,1.5,15,26.4,,99,1.5,12,27.0,,92,1.5,9,26.4,,90,1.5,11,27.7,,71,1.4,10,27.6,,40,1.4,5,40.9,,XeII 455.091 (I=2bl),,,,,,,,,,,,,,,,,184,1.2,13,31.6,
XeII,455.091,2bl,,87,37,5p4(3P1)7s 2[1] 3/2,5p4(3P0)6p 2[1]° 1/2,171,1.3,14,28.4,,177,1.4,17,26.9,,86,1.3,8,31.1,,80,1.4,8,34.0,,190,1.5,15,26.4,,99,1.5,12,27.0,,92,1.5,9,26.4,,90,1.5,11,27.7,,71,1.4,10,27.6,,40,1.4,5,40.9,,XeII 455.079 (I=10H),,,,,,,,,,,,,,,,,184,1.2,13,31.6,
XeII,455.594,200H,,67,35,5p4(3P2)6d 2[0] 1/2,5p4(3P2)6p 2[1]° 3/2,1126,8.6,134,28.2,,1111,8.8,106,28.1,,574,8.8,68,27.6,,562,8.8,67,28.6,,1089,8.4,115,29.5,,549,8.6,65,28.2,,545,8.6,65,29.4,,542,8.6,74,29.1,,419,8.2,67,30.1,,264,8.4,42,29.5,,WI 455.619 (I=4),,,,,,,,,,,,,,,,,1162,8.1,111,29.5,
XeII,456.3,2H,,,59,Ek=157416.58,5p4(3P2)6d 2[3] 7/2,33,0.2,3,24.6,,16,0.1,2,23.6,,20,0.3,2,12.6,,67,0.2,8,7.0,,27,0.2,3,,,14,0.3,1,47.0,,11,0.2,1,102.5,,11,0.2,1,45.3,,19,0.3,2,18.3,,55,0.5,9,6.7,,,,,,,,,,,,,,,,,,,22,0.2,2,45.9,
XeII,456.791,,,,60,Ek=157432.63,5p4(3P2)6d 2[2] 5/2,24,0.2,3,,,20,0.1,2,,,11,0.1,1,37.0,,16,0.2,3,50.0,,24,0.1,2,23.2,,50,0.2,6,6.7,,62,0.1,7,7.2,,9,0.1,1,1.1,,28,0.5,3,3.1,,107,0.4,17,7.0,,WI 456.757 (I=12),,,,,,,,,,,,,,,,,18,0.2,2,91.7,
XeII,457.185,30Hd,,,56,Ek=154608.07,5p4(1D2)6p 2[1]° 1/2,1077,7.7,103,30.5,,1067,7.9,102,30.4,,565,8.2,67,29.6,,555,8.2,88,30.9,,1086,8.0,86,31.0,,538,8.0,64,29.9,,555,8.3,66,30.6,,556,8.3,66,29.9,,437,8.3,52,31.4,,263,7.9,42,31.3,,WI 457.187 (I=10),,,,,,,,,,,,,,,,,1150,8.2,91,31.1,
XeII,457.706,200H,,60,31,5p4(3P2)6d 2[2] 5/2,5p4(3P2)6p 2[3]° 7/2,2819,20.1,192,27.5,,2773,19.1,203,27.8,,1453,19.5,139,27.3,,1461,19.3,199,27.5,,2864,19.2,195,27.5,,1431,19.3,137,27.8,,1429,18.5,136,27.7,,1459,18.8,127,27.1,,1146,18.9,109,27.8,,758,20.1,103,26.2,,,,,,,,,,,,,,,,,,,3088,21.9,196,26.9,
XeII,458.07,80Hl,,,54,Ek=154032.42,5p4(1D2)6p 2[2]° 5/2,271,1.7,16,24.7,,268,1.8,18,26.1,,152,2.1,15,23.6,,146,2.0,14,26.2,,285,2.0,17,26.3,,144,1.9,11,26.8,,134,1.8,11,28.1,,150,2.1,12,26.1,,126,2.2,12,24.8,,79,2.4,9,26.3,,,,,,,,,,,,,,,,,,,286,1.9,16,26.4,
XeII,458.548,500H,,59,31,5p4(3P2)6d 2[3] 7/2,5p4(3P2)6p 2[3]° 7/2,15742,116.1,751,27.9,,15346,112.6,770,28.3,,8190,116.2,651,28.0,,8076,113.6,642,28.4,,15978,114.2,762,28.3,,7925,110.7,540,28.5,,7950,111.1,632,28.4,,7899,113.1,502,28.4,,6281,111.4,499,29.1,,3976,112.2,379,29.0,,"WI 458.562 (I=3); AlII 458.582 (I=500, A=1.0e+07)",,,,,,,,,,,,,,,,,16697,111.3,796,27.9,
XeII,459.18,1,,46,13,5p4(3P1)6p 2[1]° 1/2,5p4(3P1)6s 2[1] 3/2,2320,15.8,123,29.8,,2265,15.2,114,30.4,,1210,15.9,96,30.0,,1247,16.1,99,29.8,,2391,15.4,143,30.0,,1181,14.9,94,30.2,,1179,15.2,94,30.1,,1176,14.9,93,30.6,,949,15.2,91,30.5,,571,13.9,68,31.6,,"XeII 459.205 (I=300H); BaI 459.182 (I=28, A=1.6e+06)",15.445,0.0329,15.71,0.0242,15.456,3.913e-16,5.967e-13,10.57,1 2 4 5 6 7 8 10 12 13 22 23 33 34,3.41e+06,33:7.5e+05 23:7.0e+05 34:7.0e+05,1.24e-07,15,0/15,,,2528,15.8,134,29.8,
XeII,459.205,300H,,,54,Ek=153978.37,5p4(1D2)6p 2[2]° 5/2,2320,15.8,123,29.8,,2265,15.2,114,30.4,,1210,15.9,96,30.0,,1247,16.1,99,29.8,,2391,15.4,143,30.0,,1181,14.9,94,30.2,,1179,15.2,94,30.1,,1176,14.9,93,30.6,,949,15.2,91,30.5,,571,13.9,68,31.6,,"XeII 459.180 (I=1); BaI 459.182 (I=28, A=1.6e+06); WI 459.239 (I=20)",,,,,,,,,,,,,,,,,8430,21.2,447,27.3,
XeII,459.37,6,,51,20,5p4(1D2)6p 2[1]° 3/2,5p4(3P1)5d 2[1] 3/2,7916,52.2,420,27.5,,7795,50.7,372,27.6,,4067,52.8,323,27.4,,4080,50.7,324,27.6,,7981,50.6,448,27.7,,4058,50.5,298,27.4,,4060,52.1,323,27.6,,4109,52.1,327,27.4,,3185,49.1,253,28.1,,2051,49.4,245,27.3,,,16.077,0.1677,29.93,0.0721,16.082,7.579e-16,1.815e-12,11.23,1 2 4 5 6 7 8 10 12 13 22 23 33 34,8.14e+06,23:5.5e+06 33:1.2e+06 34:7.2e+05,4.19e-07,27,0/27,,,8429,41.9,447,27.3,
XeII,459.63,1,,88,39,5p4(3P1)7s 2[1] 1/2,5p4(3P1)6p 2[0]° 1/2,0,0.0,0,,,0,0.0,0,,,4,0.0,0,,,10,0.1,1,4.2,,-4,-0.0,0,,,19,0.2,2,2.6,,20,0.2,2,3.0,,-442469,-0.0,-42206,1892.5,,-2,-0.0,0,,,6,0.2,1,2.0,,,,,,,,,,,,,,,,,,,-6,-0.0,0,,
XeII,460.303,600h,82000000.0,35,5,5p4(3P2)6p 2[1]° 3/2,5p4(3P2)6s 2[2] 3/2,71824,407.4,4894,30.5,SAT,71945,407.4,4289,29.8,SAT,46455,541.3,3693,26.9,,46322,524.1,4419,26.8,,71796,407.4,4892,29.9,SAT,45811,513.6,4370,26.9,,45586,516.4,4348,26.9,,45440,518.6,4334,26.8,,36515,521.5,3870,27.0,,23249,537.7,2772,26.4,,WI 460.327 (I=4),14.479,0.2415,28.57,0.1632,14.49,6.324e-15,6.518e-12,10.01,1 2 4 5 6 7 8 10 12 13 22 23 33 34,3.99e+06,23:1.4e+06 5:6.4e+05 33:5.8e+05,5.75e-07,21,1/21,8.20e+07,1.4e+14,71003,397.3,4838,31.5,SAT
XeII,461.506,100h,,,53,Ek=153585.71,5p4(1D2)6p 2[2]° 3/2,4574,27.3,364,27.6,,4663,29.9,318,27.3,,2446,30.7,233,27.3,,2427,30.6,232,26.6,,4801,30.6,305,26.7,,2372,30.1,226,27.0,,2426,31.3,289,26.8,,2439,31.0,233,26.8,,1949,31.3,232,26.7,,1211,31.3,144,26.8,,XeIII 461.483 (I=2); WI 461.483 (I=6),,,,,,,,,,,,,,,,,5108,32.3,348,26.9,
XeII,461.55,200*,,,53,Ek=153584.09,5p4(1D2)6p 2[2]° 3/2,4574,27.3,364,27.6,,4663,29.9,318,27.3,,2446,30.7,233,27.3,,2427,30.6,232,26.6,,4801,30.6,305,26.7,,2372,30.1,226,27.0,,2426,31.3,289,26.8,,2439,31.0,233,26.8,,1949,31.3,232,26.7,,1211,31.3,144,26.8,,XeII 461.550 (I=200*),,,,,,,,,,,,,,,,,5108,32.3,348,26.9,
XeII,461.55,200*,,51,21,5p4(1D2)6p 2[1]° 3/2,5p4(3P0)5d 2[2] 5/2,4574,27.3,364,27.6,,4663,29.9,318,27.3,,2446,30.7,233,27.3,,2427,30.6,232,26.6,,4801,30.6,305,26.7,,2372,30.1,226,27.0,,2426,31.3,289,26.8,,2439,31.0,233,26.8,,1949,31.3,232,26.7,,1211,31.3,144,26.8,,XeII 461.550 (I=200*),16.077,0.1677,29.93,0.0721,16.082,7.579e-16,1.815e-12,11.23,1 2 4 5 6 7 8 10 12 13 22 23 33 34,8.14e+06,23:5.5e+06 33:1.2e+06 34:7.2e+05,4.19e-07,27,0/27,,,5108,32.3,348,26.9,
XeII,461.75,90hl,,93,44,5p4(3P1)6d 2[2] 3/2,5p4(3P1)6p 2[1]° 3/2,647,4.2,47,26.6,,629,3.9,46,27.4,,316,3.9,30,28.1,,332,3.8,32,27.2,,644,3.8,44,26.7,,327,3.8,31,26.5,,309,3.8,29,26.6,,338,3.9,32,26.2,,271,3.8,32,26.2,,156,3.8,19,28.7,,,,,,,,,,,,,,,,,,,667,4.2,45,25.6,
XeII,461.957,1*,,,56,Ek=154382.83,5p4(1D2)6p 2[1]° 1/2,44,0.4,3,46.3,,54,0.4,3,36.4,,28,0.4,3,47.5,,26,0.4,3,47.9,,72,0.4,5,20.7,,28,0.4,3,37.1,,32,0.4,4,21.2,,34,0.5,4,38.3,,22,0.4,2,36.2,,12,0.4,1,63.9,,"XeII 461.957 (I=1*); BaI 461.992 (I=40, A=2.7e+06); WI 461.945 (I=4c)",,,,,,,,,,,,,,,,,56,0.4,4,55.2,
XeII,461.957,1*,,52,22,5p4(1D2)6p 2[3]° 7/2,5p4(3P1)5d 2[3] 7/2,44,0.4,3,46.3,,54,0.4,3,36.4,,28,0.4,3,47.5,,26,0.4,3,47.9,,72,0.4,5,20.7,,28,0.4,3,37.1,,32,0.4,4,21.2,,34,0.5,4,38.3,,22,0.4,2,36.2,,12,0.4,1,63.9,,"XeII 461.957 (I=1*); BaI 461.992 (I=40, A=2.7e+06); WI 461.945 (I=4c)",16.126,0.0844,16.29,0.0766,16.136,7.219e-16,1.639e-12,11.15,1 2 4 5 6 7 8 10 12 13 22 23 33 34,3.87e+07,33:1.9e+07 23:1.3e+07 34:6.5e+06,8.18e-07,16,1/16,6.30e+07,7.7e+13,56,0.4,4,55.2,
XeII,462.999,5*,,,76,Ek=161238.22,5p4(3P2)7p 2[3]° 5/2,54,0.5,4,179.0,,55,0.6,4,149.1,,23,0.4,3,122.3,,26,0.5,3,105.9,,48,0.4,4,182.1,,30,0.6,4,161.5,,29,0.6,3,144.3,,34,0.6,4,121.7,,21,0.7,2,244.5,,16,0.7,2,178.9,,XeII 462.999 (I=5*); WI 463.014 (I=2); AlII 462.970 (I=7),,,,,,,,,,,,,,,,,46,0.4,4,172.5,
XeII,462.999,5*,,,76,Ek=161238.07,5p4(3P2)7p 2[3]° 5/2,54,0.5,4,179.0,,55,0.6,4,149.1,,23,0.4,3,122.3,,26,0.5,3,105.9,,48,0.4,4,182.1,,30,0.6,4,161.5,,29,0.6,3,144.3,,34,0.6,4,121.7,,21,0.7,2,244.5,,16,0.7,2,178.9,,XeII 462.999 (I=5*); WI 463.014 (I=2); AlII 462.970 (I=7),,,,,,,,,,,,,,,,,46,0.4,4,172.5,
XeII,463.33,50,,41,12,5p4(3P1)6p 2[2]° 5/2,5p4(3P2)5d 2[4] 7/2,1861,18.7,148,71.1,,1808,17.8,123,71.6,,923,17.7,110,71.5,,937,17.1,112,69.3,,1864,17.4,178,71.0,,938,17.5,112,70.5,,960,18.3,114,70.0,,959,17.7,114,68.4,,750,16.9,79,69.8,,480,17.4,57,67.9,,AlII 463.320 (I=5),15.264,0.0478,15.31,0.0437,15.266,6.602e-16,9.071e-13,10.42,1 2 4 5 6 7 8 10 12 13 22 23 33 34,3.03e+07,13:1.7e+07 22:1.0e+07 23:1.6e+06,5.19e-07,21,1/21,6.10e+06,1.2e+13,1966,16.4,156,74.1,
XeII,465.194,200,,44,13,5p4(3P1)6p 2[1]° 3/2,5p4(3P1)6s 2[1] 3/2,10047,85.1,1198,26.4,,9807,81.0,1169,26.5,,5098,80.3,811,26.4,,5078,77.8,807,26.5,,10060,77.2,1200,26.4,,5047,79.4,802,26.5,,4994,77.8,794,26.6,,4929,76.2,784,26.6,,4001,76.8,477,26.9,,2552,83.3,406,26.6,,,15.41,0.0521,15.44,0.0488,15.415,7.621e-16,1.138e-12,10.54,1 2 4 5 6 7 8 10 12 13 22 23 33 34,6.59e+06,13:2.4e+06 33:1.5e+06 23:1.2e+06,2.12e-07,23,0/23,,,10646,84.1,1269,26.9,
XeII,465.3,40,,49,19,5p4(1D2)6p 2[3]° 5/2,5p4(3P0)5d 2[2] 3/2,1364,11.6,163,28.1,,1329,11.8,158,28.4,,701,12.2,111,28.3,,710,12.4,113,27.7,,1346,11.7,160,29.1,,691,12.5,110,28.5,,707,12.8,112,28.1,,680,12.1,108,28.6,,560,12.7,89,28.2,,351,12.9,56,27.8,,AlII 465.300 (I=2),15.977,0.0664,16.11,0.0322,15.987,3.953e-16,7.704e-13,10.93,1 2 4 5 6 7 8 10 12 13 22 23 33 34,2.03e+07,34:1.3e+07 23:4.7e+06 33:2.1e+06,2.57e-07,24,1/24,1.80e+07,7.0e+13,1515,12.5,181,28.3,
XeII,465.533,,,,78,Ek=161257.45,5p4(3P2)4f 2[5]° 11/2,11,0.2,1,50.7,,11,0.1,1,55.9,,50,0.2,8,7.2,,38,0.2,6,2.3,,13,0.1,2,26.1,,16,0.3,3,16.9,,8,0.2,1,34.2,,10,0.1,2,55.3,,77,0.3,9,7.0,,25,0.3,4,6.9,,AlII 465.505 (I=2),,,,,,,,,,,,,,,,,69,0.1,11,6.6,
XeII,466.628,40Hl,,104,48,5p4(3P1)4f 2[2]° 5/2,5p4(1D2)5d 2[2] 3/2,322,2.6,26,30.4,,322,2.6,26,27.9,,187,2.9,22,29.2,,171,2.9,20,28.1,,329,2.6,29,28.1,,166,2.5,20,28.6,,169,2.7,20,27.5,,163,2.5,19,29.4,,133,2.6,13,26.4,,85,2.7,10,26.1,,,,,,,,,,,,,,,,,,,364,2.9,29,29.5,
XeII,466.849,100,,56,24,5p4(1D2)6p 2[1]° 1/2,5p4(3P1)5d 2[2] 3/2,3410,25.2,232,26.9,,3283,25.4,224,26.8,,1785,27.6,170,26.3,,1704,26.8,203,26.6,,3396,26.1,231,26.6,,1732,27.6,165,26.1,,1721,27.5,164,26.6,,1710,26.3,163,26.2,,1374,28.5,146,26.4,,880,29.5,105,25.6,,"WI 466.818 (I=2); WI 466.846 (I=15, A=1.2e+06)",16.458,0.0535,16.49,0.0512,16.463,3.024e-16,7.413e-13,11.26,1 2 4 5 6 7 8 10 12 13 22 23 33 34,2.18e+06,34:4.0e+05 4:3.2e+05 23:2.9e+05,3.53e-07,18,0/18,,,3652,29.5,268,26.8,
XeII,467.22,100H,,57,25,5p4(3P2)7s 2[2] 3/2,5p4(3P2)6p 2[2]° 3/2,60556,102.3,3610,27.0,,60173,92.9,3587,27.1,,30699,88.1,2928,26.9,,30661,82.0,2925,27.2,,60331,82.5,3837,27.3,,30568,80.8,2916,27.3,,30845,80.7,2942,27.2,,30835,76.5,2941,27.2,,24606,82.8,2347,27.5,,15448,70.0,1842,27.7,,WI 467.255 (I=2),,,,,,,,,,,,,,,,,3014,16.0,192,190.3,
XeII,467.394,1w,,,52,Ek=151452.61,5p4(1D2)6p 2[3]° 7/2,3357,26.3,200,28.0,,3331,24.8,199,28.0,,1714,26.0,136,28.3,,1705,26.3,163,27.8,,3421,26.3,204,27.9,,1732,27.4,165,27.8,,1761,27.5,168,28.0,,1777,27.7,154,27.2,,1402,27.7,122,27.7,,893,30.1,106,27.1,,"XeIII 467.367 (I=18a); BaI 467.362 (I=133, A=6.5e+06)",,,,,,,,,,,,,,,,,3768,29.8,225,27.0,
XeII,467.456,40,,35,6,5p4(3P2)6p 2[1]° 3/2,5p4(3P2)5d 2[2] 5/2,3357,26.3,200,28.0,,3331,24.8,199,28.0,,1714,26.0,136,28.3,,1705,26.3,163,27.8,,3421,26.3,204,27.9,,1732,27.4,165,27.8,,1761,27.5,168,28.0,,1777,27.7,154,27.2,,1402,27.7,122,27.7,,893,30.1,106,27.1,,,14.479,0.2415,28.57,0.1632,14.49,6.324e-15,6.518e-12,10.01,1 2 4 5 6 7 8 10 12 13 22 23 33 34,3.99e+06,23:1.4e+06 5:6.4e+05 33:5.8e+05,5.75e-07,21,1/21,8.20e+07,1.4e+14,3768,29.8,225,27.0,
XeII,467.542,3,,,52,Ek=151446.61,5p4(1D2)6p 2[3]° 7/2,3359,10.9,200,28.0,,3333,9.6,187,27.9,,1715,10.0,136,28.2,,1706,9.1,136,27.8,,3423,9.2,192,27.9,,1733,9.2,165,27.8,,1762,9.0,153,28.0,,1778,8.6,154,27.2,,1403,8.9,112,27.7,,894,8.0,107,27.1,,WI 467.509 (I=4),,,,,,,,,,,,,,,,,769,6.9,52,47.8,
XeII,467.646,200H,,,54,Ek=153585.71,5p4(1D2)6p 2[2]° 5/2,672,6.8,40,55.7,,683,6.5,41,54.0,,351,6.5,28,51.4,,364,6.6,29,53.1,,724,6.8,46,53.1,,360,6.5,34,51.7,,362,6.3,35,50.0,,367,6.7,32,50.9,,268,6.2,26,56.5,,175,6.7,21,55.2,,XeII 467.675 (I=2); WI 467.662 (I=20),,,,,,,,,,,,,,,,,769,6.9,52,47.8,
XeII,467.675,2,,,54,Ek=153584.09,5p4(1D2)6p 2[2]° 5/2,672,6.8,40,55.7,,683,6.5,41,54.0,,351,6.5,28,51.4,,364,6.6,29,53.1,,724,6.8,46,53.1,,360,6.5,34,51.7,,362,6.3,35,50.0,,367,6.7,32,50.9,,268,6.2,26,56.5,,175,6.7,21,55.2,,XeII 467.646 (I=200H); WI 467.662 (I=20); WI 467.693 (I=2),,,,,,,,,,,,,,,,,769,6.9,52,47.8,
XeII,467.831,2h,,93,46,5p4(3P1)6d 2[2] 3/2,5p4(3P1)6p 2[1]° 1/2,104,1.0,7,68.1,,97,0.9,7,75.0,,57,1.1,5,58.7,,52,0.9,5,73.6,,100,1.0,7,67.2,,45,0.8,5,100.4,,52,1.1,5,72.5,,56,1.1,5,67.3,,42,1.0,4,63.9,,25,1.1,3,79.2,,WI 467.848 (I=1),,,,,,,,,,,,,,,,,106,1.0,8,63.6,
XeII,467.945,3hl,,102,47,5p4(3P1)4f 2[2]° 3/2,5p4(1D2)5d 2[1] 1/2,68,0.7,4,43.3,,82,0.8,6,39.9,,40,0.7,3,40.8,,50,0.8,5,33.3,,84,0.7,6,36.5,,49,0.8,5,28.6,,44,0.8,4,46.1,,49,0.8,5,34.9,,21,0.4,2,70.6,,14,0.7,2,84.8,,WII 467.950 (I=3); WII 467.967 (I=10p),,,,,,,,,,,,,,,,,79,0.7,6,46.0,
XeII,468.165,1w,,,79,Ek=161257.45,5p4(3P2)4f 2[5]° 9/2,12,0.1,1,3.6,,84,0.2,6,6.1,,11,0.2,1,3.2,,12,0.2,1,23.4,,12,0.1,1,27.0,,9,0.1,1,19.8,,37,0.2,4,6.9,,12,0.2,1,4.2,,9,0.2,1,4.3,,12,0.4,1,2.8,,,,,,,,,,,,,,,,,,,22,0.2,2,0.6,
XeII,468.586,0,,,79,Ek=161238.22,5p4(3P2)4f 2[5]° 9/2,2,0.0,0,,,-2,-0.0,0,,,6,0.1,1,3.9,,6,0.1,1,3.6,,-11,-0.0,-1,82.6,,36,0.1,4,6.9,,17,0.1,2,6.8,,6,0.1,1,3.4,,-12,-0.0,-2,24.6,,66,0.2,10,6.4,,WI 468.600 (I=1),,,,,,,,,,,,,,,,,0,0.0,0,,
XeII,468.82,,,,81,Ek=161354.15,5p4(3P2)4f 2[4]° 7/2,1889,7.6,150,26.6,,1856,8.4,126,26.7,,981,8.2,94,26.9,,932,8.4,89,26.7,,1888,8.7,150,27.1,,949,8.8,113,26.7,,939,8.9,90,26.7,,957,8.7,114,26.0,,760,9.2,91,27.2,,471,9.9,64,27.0,,,,,,,,,,,,,,,,,,,1993,15.6,211,27.0,
XeII,469.205,1bl,,,62,Ek=157416.58,5p4(3P2)6d 2[4] 9/2,56,0.5,4,,,3830,0.4,261,44.3,,35,0.6,3,,,1406,0.7,168,39.7,,2513,0.4,200,39.7,,1289,0.5,123,38.3,,1215,0.7,116,36.7,,34,0.5,4,,,30,0.6,4,,,16,0.5,3,3.9,,"WI 469.211 (I=2); WII 469.175 (I=5, A=3.1e+05)",,,,,,,,,,,,,,,,,50,0.4,4,,
XeII,469.334,15hl,,88,40,5p4(3P1)7s 2[1] 1/2,5p4(3P0)6p 2[1]° 3/2,146,1.1,12,26.1,,132,1.0,9,29.6,,62,1.0,6,30.2,,67,1.0,6,28.9,,126,1.0,9,28.5,,68,1.0,6,28.1,,82,1.2,8,22.2,,70,0.9,7,21.0,,62,1.2,7,23.1,,39,1.3,5,28.6,,,,,,,,,,,,,,,,,,,141,1.1,13,30.0,
XeII,469.801,300h,,66,35,5p4(1S0)5d 2[2] 3/2,5p4(3P2)6p 2[1]° 3/2,2638,20.1,180,29.2,,2640,21.4,168,28.9,,1319,20.5,114,29.8,,1333,21.0,106,28.9,,2719,22.1,162,28.3,,1326,21.8,126,28.8,,1313,21.2,125,28.9,,1344,21.5,128,28.6,,1055,20.9,126,29.3,,670,23.1,80,28.7,,WI 469.811 (I=8),17.118,0.0233,17.42,0.0163,17.129,7.052e-17,2.399e-13,11.73,1 2,0.00e+00,,1.09e-08,19,0/19,,,2805,23.2,191,28.2,
XeII,469.962,3Hl,,90,41,5p4(3P0)6d 2[2] 5/2,5p4(3P1)6p 2[2]° 5/2,110,1.0,7,29.7,,94,0.8,6,37.2,,47,0.8,5,25.4,,43,0.9,3,52.3,,119,0.9,7,31.3,,57,1.0,5,27.6,,54,1.0,5,36.2,,62,0.9,6,25.1,,53,1.1,6,28.8,,32,1.2,4,35.0,,,,,,,,,,,,,,,,,,,92,0.7,6,35.8,
XeII,470.467,10Hl,,84,36,5p4(3P2)4f 2[1]° 3/2,5p4(1D2)5d 2[3] 5/2,205,1.8,14,34.1,,209,1.9,12,34.4,,104,1.9,10,36.7,,112,1.9,11,37.1,,211,1.8,14,35.7,,113,1.9,11,34.4,,125,2.0,12,31.1,,108,1.9,10,30.5,,93,1.9,11,35.5,,65,2.3,8,34.0,,,,,,,,,,,,,,,,,,,223,1.9,15,34.2,
XeII,470.892,8hl,,57,26,5p4(3P2)7s 2[2] 3/2,5p4(3P2)6p 2[2]° 5/2,220,1.8,17,26.9,,212,1.9,14,25.5,,111,1.8,11,23.6,,122,2.0,12,22.4,,225,1.9,18,25.3,,115,1.9,11,26.3,,116,2.1,14,27.0,,139,2.3,17,21.6,,96,2.0,11,27.6,,56,1.7,7,28.7,,"BaII 470.894 (I=-, A=8.5e+06); WII 470.897 (I=8)",,,,,,,,,,,,,,,,,241,2.0,19,24.3,
XeII,471.263,40,,101,47,5p4(1S0)6p 2[1]° 1/2,5p4(1D2)5d 2[1] 1/2,225,2.1,18,37.0,,231,2.1,18,33.1,,114,2.0,14,37.5,,114,2.0,11,37.8,,239,2.0,21,33.9,,111,2.0,13,39.6,,123,2.1,15,35.9,,107,1.9,13,42.9,,90,2.0,11,37.7,,57,2.2,7,37.5,,"XeIII 471.258 (I=20bl); WI 471.249 (I=15, A=1.6e+06); WII 471.248 (I=4bl)",18.378,0.0244,18.41,0.0216,18.381,2.551e-17,1.707e-13,12.71,1 2 4 5 6 7 8 10 12 13 22 23 33 34,1.63e+07,23:7.7e+06 33:4.4e+06 34:3.6e+06,4.91e-07,33,0/33,,,285,2.3,25,27.0,
XeII,471.376,0*,,,81,Ek=161238.22,5p4(3P2)4f 2[4]° 7/2,267,2.3,21,30.6,,257,2.2,22,27.7,,142,2.3,17,26.7,,139,2.4,17,31.0,,280,2.5,27,28.5,,120,2.0,14,31.2,,118,2.0,14,33.4,,140,2.6,17,33.7,,115,2.3,14,30.1,,95,2.9,11,21.1,,"XeII 471.376 (I=0*); WI 471.351 (I=2); WI 471.385 (I=5, A=2.5e+04)",,,,,,,,,,,,,,,,,285,2.3,25,27.0,
XeII,471.376,0*,,,81,Ek=161238.07,5p4(3P2)4f 2[4]° 7/2,267,2.3,21,30.6,,257,2.2,22,27.7,,142,2.3,17,26.7,,139,2.4,17,31.0,,280,2.5,27,28.5,,120,2.0,14,31.2,,118,2.0,14,33.4,,140,2.6,17,33.7,,115,2.3,14,30.1,,95,2.9,11,21.1,,"XeII 471.376 (I=0*); WI 471.351 (I=2); WI 471.385 (I=5, A=2.5e+04)",,,,,,,,,,,,,,,,,285,2.3,25,27.0,
XeII,471.518,100,,87,39,5p4(3P1)7s 2[1] 3/2,5p4(3P1)6p 2[0]° 1/2,1321,10.7,126,26.4,,1309,10.7,125,25.5,,658,10.7,105,26.7,,683,11.4,72,25.9,,1369,11.2,131,25.6,,705,11.7,84,25.1,,674,11.2,80,26.1,,730,12.6,87,25.1,,564,11.7,90,25.6,,364,12.5,43,25.7,,,,,,,,,,,,,,,,,,,1475,11.9,141,25.4,
XeII,472.1,2Hl,,,68,Ek=160143.92,5p4(3P2)4f 2[4]° 9/2,99,1.0,12,41.6,,100,1.1,10,49.0,,44,0.9,7,59.6,,59,0.9,7,31.0,,116,1.0,14,30.3,,44,0.9,5,50.1,,57,1.0,9,33.9,,48,0.9,8,45.1,,36,0.8,6,55.8,,30,0.9,4,43.8,,CaII 472.103 (I=40),,,,,,,,,,,,,,,,,91,0.9,9,48.9,
XeII,473.119,100h,,90,42,5p4(3P0)6d 2[2] 5/2,5p4(3P1)6p 2[2]° 3/2,702,5.5,56,31.8,,698,5.3,55,31.4,,369,5.5,44,30.3,,365,5.7,39,31.2,,732,5.9,58,31.1,,365,6.0,43,29.9,,368,5.9,44,29.6,,375,6.2,45,29.5,,283,5.7,39,32.3,,182,5.8,22,29.7,,WI 473.103 (I=2*); WI 473.103 (I=2*),,,,,,,,,,,,,,,,,861,6.6,59,29.2,
XeII,473.251,15Hl,,83,36,5p4(3P2)4f 2[2]° 5/2,5p4(1D2)5d 2[3] 5/2,408,3.9,32,72.4,,411,4.0,33,70.1,,198,3.7,24,77.9,,203,3.8,24,71.6,,401,3.8,32,73.4,,207,3.7,25,69.0,,208,4.1,25,68.7,,204,3.9,24,70.8,,157,3.6,19,75.7,,92,3.7,11,80.7,,,,,,,,,,,,,,,,,,,285,2.0,19,32.3,
XeII,476.905,150,,49,20,5p4(1D2)6p 2[3]° 5/2,5p4(3P1)5d 2[1] 3/2,5716,42.4,545,27.6,,5609,42.5,535,27.6,,2974,42.7,355,27.4,,2958,44.4,353,27.2,,5926,44.4,565,27.3,,2937,42.8,350,27.6,,2999,45.5,409,27.0,,2936,44.8,400,27.3,,2350,45.2,280,27.1,,1473,47.5,234,27.1,,,15.977,0.0664,16.11,0.0322,15.987,3.953e-16,7.704e-13,10.93,1 2 4 5 6 7 8 10 12 13 22 23 33 34,2.03e+07,34:1.3e+07 23:4.7e+06 33:2.1e+06,2.57e-07,24,1/24,1.80e+07,7.0e+13,6306,46.5,547,26.9,
XeII,477.319,80h,,81,36,5p4(3P2)4f 2[4]° 7/2,5p4(1D2)5d 2[3] 5/2,1100,8.1,87,27.1,,1048,7.8,83,27.5,,569,8.0,68,26.9,,548,7.9,65,26.7,,1104,8.0,88,27.3,,526,7.6,56,27.6,,578,8.5,69,26.5,,551,8.0,66,27.2,,421,7.8,50,27.8,,260,7.9,41,29.7,,,,,,,,,,,,,,,,,,,1114,8.1,89,27.6,
XeII,477.518,5Hl,,110,49,5p4(1D2)7s 2[2] 3/2,5p4(1D2)6p 2[3]° 5/2,455,3.6,36,84.0,,432,3.5,34,87.4,,232,3.6,28,81.1,,237,4.0,28,77.2,,459,3.7,34,81.7,,225,3.6,21,88.0,,230,3.4,27,84.1,,231,3.9,28,75.3,,182,3.9,22,84.3,,125,4.1,20,87.4,,,,,,,,,,,,,,,,,,,467,3.6,37,82.7,
XeII,477.576,8Hl,,91,44,5p4(3P1)6d 2[1] 1/2,5p4(3P1)6p 2[1]° 3/2,455,3.6,36,84.0,,432,3.5,34,87.4,,232,3.6,28,81.1,,237,4.0,28,77.2,,459,3.7,34,81.7,,225,3.6,21,88.0,,230,3.4,27,84.1,,231,3.9,28,75.3,,182,3.9,22,84.3,,125,4.1,20,87.4,,,,,,,,,,,,,,,,,,,467,3.6,37,82.7,
XeII,477.918,80,,25,3,5p4(3P2)6p 2[2]° 3/2,5s5p6 2S 1/2,5495,37.9,374,29.8,,5399,38.3,368,30.1,,2806,37.4,335,29.7,,2757,37.9,292,29.7,,5576,38.1,443,29.7,,2762,37.4,263,30.0,,2795,39.6,333,29.6,,2842,40.6,339,29.1,,2247,39.7,268,29.4,,1420,42.6,169,29.6,,,13.86,0.1339,14.04,0.0845,13.864,5.816e-15,3.650e-12,9.29,1 2 4 5 6 7 8 10 12 13 22 23,6.37e+06,8:1.4e+06 4:1.3e+06 5:1.0e+06,9.39e-07,18,2/18,5.40e+07,5.8e+13,5974,40.2,407,28.5,
XeII,478.665,10Hl,,89,42,5p4(3P0)6d 2[2] 3/2,5p4(3P1)6p 2[2]° 3/2,282,2.1,22,28.1,,275,2.1,22,29.3,,145,1.9,14,29.6,,142,2.0,19,28.9,,269,1.9,21,28.1,,135,1.9,14,28.2,,140,1.8,17,30.6,,146,2.0,17,27.4,,111,2.0,13,28.6,,71,1.9,11,28.2,,,,,,,,,,,,,,,,,,,321,2.2,26,28.2,
XeII,478.777,100,,54,24,5p4(1D2)6p 2[2]° 5/2,5p4(3P1)5d 2[2] 3/2,3778,25.0,257,27.5,,3720,24.6,296,27.5,,1944,23.8,185,27.5,,1952,24.4,233,27.2,,3846,23.9,306,27.6,,1963,24.8,187,26.9,,1950,25.8,233,27.2,,1956,26.1,233,27.1,,1534,25.9,183,27.3,,976,26.6,155,27.7,,WI 478.793 (I=10),16.392,0.047,16.41,0.039,16.395,2.757e-16,6.871e-13,11.28,1 2 4 5 6 7 8 10 12 13 22 23 33 34,1.18e+07,23:6.4e+06 33:3.3e+06 34:1.5e+06,1.89e-07,24,1/24,1.00e+08,5.3e+14,4138,25.5,329,27.4,
XeII,479.184,2h^,,,64,Ek=157432.63,5p4(1S0)5d 2[2] 5/2,2793,0.5,222,26.2,,2774,0.5,220,26.5,,1415,0.6,169,27.2,,1420,0.4,169,26.3,,2832,0.6,225,26.4,,43,0.4,4,17.6,,37,0.5,4,18.1,,1447,0.6,138,26.7,,1162,0.6,139,26.6,,762,0.4,121,31.9,,,,,,,,,,,,,,,,,,,53,0.4,4,28.1,
XeII,479.256,40,,49,21,5p4(1D2)6p 2[3]° 5/2,5p4(3P0)5d 2[2] 5/2,2715,19.2,216,28.6,,2705,19.0,215,28.7,,1390,18.8,166,28.7,,1386,19.2,165,28.2,,2762,19.0,220,28.4,,1378,19.1,131,28.3,,1400,20.0,167,28.6,,1417,20.3,135,28.3,,1131,20.2,135,28.6,,709,20.1,113,28.3,,"XeI 479.262 (I=150, A=1.2e+05); WI 479.281 (I=2)",15.977,0.0664,16.11,0.0322,15.987,3.953e-16,7.704e-13,10.93,1 2 4 5 6 7 8 10 12 13 22 23 33 34,2.03e+07,34:1.3e+07 23:4.7e+06 33:2.1e+06,2.57e-07,24,1/24,1.80e+07,7.0e+13,2900,19.3,251,27.2,
XeII,479.54,3h^,,102,48,5p4(3P1)4f 2[2]° 3/2,5p4(1D2)5d 2[2] 3/2,35,0.2,3,20.2,,19,0.1,2,41.7,,137,0.2,16,6.9,,10,0.1,1,34.9,,21,0.2,2,51.8,,12,0.2,1,4.2,,18,0.2,2,33.7,,21,0.3,2,44.8,,12,0.2,1,72.0,,10,0.3,2,57.5,,,,,,,,,,,,,,,,,,,27,0.2,2,40.1,
XeII,479.648,6Hl,,,56,Ek=153584.09,5p4(1D2)6p 2[1]° 1/2,94,0.6,7,23.4,,86,0.6,8,24.6,,39,0.6,5,32.9,,44,0.6,5,29.3,,91,0.6,7,23.3,,36,0.5,4,37.0,,46,0.6,6,30.5,,46,0.6,6,28.2,,46,0.7,5,21.2,,23,0.6,4,29.2,,XeIII 479.651 (I=8a),,,,,,,,,,,,,,,,,84,0.6,7,26.7,
XeII,479.835,1a,,,65,Ek=157432.63,5p4(3P2)6d 2[4] 7/2,107,0.7,9,27.8,,84,0.6,7,31.4,,67,0.9,8,25.7,,72,0.9,9,21.9,,106,0.7,9,23.7,,42,0.5,4,34.3,,59,0.8,7,25.2,,50,0.6,5,24.2,,38,0.6,5,21.8,,36,1.0,6,27.4,,,,,,,,,,,,,,,,,,,110,0.6,9,25.8,
XeII,479.945,15Hl,,108,49,5p4(1D2)7s 2[2] 5/2,5p4(1D2)6p 2[3]° 5/2,239,1.7,19,26.3,,243,1.7,23,25.0,,124,1.6,15,24.9,,116,1.6,14,25.9,,228,1.5,18,27.0,,120,1.6,11,25.8,,121,1.6,17,26.3,,124,1.7,15,25.2,,84,1.4,13,29.5,,54,1.4,9,29.5,,,,,,,,,,,,,,,,,,,250,1.7,20,25.8,
XeII,480.21,1,,,65,Ek=157416.58,5p4(3P2)6d 2[4] 7/2,-9584298,0.0,-761851,6246.6,,5,0.1,0,1.1,,7,0.1,1,0.2,,10,0.1,2,2.9,,6,0.1,0,2.2,,8,0.1,1,2.4,,6,0.1,1,2.8,,8,0.1,1,3.8,,44,0.1,7,6.8,,6,0.2,1,2.5,,,,,,,,,,,,,,,,,,,49,0.1,4,6.6,
XeII,481.714,40Hl,,87,40,5p4(3P1)7s 2[1] 3/2,5p4(3P0)6p 2[1]° 3/2,464,2.9,37,29.6,,461,2.9,31,29.5,,234,2.7,22,29.2,,230,2.7,27,30.3,,482,2.8,33,28.7,,243,2.8,23,29.9,,236,2.7,28,30.8,,228,2.5,31,30.2,,179,2.5,21,28.7,,120,2.8,14,30.0,,WI 481.685 (I=8w*); WI 481.685 (I=8w*),,,,,,,,,,,,,,,,,485,2.9,39,29.6,
XeII,481.802,200,,35,8,5p4(3P2)6p 2[1]° 3/2,5p4(3P2)5d 2[2] 3/2,9570,60.6,761,25.9,,9400,59.0,690,26.0,,4986,58.0,594,25.9,,4938,56.0,589,26.4,,9838,56.3,670,26.3,,4920,55.8,469,26.3,,4872,54.2,581,26.6,,4954,53.8,788,26.4,,3871,53.8,615,26.4,,2417,54.6,329,26.6,,WI 481.767 (I=6); WI 481.836 (I=3),14.479,0.2415,28.57,0.1632,14.49,6.324e-15,6.518e-12,10.01,1 2 4 5 6 7 8 10 12 13 22 23 33 34,3.99e+06,23:1.4e+06 5:6.4e+05 33:5.8e+05,5.75e-07,21,1/21,8.20e+07,1.4e+14,10133,60.7,967,26.5,
XeII,482.335,300h,,55,25,5p4(3P2)7s 2[2] 5/2,5p4(3P2)6p 2[2]° 3/2,7335,42.2,500,26.4,,7273,42.5,434,26.4,,3876,43.7,370,25.9,,3907,45.8,373,25.8,,7719,44.4,409,25.7,,3849,44.5,367,25.8,,3769,44.5,359,25.7,,3793,45.4,452,25.9,,3038,44.9,362,25.7,,1872,44.9,223,25.8,,,,,,,,,,,,,,,,,,,7657,43.3,609,27.3,
XeII,483.025,2H,,101,48,5p4(1S0)6p 2[1]° 1/2,5p4(1D2)5d 2[2] 3/2,12377,72.8,984,26.2,,12324,73.0,1069,26.2,,6405,71.9,764,25.8,,6323,72.5,754,25.7,,12720,73.2,1213,25.6,,6409,73.0,764,25.6,,6421,75.9,766,25.5,,6418,74.5,765,25.5,,5158,75.3,615,25.6,,3242,75.3,442,25.2,,,18.378,0.0244,18.41,0.0216,18.381,2.551e-17,1.707e-13,12.71,1 2 4 5 6 7 8 10 12 13 22 23 33 34,1.63e+07,23:7.7e+06 33:4.4e+06 34:3.6e+06,4.91e-07,33,0/33,,,12356,68.1,1473,26.3,
XeII,483.108,2bl,,,59,Ek=156201.84,5p4(3P2)6d 2[3] 7/2,12383,20.2,984,26.2,,12331,18.8,980,26.2,,6408,16.8,764,25.7,,6327,15.9,754,25.7,,12727,16.2,1214,25.5,,6412,15.6,765,25.6,,6425,15.3,766,25.5,,6424,13.9,766,25.4,,5161,14.5,615,25.5,,3245,14.5,516,25.2,,,,,,,,,,,,,,,,,,,12362,19.0,1474,26.3,
XeII,483.22,2,,,60,Ek=156235.8,5p4(3P2)6d 2[2] 5/2,67,0.1,5,94.2,,28,0.2,2,17.5,,58,0.1,7,6.9,,19,0.2,2,14.3,,25,0.1,2,28.4,,15,0.2,1,20.9,,50,0.1,6,7.2,,665,0.1,79,199.7,,14,0.2,2,26.8,,12,0.3,2,22.5,,,,,,,,,,,,,,,,,,,115,0.2,14,124.0,
XeII,484.087,1*,,91,46,5p4(3P1)6d 2[1] 1/2,5p4(3P1)6p 2[1]° 1/2,43,0.3,3,109.1,,38,0.2,2,,,26,0.4,3,85.8,,20,0.4,2,60.6,,46,0.3,4,,,27,0.3,3,76.7,,26,0.3,3,146.6,,281,0.2,22,246.4,,18,0.3,2,103.2,,10,0.4,1,121.6,,XeII 484.087 (I=1*),,,,,,,,,,,,,,,,,43,0.2,3,126.8,
XeII,484.087,1*,,,64,Ek=157221.03,5p4(1S0)5d 2[2] 5/2,43,0.3,3,109.1,,38,0.2,2,,,26,0.4,3,85.8,,20,0.4,2,60.6,,46,0.3,4,,,27,0.3,3,76.7,,26,0.3,3,146.6,,281,0.2,22,246.4,,18,0.3,2,103.2,,10,0.4,1,121.6,,XeII 484.087 (I=1*),,,,,,,,,,,,,,,,,43,0.2,3,126.8,
XeII,484.185,1bl,,77,36,5p4(3P2)7p 2[3]° 7/2,5p4(1D2)5d 2[3] 5/2,1088,0.8,69,95.2,,1629,0.8,86,127.8,,405,0.7,39,37.8,,63,0.9,5,124.4,,732,0.8,54,48.3,,375,0.7,36,45.2,,60,0.7,6,,,393,0.8,31,42.1,,44,0.7,5,134.0,,193,1.0,23,58.1,,XeIII 484.180 (I=1bl),,,,,,,,,,,,,,,,,104,0.6,7,153.2,
XeII,484.433,2000,110000000.0,31,4,5p4(3P2)6p 2[3]° 7/2,5p4(3P2)6s 2[2] 5/2,73519,378.6,3691,56.7,SAT,71710,374.2,3420,61.6,SAT,73170,716.1,6345,40.5,SAT,73054,716.1,5807,40.2,SAT,73266,361.6,3883,57.5,SAT,73075,716.0,5362,40.1,SAT,73045,732.4,5806,40.0,SAT,72942,716.1,5352,39.9,SAT,73821,895.3,7042,37.3,SAT,68695,1402.0,6553,32.2,SAT,WI 484.430 (I=6*); WI 484.430 (I=6*),14.098,0.4009,14.19,0.2358,14.109,1.625e-14,1.312e-11,9.66,1 2 4 5 6 7 8 10 12 13 22 23,1.73e+06,10:6.5e+05 23:4.9e+05 22:1.8e+05,3.81e-07,10,3/10,1.47e+08,3.9e+14,73927,353.6,3711,59.0,SAT
XeII,484.782,3,,,65,Ek=157221.03,5p4(3P2)6d 2[4] 7/2,222,1.3,12,,,214,1.2,9,,,106,1.2,8,,,110,1.2,9,,,224,1.3,13,,,15725,1.3,1250,857.3,,120,1.3,10,,,114,1.3,8,,,88,1.2,8,,,54,1.2,5,,,WI 484.775 (I=8),,,,,,,,,,,,,,,,,256,1.4,12,,
XeII,485.02,2h^*,,,69,Ek=159617.54,5p4(3P2)4f 2[3]° 7/2,1303,8.9,69,71.2,,1306,8.5,62,70.2,,692,8.6,55,69.0,,686,8.7,55,69.2,,1355,8.7,72,70.3,,696,9.2,51,68.1,,670,8.8,64,69.8,,687,9.0,47,68.2,,526,8.7,50,70.9,,361,9.2,38,65.8,,XeII 485.020 (I=2h^*),,,,,,,,,,,,,,,,,1449,9.3,66,68.1,
XeII,485.02,2h^*,,,69,Ek=159617.11,5p4(3P2)4f 2[3]° 7/2,1303,8.9,69,71.2,,1306,8.5,62,70.2,,692,8.6,55,69.0,,686,8.7,55,69.2,,1355,8.7,72,70.3,,696,9.2,51,68.1,,670,8.8,64,69.8,,687,9.0,47,68.2,,526,8.7,50,70.9,,361,9.2,38,65.8,,XeII 485.020 (I=2h^*),,,,,,,,,,,,,,,,,1449,9.3,66,68.1,
XeII,485.377,40,,53,24,5p4(1D2)6p 2[2]° 3/2,5p4(3P1)5d 2[2] 3/2,1544,9.3,92,28.1,,1467,8.9,78,28.8,,802,9.0,55,27.6,,779,8.8,62,27.9,,1587,9.0,84,27.3,,763,8.6,61,27.9,,728,8.0,69,29.7,,779,8.6,50,28.1,,624,8.6,59,27.9,,394,8.6,47,28.5,,WI 485.383 (I=5w); WI 485.408 (I=40),16.356,0.04,28.57,0.0243,16.368,1.676e-16,4.457e-13,11.38,1 2 4 5 6 7 8 10 12 13 22 23 33 34,7.74e+06,23:2.7e+06 34:2.6e+06 33:1.8e+06,1.11e-07,27,1/27,8.50e+07,7.7e+14,1631,9.1,71,27.5,
XeII,486.245,800h,,55,26,5p4(3P2)7s 2[2] 5/2,5p4(3P2)6p 2[2]° 5/2,15952,98.8,1522,26.5,,15752,96.4,1252,26.7,,8156,95.3,778,26.9,,8099,93.8,966,27.2,,16253,95.5,1292,27.0,,8037,93.2,958,27.3,,7961,93.3,949,27.3,,7984,90.3,952,27.5,,6430,92.2,767,27.5,,4117,93.5,655,26.9,,,,,,,,,,,,,,,,,,,17183,99.5,1366,26.3,
XeII,486.887,1h,,,64,Ek=157102.56,5p4(1S0)5d 2[2] 5/2,44,0.3,3,26.4,,32,0.2,3,51.4,,27,0.3,3,22.8,,16,0.2,2,45.7,,44,0.3,4,45.4,,26,0.3,3,34.2,,32,0.3,4,20.3,,16,0.3,2,105.5,,22,0.3,2,12.4,,13,0.5,2,90.1,,,,,,,,,,,,,,,,,,,38,0.2,3,33.4,
XeII,487.65,500h,63000000.0,52,23,5p4(1D2)6p 2[3]° 7/2,5p4(1D2)6s 2[2] 5/2,37936,219.1,3016,25.9,,37416,214.3,2974,25.9,,19847,212.2,1893,25.9,,19564,203.8,2073,26.0,,38584,207.0,2629,26.0,,19569,203.5,1867,26.0,,19032,194.1,1815,26.2,,19309,191.0,1842,26.2,,15383,192.8,1834,26.3,,9713,191.6,1158,26.1,,WI 487.669 (I=6),16.126,0.0844,16.29,0.0766,16.136,7.219e-16,1.639e-12,11.15,1 2 4 5 6 7 8 10 12 13 22 23 33 34,3.87e+07,33:1.9e+07 23:1.3e+07 34:6.5e+06,8.18e-07,16,1/16,6.30e+07,7.7e+13,41162,228.5,2805,25.5,
XeII,488.353,600h,,40,11,5p4(3P0)6p 2[1]° 3/2,5p4(3P0)6s 2[0] 1/2,36076,211.0,1721,25.5,,35996,209.9,1717,25.7,,18780,210.3,1493,25.3,,18672,211.8,1484,25.5,,37361,213.2,1485,25.5,,18594,210.9,1478,25.6,,18224,212.3,1449,25.7,,18191,207.7,1239,25.9,,14614,208.3,1394,26.0,,9235,215.8,881,25.8,,WI 488.352 (I=3),15.08,0.0654,15.22,0.0625,15.089,9.965e-16,1.165e-12,10.19,1 2 4 5 6 7 8 10 12 13 22 23 33 34,8.43e+06,23:3.8e+06 13:2.7e+06 22:6.1e+05,2.53e-07,22,0/22,,,38050,198.1,1650,26.0,
XeII,488.415,100H,,85,37,5p4(3P0)7s 2[0] 1/2,5p4(3P0)6p 2[1]° 1/2,36076,211.0,1721,25.5,,35996,209.9,1717,25.7,,18780,210.3,1493,25.3,,18672,211.8,1484,25.5,,37361,213.2,1485,25.5,,18594,210.9,1478,25.6,,18224,212.3,1449,25.7,,18191,207.7,1239,25.9,,14614,208.3,1394,26.0,,9235,215.8,881,25.8,,,,,,,,,,,,,,,,,,,38050,198.1,1650,26.0,
XeII,488.73,300h,,42,13,5p4(3P1)6p 2[2]° 3/2,5p4(3P1)6s 2[1] 3/2,12678,78.5,864,25.6,,12268,76.9,836,26.0,,6488,77.8,619,25.8,,6309,74.6,602,26.5,,12749,75.9,676,26.2,,6383,74.2,609,26.2,,6296,74.5,601,26.6,,6234,72.9,496,27.0,,5091,73.6,607,26.9,,3160,75.2,377,26.9,,,15.282,0.2008,15.31,0.0876,15.293,1.654e-15,2.302e-12,10.44,1 2 4 5 6 7 8 10 12 13 22 23 33 34,1.33e+07,22:5.8e+06 23:2.6e+06 13:2.6e+06,8.08e-07,22,1/22,2.20e+07,2.7e+13,13286,80.4,905,26.2,
XeII,489.009,300h*,,49,22,5p4(1D2)6p 2[3]° 5/2,5p4(3P1)5d 2[3] 7/2,19387,112.3,1321,27.2,,19137,115.5,1304,27.3,,10209,117.4,974,26.8,,10139,116.4,967,26.8,,20072,117.5,1126,26.6,,10052,120.0,959,26.7,,10046,122.0,958,26.4,,10091,120.9,963,26.5,,8131,118.6,776,26.6,,5162,124.7,547,26.2,,"XeII 489.009 (I=300h*); WI 489.027 (I=25, A=1.0e+06)",15.977,0.0664,16.11,0.0322,15.987,3.953e-16,7.704e-13,10.93,1 2 4 5 6 7 8 10 12 13 22 23 33 34,2.03e+07,34:1.3e+07 23:4.7e+06 33:2.1e+06,2.57e-07,24,1/24,1.80e+07,7.0e+13,21162,116.2,1682,26.5,
XeII,489.009,300h*,,29,4,5p4(3P2)6p 2[3]° 5/2,5p4(3P2)6s 2[2] 5/2,19387,112.3,1321,27.2,,19137,115.5,1304,27.3,,10209,117.4,974,26.8,,10139,116.4,967,26.8,,20072,117.5,1126,26.6,,10052,120.0,959,26.7,,10046,122.0,958,26.4,,10091,120.9,963,26.5,,8131,118.6,776,26.6,,5162,124.7,547,26.2,,"XeII 489.009 (I=300h*); WI 489.027 (I=25, A=1.0e+06)",14.074,0.2501,14.08,0.2501,14.082,1.203e-14,9.080e-12,9.56,1 2 4 5 6 7 8 10 12 13 22 23,5.91e+06,12:1.9e+06 5:1.6e+06 22:9.3e+05,1.08e-06,17,3/17,7.69e+07,7.1e+13,21162,116.2,1682,26.5,
XeII,489.218,2^,,,72,Ek=159617.11,5p4(3P2)4f 2[3]° 5/2,100,0.6,7,,,68,0.4,5,,,48,0.6,5,,,32,0.4,3,,,84,0.5,4,,,38,0.5,4,,,46,0.5,5,,,38,0.5,4,,,36,0.5,3,,,159,0.5,19,183.2,,WI 489.242 (I=40),,,,,,,,,,,,,,,,,108,0.7,8,,
XeII,489.99,1^,,,58,Ek=155463.41,5p4(1D2)5d 2[0] 1/2,369,2.5,44,27.3,,373,2.4,44,26.3,,273,3.3,43,24.6,,262,3.2,42,24.8,,508,3.2,48,25.7,,266,3.3,42,24.8,,238,3.2,38,24.4,,231,3.0,37,24.7,,193,3.1,23,24.0,,124,3.3,20,27.5,,"BaII 489.993 (I=273, A=1.0e+08); AlII 489.964 (I=6)",,,,,,,,,,,,,,,,,425,2.7,51,25.5,
XeII,490.52,2H,,,78,Ek=160162.9,5p4(3P2)4f 2[5]° 11/2,66,0.5,9,27.8,,62,0.4,7,24.4,,20,0.3,4,40.5,,26,0.4,4,38.3,,53,0.3,6,30.1,,35,0.4,6,37.3,,25,0.3,4,31.1,,31,0.4,5,21.0,,45,0.6,7,18.5,,21,0.6,3,37.9,,WI 490.549 (I=5),,,,,,,,,,,,,,,,,75,0.5,9,26.9,
XeII,491.966,200,,46,14,5p4(3P1)6p 2[1]° 1/2,5p4(3P1)5d 2[1] 1/2,5589,39.9,444,25.1,,5510,39.3,375,25.4,,2814,37.3,268,25.7,,2794,36.9,266,25.8,,5502,36.8,437,25.8,,2758,36.4,263,25.8,,2816,36.6,269,25.7,,2814,35.6,268,25.6,,2233,35.5,237,26.2,,1396,35.0,166,26.3,,WI 491.981 (I=2),15.445,0.0329,15.71,0.0242,15.456,3.913e-16,5.967e-13,10.57,1 2 4 5 6 7 8 10 12 13 22 23 33 34,3.41e+06,33:7.5e+05 23:7.0e+05 34:7.0e+05,1.24e-07,15,0/15,,,6057,38.3,413,25.8,
XeII,492.148,800,,41,13,5p4(3P1)6p 2[2]° 5/2,5p4(3P1)6s 2[1] 3/2,63319,441.0,4646,27.7,SAT,63275,435.0,4311,27.4,SAT,35571,454.4,4241,26.0,,34682,451.7,2757,26.3,,63946,415.4,5083,27.4,SAT,34011,442.1,3605,26.3,,34621,445.9,3302,26.5,,34681,429.6,3308,26.7,,27577,432.6,2630,26.6,,17256,427.3,2057,26.6,,,15.264,0.0478,15.31,0.0437,15.266,6.602e-16,9.071e-13,10.42,1 2 4 5 6 7 8 10 12 13 22 23 33 34,3.03e+07,13:1.7e+07 22:1.0e+07 23:1.6e+06,5.19e-07,21,1/21,6.10e+06,1.2e+13,68063,418.0,4994,27.2,SAT
XeII,493.43,1,,,79,Ek=160164.2,5p4(3P2)4f 2[5]° 9/2,9839,60.5,938,25.3,,9559,60.7,912,25.3,,6858,80.6,818,25.0,,6674,81.0,796,25.2,,13117,79.8,1564,24.9,,6572,81.3,784,24.7,,6513,81.6,777,24.6,,6534,83.0,779,24.7,,5259,82.8,627,24.7,,3301,86.3,525,24.6,,"BaII 493.408 (I=6900, A=9.5e+07); WI 493.454 (I=2)",,,,,,,,,,,,,,,,,11025,71.6,1052,24.8,
XeII,496.5,4Hl,,110,51,5p4(1D2)7s 2[2] 3/2,5p4(1D2)6p 2[1]° 3/2,158,1.1,15,30.6,,138,0.9,13,28.7,,78,1.1,9,28.2,,78,0.9,9,27.6,,165,1.0,13,25.3,,81,1.1,10,29.0,,81,1.0,10,26.3,,73,0.9,12,25.7,,66,0.9,8,27.2,,41,0.9,6,23.6,,,,,,,,,,,,,,,,,,,191,1.0,15,29.5,
XeII,497.171,200H,,73,36,5p4(3P2)7p 2[1]° 3/2,5p4(1D2)5d 2[3] 5/2,12925,84.1,1027,26.1,,12519,80.9,995,26.3,,6629,80.6,903,26.4,,6606,81.0,900,26.1,,13099,79.8,1041,26.0,,6553,82.3,625,26.3,,6707,84.3,640,25.8,,6747,82.8,804,25.7,,5370,83.9,512,25.7,,3393,83.4,405,25.7,,,,,,,,,,,,,,,,,,,13828,80.1,1015,26.8,
XeII,497.271,400h,,51,23,5p4(1D2)6p 2[1]° 3/2,5p4(1D2)6s 2[2] 5/2,12925,84.1,1027,26.1,,12519,80.9,995,26.3,,6629,80.6,903,26.4,,6606,81.0,900,26.1,,13099,79.8,1041,26.0,,6553,82.3,625,26.3,,6707,84.3,640,25.8,,6747,82.8,804,25.7,,5370,83.9,512,25.7,,3393,83.4,405,25.7,,"WI 497.256 (I=30, A=3.9e+05)",16.077,0.1677,29.93,0.0721,16.082,7.579e-16,1.815e-12,11.23,1 2 4 5 6 7 8 10 12 13 22 23 33 34,8.14e+06,23:5.5e+06 33:1.2e+06 34:7.2e+05,4.19e-07,27,0/27,,,13828,80.1,1015,26.8,
XeII,497.441,1^,,72,36,5p4(3P2)4f 2[3]° 5/2,5p4(1D2)5d 2[3] 5/2,47,0.4,4,63.0,,34,0.3,2,92.9,,16,0.3,2,80.9,,26,0.4,3,51.7,,51,0.3,4,70.3,,24,0.4,2,66.3,,27,0.4,3,46.1,,18,0.3,2,124.2,,6855,0.3,654,1327.7,,11,0.4,1,132.9,,,,,,,,,,,,,,,,,,,35,0.3,2,74.9,
XeII,497.487,2h,,90,44,5p4(3P0)6d 2[2] 5/2,5p4(3P1)6p 2[1]° 3/2,47,0.4,4,63.0,,34,0.3,2,92.9,,16,0.3,2,80.9,,26,0.4,3,51.7,,51,0.3,4,70.3,,24,0.4,2,66.3,,27,0.4,3,46.1,,18,0.3,2,124.2,,21,0.3,2,77.4,,18,0.3,2,14.6,,,,,,,,,,,,,,,,,,,35,0.3,2,74.9,
XeII,498.795,0,,71,36,5p4(3P2)7p 2[2]° 5/2,5p4(1D2)5d 2[3] 5/2,6637,41.4,528,26.4,,6632,41.3,527,26.2,,3410,39.6,407,26.4,,3364,38.2,357,26.5,,6752,38.5,495,26.1,,3330,39.0,318,26.5,,3450,40.3,411,26.0,,3410,39.2,325,26.1,,2698,38.4,322,26.8,,1726,39.1,206,25.9,,WI 498.805 (I=3w),,,,,,,,,,,,,,,,,6821,37.2,542,27.7,
XeII,498.877,300h,,44,14,5p4(3P1)6p 2[1]° 3/2,5p4(3P1)5d 2[1] 1/2,6637,41.4,528,26.4,,6632,41.3,527,26.2,,3410,39.6,407,26.4,,3364,38.2,357,26.5,,6752,38.5,495,26.1,,3330,39.0,318,26.5,,3450,40.3,411,26.0,,3410,39.2,325,26.1,,2698,38.4,322,26.8,,1726,39.1,206,25.9,,WI 498.908 (I=15),15.41,0.0521,15.44,0.0488,15.415,7.621e-16,1.138e-12,10.54,1 2 4 5 6 7 8 10 12 13 22 23 33 34,6.59e+06,13:2.4e+06 33:1.5e+06 23:1.2e+06,2.12e-07,23,0/23,,,6821,37.2,542,27.7,
XeII,499.117,100H,,108,51,5p4(1D2)7s 2[2] 5/2,5p4(1D2)6p 2[1]° 3/2,860,5.4,68,28.1,,850,5.3,68,27.4,,459,5.4,49,27.5,,455,5.3,54,27.8,,885,5.1,77,27.8,,457,5.4,44,28.1,,467,5.5,56,25.7,,464,5.3,44,27.4,,361,5.2,43,28.1,,216,5.0,26,27.9,,WI 499.082 (I=1),,,,,,,,,,,,,,,,,911,5.1,72,28.7,
XeII,499.303,10,,39,11,5p4(3P1)6p 2[0]° 1/2,5p4(3P0)6s 2[0] 1/2,494,2.7,39,26.3,,456,2.5,44,28.7,,259,2.7,31,25.1,,250,2.7,30,26.6,,508,2.8,48,27.1,,273,2.9,33,24.8,,237,2.7,28,27.3,,268,2.9,26,24.9,,202,2.8,24,26.8,,135,3.3,16,27.5,,,15.024,0.0578,15.09,0.0477,15.034,1.053e-15,1.186e-12,10.14,1 2 4 5 6 7 8 10 12 13 22 23 33 34,1.07e+07,13:7.0e+06 33:9.3e+05 22:9.2e+05,6.55e-07,14,1/14,7.40e+07,1.1e+14,492,2.9,39,28.6,
XeII,499.393,5Hl,,,62,Ek=156128.46,5p4(3P2)6d 2[4] 9/2,131,0.8,12,33.3,,120,0.7,11,33.3,,62,0.7,7,33.8,,58,0.7,7,33.3,,115,0.6,11,33.2,,52,0.6,6,47.2,,56,0.7,7,39.7,,74,0.8,9,30.1,,58,0.8,9,28.7,,40,1.0,5,39.8,,WI 499.408 (I=6),,,,,,,,,,,,,,,,,145,0.8,14,30.1,
XeII,500.101,3h,,97,48,5p4(3P0)4f 2[3]° 5/2,5p4(1D2)5d 2[2] 3/2,44,0.3,5,19.5,,60,0.4,7,17.6,,15,0.3,2,53.7,,13,0.1,2,21.0,,46,0.2,5,19.1,,22,0.3,3,45.1,,23,0.3,4,35.6,,26,0.3,3,27.1,,22,0.3,4,26.8,,7,0.3,1,67.3,,WI 500.107 (I=5); AlII 500.097 (I=6),,,,,,,,,,,,,,,,,49,0.3,5,26.4,
XeII,501.283,50Hl,,105,50,5p4(1S0)6p 2[1]° 3/2,5p4(1S0)6s 2[0] 1/2,437,2.7,52,28.2,,431,2.6,46,26.7,,219,2.5,26,29.5,,228,2.6,36,28.2,,471,2.5,50,27.4,,227,2.6,27,27.9,,222,2.5,26,28.6,,243,2.6,39,26.6,,182,2.5,29,28.0,,116,2.8,18,29.5,,"BaII 501.295 (I=5*, A=1.9e+06); BaII 501.295 (I=5*, A=5.2e+07)",18.497,0.0168,18.56,0.0167,18.504,1.748e-17,1.329e-13,12.89,1 2 4 5 6 7 8 10 12 13 22 23 33 34,4.99e+06,34:2.0e+06 33:1.5e+06 23:9.2e+05,6.89e-08,50,0/50,,,476,2.5,45,26.6,
XeII,501.741,1,,35,9,5p4(3P2)6p 2[1]° 3/2,5p4(3P2)5d 2[1] 1/2,16,0.1,1,43.9,,15,0.1,1,46.6,,48,0.2,6,7.3,,40,0.1,5,7.0,,31,0.2,3,20.7,,95,0.3,15,7.0,,103,0.2,12,6.6,,24,0.3,4,22.4,,8,0.1,1,,,17,0.4,3,4.3,,WI 501.721 (I=12),14.479,0.2415,28.57,0.1632,14.49,6.324e-15,6.518e-12,10.01,1 2 4 5 6 7 8 10 12 13 22 23 33 34,3.99e+06,23:1.4e+06 5:6.4e+05 33:5.8e+05,5.75e-07,21,1/21,8.20e+07,1.4e+14,9,0.1,1,58.2,
XeII,501.875,1^,,69,36,5p4(3P2)4f 2[3]° 7/2,5p4(1D2)5d 2[3] 5/2,62,0.1,6,6.4,,45,0.1,4,7.1,,9,0.2,1,105.6,,57,0.1,7,6.7,,20,0.1,2,4.8,,20,0.2,3,3.0,,17,0.2,2,15.4,,26,0.2,4,4.9,,9,0.1,1,56.9,,24,0.2,4,3.9,,WI 501.850 (I=4),,,,,,,,,,,,,,,,,92,0.1,9,6.5,
XeII,503.615,3Hl,,89,44,5p4(3P0)6d 2[2] 3/2,5p4(3P1)6p 2[1]° 3/2,44,0.3,4,56.3,,42,0.3,4,44.4,,25,0.3,4,42.2,,21,0.2,3,30.5,,39,0.3,5,39.2,,20,0.3,2,35.7,,35,0.4,6,22.1,,24,0.3,4,43.1,,12,0.2,2,49.7,,14,0.4,2,40.1,,WI 503.600 (I=5),,,,,,,,,,,,,,,,,50,0.3,5,29.8,
XeII,504.006,0bl,,,78,Ek=159617.54,5p4(3P2)4f 2[5]° 11/2,10,0.1,1,15.9,,10,0.1,1,3.2,,11,0.0,2,10.9,,63,0.1,8,6.7,,61,0.1,7,6.2,,61,0.2,7,7.1,,19,0.2,3,4.2,,14,0.1,2,2.5,,12,0.2,2,3.2,,11,0.2,2,46.4,,"XeIII 504.006 (I=1bl); WI 504.036 (I=60, A=5.2e+05)",,,,,,,,,,,,,,,,,16,0.1,1,3.5,
XeII,504.492,150h,,56,28,5p4(1D2)6p 2[1]° 1/2,5p4(1D2)6s 2[2] 3/2,3575,20.6,379,27.6,,3578,20.0,341,27.2,,1854,19.8,221,27.8,,1921,21.0,229,27.1,,3778,20.4,360,27.3,,1893,20.1,226,27.1,,1887,20.3,225,27.6,,1897,21.2,226,26.7,,1514,21.1,181,27.4,,980,22.2,156,26.9,,WI 504.491 (I=4),16.458,0.0535,16.49,0.0512,16.463,3.024e-16,7.413e-13,11.26,1 2 4 5 6 7 8 10 12 13 22 23 33 34,2.18e+06,34:4.0e+05 4:3.2e+05 23:2.9e+05,3.53e-07,18,0/18,,,3986,21.6,317,26.4,
XeII,505.254,30h,,64,35,5p4(1S0)5d 2[2] 5/2,5p4(3P2)6p 2[1]° 3/2,827,4.7,79,27.6,,826,4.8,79,26.7,,458,5.0,55,26.7,,432,4.5,51,27.0,,871,4.5,83,26.8,,434,4.7,52,27.3,,422,4.5,50,27.1,,418,4.5,50,28.0,,349,4.7,42,27.2,,216,4.7,34,26.9,,"WI 505.223 (I=30, A=1.1e+06)",16.932,0.0453,17.06,0.0434,16.939,1.883e-16,6.526e-13,11.76,1 2,0.00e+00,,7.95e-09,15,0/15,,,3261,12.7,311,40.8,
XeII,506.633,3Hl,,,62,Ek=155842.04,5p4(3P2)6d 2[4] 9/2,14,0.1,2,114.1,,16,0.1,2,107.8,,23,0.2,4,18.3,,17,0.3,3,82.7,,14,0.1,2,86.2,,23,0.2,4,12.7,,22,0.2,3,9.2,,22,0.2,3,16.5,,22,0.3,3,23.2,,13,0.3,3,36.2,,WI 506.657 (I=3),,,,,,,,,,,,,,,,,23,0.2,3,90.9,
XeII,506.982,10Hw,,,62,Ek=155828.73,5p4(3P2)6d 2[4] 9/2,202,1.3,19,31.6,,187,1.2,22,33.2,,98,1.2,12,34.1,,126,1.4,15,27.1,,223,1.2,27,33.3,,120,1.3,19,29.2,,113,1.4,18,31.7,,126,1.3,20,28.9,,94,1.4,15,32.0,,57,1.4,13,41.0,,,,,,,,,,,,,,,,,,,244,1.5,23,30.8,
XeII,507.38,1h^,,85,39,5p4(3P0)7s 2[0] 1/2,5p4(3P1)6p 2[0]° 1/2,17,0.1,2,37.1,,134,0.2,16,6.9,,124,0.2,15,6.8,,11,0.2,1,99.7,,13,0.1,1,54.0,,14,0.1,2,16.1,,15,0.1,2,5.1,,10,0.1,2,3.2,,73,0.2,12,6.4,,11,0.2,2,20.1,,,,,,,,,,,,,,,,,,,39,0.2,4,14.2,
XeII,508.062,600h,,57,29,5p4(3P2)7s 2[2] 3/2,5p4(3P2)6p 2[3]° 5/2,8276,51.8,987,26.6,,8109,51.4,967,26.4,,4201,48.9,668,26.4,,4194,48.4,500,26.6,,8353,47.5,996,26.5,,4206,49.7,501,26.5,,4142,48.7,494,26.4,,4077,46.2,648,26.6,,3297,47.7,524,26.8,,2079,47.5,330,26.7,,WI 508.072 (I=10),,,,,,,,,,,,,,,,,8524,51.8,903,26.5,
XeII,508.107,30,,88,42,5p4(3P1)7s 2[1] 1/2,5p4(3P1)6p 2[2]° 3/2,8276,51.8,987,26.6,,8109,51.4,967,26.4,,4201,48.9,668,26.4,,4194,48.4,500,26.6,,8353,47.5,996,26.5,,4206,49.7,501,26.5,,4142,48.7,494,26.4,,4077,46.2,648,26.6,,3297,47.7,524,26.8,,2079,47.5,330,26.7,,WI 508.072 (I=10),,,,,,,,,,,,,,,,,8540,9.8,905,26.4,
XeII,509.193,60Hl,,108,52,5p4(1D2)7s 2[2] 5/2,5p4(1D2)6p 2[3]° 7/2,1523,9.6,207,26.0,,1502,9.5,179,25.8,,807,9.5,128,26.1,,781,9.1,106,26.7,,1573,9.2,188,25.9,,793,9.6,95,25.7,,797,9.2,95,26.4,,813,9.4,111,26.0,,650,9.6,103,25.8,,408,9.6,65,25.9,,,,,,,,,,,,,,,,,,,1582,9.6,151,27.2,
XeII,509.959,5H,,,65,Ek=156201.84,5p4(3P2)6d 2[4] 7/2,107,0.7,13,38.5,,102,0.6,10,32.0,,62,0.7,10,37.3,,56,0.7,8,35.9,,108,0.6,13,34.5,,57,0.7,8,41.4,,64,0.9,8,38.3,,52,0.7,6,39.4,,57,0.8,9,31.4,,24,0.6,4,46.5,,,,,,,,,,,,,,,,,,,126,0.7,15,28.9,
XeII,510.4,1Hw*,,,81,Ek=159617.54,5p4(3P2)4f 2[4]° 7/2,167,1.0,20,27.2,,134,0.8,16,31.7,,80,0.9,13,28.7,,83,0.8,11,26.1,,172,1.0,21,25.4,,79,0.9,13,28.6,,88,1.0,14,23.6,,92,1.0,15,26.1,,70,0.9,11,26.8,,29,0.7,5,34.2,,XeII 510.400 (I=1Hw*),,,,,,,,,,,,,,,,,156,0.6,19,29.1,
XeII,510.4,1Hw*,,,81,Ek=159617.11,5p4(3P2)4f 2[4]° 7/2,167,1.0,20,27.2,,134,0.8,16,31.7,,80,0.9,13,28.7,,83,0.8,11,26.1,,172,1.0,21,25.4,,79,0.9,13,28.6,,88,1.0,14,23.6,,92,1.0,15,26.1,,70,0.9,11,26.8,,29,0.7,5,34.2,,XeII 510.400 (I=1Hw*),,,,,,,,,,,,,,,,,156,0.6,19,29.1,
XeII,510.858,2h,,89,46,5p4(3P0)6d 2[2] 3/2,5p4(3P1)6p 2[1]° 1/2,65,0.4,10,28.5,,89,0.6,11,22.2,,41,0.5,7,32.8,,36,0.4,5,25.7,,65,0.4,7,30.7,,26,0.3,4,40.3,,45,0.4,7,22.8,,44,0.5,7,23.1,,36,0.5,6,19.4,,37,0.9,6,19.6,,WI 510.825 (I=2),,,,,,,,,,,,,,,,,74,0.4,10,26.9,
XeII,512.242,200h,,57,30,5p4(3P2)7s 2[2] 3/2,5p4(3P2)6p 2[1]° 1/2,3096,17.4,369,26.6,,2995,16.8,286,26.7,,1566,16.1,249,26.8,,1552,16.5,185,26.6,,3146,16.9,375,26.4,,1607,17.0,192,26.3,,1512,16.0,180,26.4,,1528,16.6,182,26.3,,1248,16.9,198,26.3,,743,16.5,118,27.5,,,,,,,,,,,,,,,,,,,3271,18.5,390,26.9,
XeII,512.57,30,,54,27,5p4(1D2)6p 2[2]° 5/2,5p4(3P1)5d 2[2] 5/2,3486,19.6,416,26.0,,3398,19.0,324,25.4,,1783,18.4,283,25.9,,1766,19.2,211,26.0,,3539,19.0,422,25.6,,1756,18.8,209,25.6,,1832,19.6,218,25.4,,1868,20.9,223,25.1,,1445,19.5,172,25.5,,877,19.5,139,26.4,,,16.392,0.047,16.41,0.039,16.395,2.757e-16,6.871e-13,11.28,1 2 4 5 6 7 8 10 12 13 22 23 33 34,1.18e+07,23:6.4e+06 33:3.3e+06 34:1.5e+06,1.89e-07,24,1/24,1.00e+08,5.3e+14,3689,21.3,440,26.8,
XeII,516.47,1H-,,83,38,5p4(3P2)4f 2[2]° 5/2,5p4(1D2)5d 2[3] 7/2,23,0.1,3,54.2,,21,0.2,2,140.8,,13,0.2,2,61.1,,17,0.2,3,52.6,,158431,0.2,15112,4436.1,,57,0.2,9,6.3,,16,0.2,3,48.5,,17,0.2,3,31.7,,18,0.2,3,22.0,,15,0.3,3,56.7,,XeI 516.439 (I=1h),,,,,,,,,,,,,,,,,71,0.1,9,6.5,
XeII,517.882,50h,,49,23,5p4(1D2)6p 2[3]° 5/2,5p4(1D2)6s 2[2] 5/2,3634,19.4,347,25.5,,3574,19.3,284,25.6,,1914,18.9,183,25.3,,1827,18.4,218,26.0,,3741,19.1,357,25.2,,1827,18.9,218,25.9,,1836,19.6,292,25.7,,1893,19.8,181,25.4,,1529,19.5,182,25.5,,981,21.3,156,25.3,,,15.977,0.0664,16.11,0.0322,15.987,3.953e-16,7.704e-13,10.93,1 2 4 5 6 7 8 10 12 13 22 23 33 34,2.03e+07,34:1.3e+07 23:4.7e+06 33:2.1e+06,2.57e-07,24,1/24,1.80e+07,7.0e+13,3927,21.2,375,24.5,
XeII,518.225,0,,,54,Ek=151498.9,5p4(1D2)6p 2[2]° 5/2,20,0.1,2,22.2,,14,0.1,1,49.5,,17,0.2,1,40.9,,15,0.1,2,4.3,,27,0.1,3,28.3,,16,0.1,2,15.4,,80,0.1,8,6.9,,13,0.2,1,59.0,,66,0.2,8,6.5,,14,0.3,2,2.3,,WI 518.194 (I=5w); WI 518.230 (I=3w),,,,,,,,,,,,,,,,,66,0.2,5,37.5,
XeII,518.448,50,,54,28,5p4(1D2)6p 2[2]° 5/2,5p4(1D2)6s 2[2] 3/2,2532,14.3,201,25.0,,2528,14.4,161,24.6,,1320,13.6,105,25.0,,1336,13.3,127,24.6,,2624,13.5,250,24.6,,1305,13.4,124,24.9,,1243,13.0,119,24.6,,1224,12.2,117,25.3,,999,12.8,119,25.0,,630,13.0,75,25.0,,,16.392,0.047,16.41,0.039,16.395,2.757e-16,6.871e-13,11.28,1 2 4 5 6 7 8 10 12 13 22 23 33 34,1.18e+07,23:6.4e+06 33:3.3e+06 34:1.5e+06,1.89e-07,24,1/24,1.00e+08,5.3e+14,2678,13.9,182,25.1,
XeII,518.804,200,,87,41,5p4(3P1)7s 2[1] 3/2,5p4(3P1)6p 2[2]° 5/2,2607,14.4,166,26.2,,2645,14.8,158,25.7,,1391,14.2,111,25.6,,1342,13.1,128,26.4,,2745,13.8,218,26.3,,1391,13.9,133,25.8,,1381,14.0,110,25.7,,1356,13.2,108,26.4,,1103,14.2,105,26.5,,683,13.5,81,26.2,,,,,,,,,,,,,,,,,,,2829,14.1,142,25.6,
XeII,519.137,300,,37,11,5p4(3P0)6p 2[1]° 1/2,5p4(3P0)6s 2[0] 1/2,15846,75.5,1080,26.4,,15708,73.9,1070,26.4,,8117,69.4,645,26.1,,8080,71.1,771,26.3,,16205,71.7,1288,26.2,,8033,70.2,766,26.2,,7954,72.0,759,26.3,,7923,72.1,630,26.3,,6523,72.1,778,26.2,,4076,74.8,486,26.2,,,14.93,0.0871,15.29,0.0834,14.939,1.749e-15,1.900e-12,10.09,1 2 4 5 6 7 8 10 12 13 22 23 33 34,4.38e+06,33:1.2e+06 34:1.0e+06 23:9.1e+05,4.00e-07,14,0/14,,,18907,82.5,1127,26.8,
XeII,519.21,80,,85,40,5p4(3P0)7s 2[0] 1/2,5p4(3P0)6p 2[1]° 3/2,1772,9.2,121,,,1708,8.8,102,,,908,8.6,72,,,898,8.5,86,,,1782,8.6,121,,,854,8.2,81,,,866,8.3,83,,,876,8.3,70,,,690,8.2,66,,,460,8.5,55,,,,,,,,,,,,,,,,,,,,18911,33.9,1127,26.8,
XeII,519.492,5H,,,65,Ek=155842.04,5p4(3P2)6d 2[4] 7/2,112,0.6,8,39.7,,98,0.6,6,43.5,,71,0.6,7,28.3,,60,0.7,6,40.7,,117,0.6,9,41.9,,47,0.5,4,50.2,,74,0.7,7,19.1,,54,0.6,5,47.9,,50,0.6,6,27.3,,25,0.6,4,50.1,,,,,,,,,,,,,,,,,,,135,0.7,9,43.9,
XeII,519.99,1h^,,75,37,5p4(3P2)6d 2[1] 3/2,5p4(3P0)6p 2[1]° 1/2,110,0.3,7,83.7,,66,0.3,4,,,38,0.3,4,,,68,0.3,6,84.6,,48,0.3,4,192.8,,28,0.3,3,,,64,0.3,6,85.4,,61,0.4,6,120.6,,26,0.3,3,,,18,0.3,2,,,WI 519.996 (I=2),,,,,,,,,,,,,,,,,26,0.2,2,108.0,
XeII,520.142,20,,53,27,5p4(1D2)6p 2[2]° 3/2,5p4(3P1)5d 2[2] 5/2,693,3.4,55,27.3,,685,3.3,47,27.0,,360,3.1,34,28.3,,355,2.9,34,28.6,,715,2.9,62,27.4,,351,2.9,34,28.1,,340,2.8,32,29.1,,358,2.9,34,27.2,,298,3.1,41,27.7,,177,3.0,28,28.5,,WI 520.144 (I=4),16.356,0.04,28.57,0.0243,16.368,1.676e-16,4.457e-13,11.38,1 2 4 5 6 7 8 10 12 13 22 23 33 34,7.74e+06,23:2.7e+06 34:2.6e+06 33:1.8e+06,1.11e-07,27,1/27,8.50e+07,7.7e+14,724,3.4,49,27.4,
XeII,520.188,10H,,100,49,5p4(3P1)6d 2[1] 3/2,5p4(1D2)6p 2[3]° 5/2,693,3.4,55,27.3,,685,3.3,47,27.0,,360,3.1,34,28.3,,355,2.9,34,28.6,,715,2.9,62,27.4,,351,2.9,34,28.1,,340,2.8,32,29.1,,358,2.9,34,27.2,,298,3.1,41,27.7,,177,3.0,28,28.5,,WI 520.211 (I=2),,,,,,,,,,,,,,,,,724,3.4,49,27.4,
XeII,521.317,1h,,81,38,5p4(3P2)4f 2[4]° 7/2,5p4(1D2)5d 2[3] 7/2,36,0.2,3,24.9,,42,0.2,3,,,22,0.2,2,,,22,0.2,3,,,37,0.1,3,303.8,,18,0.2,2,,,29,0.2,3,96.0,,16,0.2,2,130709.2,,24,0.3,5,,,11,0.3,2,165.8,,WI 521.281 (I=16),,,,,,,,,,,,,,,,,276,1.3,22,29.7,
XeII,521.82,1H,,,66,Ek=157221.03,5p4(1S0)5d 2[2] 3/2,211,0.2,25,18414.5,,25,0.2,2,93.6,,18,0.2,2,39.1,,13,0.2,2,79.2,,101156,0.2,8772,3835.3,,15,0.2,2,63.7,,15,0.2,2,154.2,,12,0.1,1,57.1,,24,0.3,4,17.7,,16,0.3,3,14.0,,WI 521.819 (I=4); WI 521.843 (I=10),,,,,,,,,,,,,,,,,39,0.2,3,43.4,
XeII,522.657,20hl,,87,42,5p4(3P1)7s 2[1] 3/2,5p4(3P1)6p 2[2]° 3/2,488,2.5,58,29.9,,484,2.5,58,28.5,,249,2.3,30,31.1,,253,2.2,40,29.4,,493,2.1,59,30.1,,266,2.4,32,27.4,,264,2.3,31,29.3,,239,2.1,28,30.6,,199,2.1,32,27.6,,121,2.2,29,30.9,,XeII 522.690 (I=10hl),,,,,,,,,,,,,,,,,545,2.6,65,28.6,
XeII,522.69,10hl,,102,50,5p4(3P1)4f 2[2]° 3/2,5p4(1S0)6s 2[0] 1/2,488,2.5,58,29.9,,484,2.5,58,28.5,,249,2.3,30,31.1,,253,2.2,40,29.4,,493,2.1,59,30.1,,266,2.4,32,27.4,,264,2.3,31,29.3,,239,2.1,28,30.6,,199,2.1,32,27.6,,121,2.2,29,30.9,,XeII 522.657 (I=20hl),,,,,,,,,,,,,,,,,545,2.6,65,28.6,
XeII,524.775,20h,,79,38,5p4(3P2)4f 2[5]° 9/2,5p4(1D2)5d 2[3] 7/2,415,1.8,44,26.5,,384,1.7,46,27.9,,212,1.7,25,27.4,,195,1.7,23,29.7,,396,1.7,38,27.3,,186,1.6,30,30.6,,204,1.8,24,29.1,,198,1.8,32,26.2,,153,1.7,24,26.6,,102,1.8,16,27.3,,"WI 524.742 (I=25, A=3.0e+04)",,,,,,,,,,,,,,,,,401,2.0,48,28.0,
XeII,525.989,30,,55,29,5p4(3P2)7s 2[2] 5/2,5p4(3P2)6p 2[3]° 5/2,10546,17.6,838,26.0,,10387,17.9,826,25.9,,5457,17.3,521,25.7,,5404,20.5,515,25.7,,10644,20.3,781,25.8,,5369,20.2,640,25.5,,5457,21.5,521,25.5,,5577,23.5,532,25.5,,4389,22.2,419,25.9,,2818,21.9,448,25.3,,,,,,,,,,,,,,,,,,,11328,52.1,900,25.6,
XeII,526.044,200,22000000.0,42,14,5p4(3P1)6p 2[2]° 3/2,5p4(3P1)5d 2[1] 1/2,10539,50.1,838,26.0,,10382,49.2,825,25.9,,5454,47.1,520,25.7,,5403,48.6,573,25.7,,10641,47.1,781,25.8,,5367,48.0,640,25.5,,5456,48.3,520,25.6,,5576,49.6,532,25.5,,4388,48.9,419,25.9,,2817,49.9,448,25.3,,"CaI 526.039 (I=-, A=6.1e+05)",15.282,0.2008,15.31,0.0876,15.293,1.654e-15,2.302e-12,10.44,1 2 4 5 6 7 8 10 12 13 22 23 33 34,1.33e+07,22:5.8e+06 23:2.6e+06 13:2.6e+06,8.08e-07,22,1/22,2.20e+07,2.7e+13,11328,52.1,900,25.6,
XeII,526.195,200,85000000.0,53,28,5p4(1D2)6p 2[2]° 3/2,5p4(1D2)6s 2[2] 3/2,10096,48.3,803,25.8,,9865,47.0,724,26.3,,5198,45.3,551,26.1,,5140,44.1,545,26.4,,10192,42.4,810,26.4,,5032,43.1,600,26.4,,5042,42.0,481,26.6,,5077,40.9,484,26.7,,4072,42.8,388,27.0,,2556,42.4,406,26.6,,"CaI 526.171 (I=22, A=1.5e+07); CaI 526.224 (I=23, A=6.0e+07)",16.356,0.04,28.57,0.0243,16.368,1.676e-16,4.457e-13,11.38,1 2 4 5 6 7 8 10 12 13 22 23 33 34,7.74e+06,23:2.7e+06 34:2.6e+06 33:1.8e+06,1.11e-07,27,1/27,8.50e+07,7.7e+14,10564,44.0,840,26.4,
XeII,526.831,50*,,101,50,5p4(1S0)6p 2[1]° 1/2,5p4(1S0)6s 2[0] 1/2,750,3.5,65,33.2,,744,3.6,59,33.5,,391,3.3,47,32.3,,368,3.4,39,35.0,,761,3.4,60,34.1,,372,3.4,44,36.2,,373,3.3,44,33.4,,364,3.2,35,36.4,,291,3.2,31,35.0,,186,3.2,22,35.0,,"XeII 526.831 (I=50*); WI 526.855 (I=80, A=1.4e+05)",18.378,0.0244,18.41,0.0216,18.381,2.551e-17,1.707e-13,12.71,1 2 4 5 6 7 8 10 12 13 22 23 33 34,1.63e+07,23:7.7e+06 33:4.4e+06 34:3.6e+06,4.91e-07,33,0/33,,,862,4.0,69,32.5,
XeII,526.831,50*,,44,15,5p4(3P1)6p 2[1]° 3/2,5p4(3P2)5d 2[1] 3/2,750,3.5,65,33.2,,744,3.6,59,33.5,,391,3.3,47,32.3,,368,3.4,39,35.0,,761,3.4,60,34.1,,372,3.4,44,36.2,,373,3.3,44,33.4,,364,3.2,35,36.4,,291,3.2,31,35.0,,186,3.2,22,35.0,,"XeII 526.831 (I=50*); WI 526.855 (I=80, A=1.4e+05)",15.41,0.0521,15.44,0.0488,15.415,7.621e-16,1.138e-12,10.54,1 2 4 5 6 7 8 10 12 13 22 23 33 34,6.59e+06,13:2.4e+06 33:1.5e+06 23:1.2e+06,2.12e-07,23,0/23,,,862,4.0,69,32.5,
XeII,528.246,2h,,61,35,5p4(3P2)6d 2[2] 3/2,5p4(3P2)6p 2[1]° 3/2,118,0.6,11,18.9,,91,0.5,8,32.2,,61,0.5,8,25.6,,60,0.5,7,20.4,,124,0.5,15,23.1,,48,0.4,8,27.4,,59,0.5,7,21.4,,58,0.5,7,20.2,,62,0.6,10,19.4,,27,0.4,4,45.4,,WI 528.265 (I=4w),,,,,,,,,,,,,,,,,119,0.5,11,25.5,
XeII,529.13,2h,,,64,Ek=155463.41,5p4(1S0)5d 2[2] 5/2,1141034,8.1,77743,73.7,,497568,8.2,33901,65.9,,980,7.9,117,,,1030,8.4,98,,,78061,8.2,6205,38.4,,1000,8.2,119,,,1010,8.4,96,,,1070,8.8,113,,,840,8.6,100,,,486,7.9,58,,,,,,,,,,,,,,,,,,,,71436,37.9,4543,45.0,
XeII,529.222,1000,89000000.0,26,4,5p4(3P2)6p 2[2]° 5/2,5p4(3P2)6s 2[2] 5/2,73874,289.7,5033,45.6,SAT,73822,289.7,5030,44.8,SAT,74441,519.4,8876,33.7,SAT,73319,528.0,6994,33.6,SAT,71962,263.5,5720,44.4,SAT,73238,528.0,8732,33.7,SAT,72904,536.7,6954,33.6,SAT,72028,528.0,7634,33.5,SAT,71512,657.5,8527,31.0,SAT,63879,1039.6,7617,24.6,SAT,WI 529.249 (I=2),13.881,0.1761,14.04,0.1145,13.891,7.699e-15,4.803e-12,9.29,1 2 4 5 6 7 8 10 12 13 22 23,6.47e+06,4:1.9e+06 12:9.5e+05 7:9.0e+05,1.00e-06,15,4/15,1.17e+08,1.2e+14,73944,270.7,5038,47.0,SAT
XeII,530.927,200,,40,13,5p4(3P0)6p 2[1]° 3/2,5p4(3P1)6s 2[1] 3/2,7685,32.1,611,25.7,,7434,30.4,709,25.6,,3860,28.6,460,25.3,,3838,26.7,366,25.6,,7523,26.0,652,25.6,,3783,26.3,451,25.7,,3907,26.6,373,25.3,,4000,28.7,424,25.0,,3191,27.0,380,25.4,,2018,28.2,275,25.4,,,15.08,0.0654,15.22,0.0625,15.089,9.965e-16,1.165e-12,10.19,1 2 4 5 6 7 8 10 12 13 22 23 33 34,8.43e+06,23:3.8e+06 13:2.7e+06 22:6.1e+05,2.53e-07,22,0/22,,,7933,30.4,631,25.1,
XeII,531.387,800,,55,31,5p4(3P2)7s 2[2] 5/2,5p4(3P2)6p 2[3]° 7/2,13820,63.4,1318,25.3,,13599,61.3,1297,25.3,,7225,59.4,689,25.2,,7138,57.2,851,25.8,,14260,57.1,1134,25.8,,7150,57.1,852,25.7,,6993,55.3,741,25.8,,7004,53.0,835,25.8,,5661,56.9,600,25.6,,3515,55.3,559,25.9,,,,,,,,,,,,,,,,,,,14687,62.4,1167,25.6,
XeII,531.983,3^,,76,38,5p4(3P2)7p 2[3]° 5/2,5p4(1D2)5d 2[3] 7/2,25,0.2,2,115.5,,25,0.1,2,368.2,,24,0.3,3,48.8,,17,0.2,2,70.4,,31,0.2,2,91.5,,19,0.2,2,96.9,,15,0.2,1,102.3,,27,0.3,3,42.1,,29,0.3,4,24.1,,5217380,0.3,829454,1107.8,,,,,,,,,,,,,,,,,,,26,0.2,3,101.4,
XeII,532.783,3,,60,35,5p4(3P2)6d 2[2] 5/2,5p4(3P2)6p 2[1]° 3/2,132,0.6,16,25.5,,123,0.6,13,27.8,,59,0.5,9,22.7,,57,0.5,7,30.4,,130,0.5,12,27.9,,82,0.6,10,21.1,,61,0.5,10,27.8,,52,0.5,6,27.6,,60,0.7,8,27.7,,34,0.5,8,23.3,,,,,,,,,,,,,,,,,,,143,0.6,14,27.8,
XeII,533.933,1000,,25,4,5p4(3P2)6p 2[2]° 3/2,5p4(3P2)6s 2[2] 5/2,66375,295.0,6331,30.2,SAT,66902,289.7,5318,29.9,SAT,44153,362.9,5265,25.4,,43390,346.7,5174,26.1,,70946,262.9,4834,29.4,SAT,43452,348.6,5181,26.1,,44478,355.4,5303,26.0,,44775,348.6,4271,26.1,,36053,359.7,4299,26.0,,22696,356.6,3608,25.9,,WI 533.926 (I=8); CaII 533.919 (I=50),13.86,0.1339,14.04,0.0845,13.864,5.816e-15,3.650e-12,9.29,1 2 4 5 6 7 8 10 12 13 22 23,6.37e+06,8:1.4e+06 4:1.3e+06 5:1.0e+06,9.39e-07,18,2/18,5.40e+07,5.8e+13,67862,279.0,4624,30.8,SAT
XeII,536.32,150,,88,44,5p4(3P1)7s 2[1] 1/2,5p4(3P1)6p 2[1]° 3/2,634,2.6,50,27.5,,603,2.5,48,27.8,,313,2.3,33,27.3,,302,2.4,29,28.5,,611,2.4,42,27.9,,288,2.4,28,30.2,,315,2.5,30,27.8,,312,2.5,25,26.0,,240,2.4,29,27.2,,166,2.6,20,26.6,,WI 536.286 (I=12); WI 536.334 (I=5w),,,,,,,,,,,,,,,,,655,2.6,45,27.9,
XeII,536.807,100,,46,16,5p4(3P1)6p 2[1]° 1/2,5p4(3P2)5d 2[0] 1/2,2651,11.9,211,24.3,,2594,11.5,206,24.4,,1324,10.5,126,24.5,,1285,9.9,123,25.5,,2626,10.1,209,25.1,,1316,10.2,126,25.2,,1323,10.0,126,25.1,,1317,9.9,126,25.5,,1065,10.3,127,24.6,,673,10.7,80,24.8,,WI 536.801 (I=5),15.445,0.0329,15.71,0.0242,15.456,3.913e-16,5.967e-13,10.57,1 2 4 5 6 7 8 10 12 13 22 23 33 34,3.41e+06,33:7.5e+05 23:7.0e+05 34:7.0e+05,1.24e-07,15,0/15,,,2888,12.2,197,23.7,
XeII,537.239,300,71000000.0,30,5,5p4(3P2)6p 2[1]° 1/2,5p4(3P2)6s 2[2] 3/2,37879,172.2,3011,23.9,,37469,170.1,2978,23.9,,19362,157.5,1847,23.8,,18904,152.0,1803,24.5,,37742,151.1,3000,24.5,,18837,152.6,1797,24.6,,19356,153.6,1846,24.5,,18853,147.4,1798,24.9,,15338,151.5,1626,24.4,,9591,154.5,915,24.5,,,14.094,0.2621,14.14,0.1775,14.095,9.798e-15,7.007e-12,9.48,1 2 4 5 6 7 8 10 12 13 22 23,6.93e+06,10:1.5e+06 4:1.3e+06 12:1.1e+06,4.57e-06,14,1/14,7.10e+07,1.6e+13,41064,173.9,2798,23.7,
XeII,541.536,50H^,,75,39,5p4(3P2)6d 2[1] 3/2,5p4(3P1)6p 2[0]° 1/2,194,0.8,13,30.5,,183,0.8,13,31.3,,87,0.7,9,39.7,,107,0.8,8,29.7,,202,0.8,15,29.1,,96,0.7,8,35.2,,106,0.8,10,27.6,,103,0.8,10,26.6,,65,0.7,6,37.4,,50,0.7,6,31.4,,WI 541.553 (I=12),,,,,,,,,,,,,,,,,498,1.0,26,288.1,
XeII,541.915,2000,62000000.0,29,5,5p4(3P2)6p 2[3]° 5/2,5p4(3P2)6s 2[2] 3/2,72913,272.4,4347,34.9,SAT,73895,270.2,5874,34.7,SAT,63683,473.5,6075,26.4,SAT,63295,480.6,5031,26.5,SAT,73969,243.4,5040,34.6,SAT,63446,480.6,5043,26.4,SAT,63668,487.8,6073,26.4,SAT,64209,480.6,6125,26.4,SAT,58760,558.1,7006,23.8,,37023,557.0,4414,23.8,,WI 541.939 (I=40),14.074,0.2501,14.08,0.2501,14.082,1.203e-14,9.080e-12,9.56,1 2 4 5 6 7 8 10 12 13 22 23,5.91e+06,12:1.9e+06 5:1.6e+06 22:9.3e+05,1.08e-06,17,3/17,7.69e+07,7.1e+13,70764,236.7,3750,38.7,SAT
XeII,542.807,2hs^,,100,51,5p4(3P1)6d 2[1] 3/2,5p4(1D2)6p 2[1]° 3/2,196,0.7,12,,,192,0.7,11,,,98,0.6,9,,,106,0.7,9,,,216,0.7,15,,,96,0.6,8,,,102,0.7,8,,,106,0.7,8,,,74,0.6,7,120.4,,54,0.7,6,,,WI 542.799 (I=5),,,,,,,,,,,,,,,,,168,0.6,10,,
XeII,543.896,400,74000000.0,39,13,5p4(3P1)6p 2[0]° 1/2,5p4(3P1)6s 2[1] 3/2,17910,62.8,1424,26.5,,17571,60.5,1289,26.6,,9223,55.5,880,26.4,,9029,51.5,1077,26.6,,18104,51.9,1727,26.4,,8932,52.2,852,26.4,,9340,54.4,891,26.1,,9340,56.9,1114,26.0,,7385,53.4,881,26.1,,4620,54.7,630,26.1,,"WI 543.885 (I=8, A=3.3e+04)",15.024,0.0578,15.09,0.0477,15.034,1.053e-15,1.186e-12,10.14,1 2 4 5 6 7 8 10 12 13 22 23 33 34,1.07e+07,13:7.0e+06 33:9.3e+05 22:9.2e+05,6.55e-07,14,1/14,7.40e+07,1.1e+14,18202,59.4,1447,25.5,
XeII,544.545,150,,88,46,5p4(3P1)7s 2[1] 1/2,5p4(3P1)6p 2[1]° 1/2,469,1.8,32,29.5,,467,1.7,37,29.0,,245,1.7,23,26.8,,243,1.7,33,28.4,,471,1.6,37,28.7,,231,1.7,24,33.1,,262,1.8,25,28.3,,236,1.6,25,31.1,,187,1.7,22,32.1,,122,1.8,14,28.4,,,,,,,,,,,,,,,,,,,472,1.7,35,28.9,
XeII,545.045,100,,44,16,5p4(3P1)6p 2[1]° 3/2,5p4(3P2)5d 2[0] 1/2,2149,8.2,158,25.8,,2127,8.0,169,25.8,,1086,7.2,104,26.1,,1065,7.0,127,26.4,,2129,7.0,185,26.6,,1056,6.9,101,26.7,,1071,6.9,128,26.0,,1099,6.9,131,25.5,,876,7.0,104,25.6,,553,7.1,88,25.3,,,15.41,0.0521,15.44,0.0488,15.415,7.621e-16,1.138e-12,10.54,1 2 4 5 6 7 8 10 12 13 22 23 33 34,6.59e+06,13:2.4e+06 33:1.5e+06 23:1.2e+06,2.12e-07,23,0/23,,,2365,7.6,226,26.3,
XeII,545.09,20,,51,24,5p4(1D2)6p 2[1]° 3/2,5p4(3P1)5d 2[2] 3/2,2149,8.2,158,25.8,,2127,8.0,169,25.8,,1086,7.2,104,26.1,,1065,7.0,127,26.4,,2129,7.0,185,26.6,,1056,6.9,101,26.7,,1071,6.9,128,26.0,,1099,6.9,131,25.5,,876,7.0,104,25.6,,553,7.1,88,25.3,,,16.077,0.1677,29.93,0.0721,16.082,7.579e-16,1.815e-12,11.23,1 2 4 5 6 7 8 10 12 13 22 23 33 34,8.14e+06,23:5.5e+06 33:1.2e+06 34:7.2e+05,4.19e-07,27,0/27,,,2365,7.6,226,26.3,
XeII,546.039,300,,31,6,5p4(3P2)6p 2[3]° 7/2,5p4(3P2)5d 2[2] 5/2,16910,58.9,1241,25.3,,16796,57.9,1144,25.4,,8790,55.5,838,25.3,,8885,57.4,942,25.1,,17792,57.5,1212,24.9,,8875,57.9,847,24.9,,8916,58.1,945,24.9,,8918,59.9,851,24.8,,7198,58.7,763,24.7,,4522,59.4,539,24.7,,"XeI 546.004 (I=15, A=2.5e+05); WI 546.052 (I=3w)",14.098,0.4009,14.19,0.2358,14.109,1.625e-14,1.312e-11,9.66,1 2 4 5 6 7 8 10 12 13 22 23,1.73e+06,10:6.5e+05 23:4.9e+05 22:1.8e+05,3.81e-07,10,3/10,1.47e+08,3.9e+14,18558,63.4,1264,25.3,
XeII,546.954,20h,,58,35,5p4(1D2)5d 2[0] 1/2,5p4(3P2)6p 2[1]° 3/2,843,1.0,50,27.1,,851,0.9,58,26.1,,452,0.8,43,26.6,,439,0.8,35,26.7,,904,0.7,62,26.0,,94,0.6,7,26.0,,453,0.7,54,26.2,,453,0.6,36,25.2,,358,0.8,34,26.5,,226,0.7,27,25.5,,WI 546.970 (I=2),16.745,0.1544,24.49,0.0909,16.749,5.916e-16,2.120e-12,11.81,1 2,0.00e+00,,2.94e-08,14,0/14,,,220,0.8,12,24.6,
XeII,547.261,500,9900000.0,31,7,5p4(3P2)6p 2[3]° 7/2,5p4(3P2)5d 2[3] 7/2,34580,128.0,2356,24.9,,34255,123.6,2334,25.0,,17806,113.9,2123,25.1,,17673,110.7,1686,25.2,,35260,111.5,2402,25.2,,17619,111.7,1681,25.2,,17980,111.0,2144,25.3,,18058,108.7,1722,25.3,,14590,111.0,1392,25.3,,9181,111.9,1460,25.2,,WI 547.231 (I=6),14.098,0.4009,14.19,0.2358,14.109,1.625e-14,1.312e-11,9.66,1 2 4 5 6 7 8 10 12 13 22 23,1.73e+06,10:6.5e+05 23:4.9e+05 22:1.8e+05,3.81e-07,10,3/10,1.47e+08,3.9e+14,37283,124.6,2223,25.1,
XeII,548.113,1h,,,66,Ek=156302.13,5p4(1S0)5d 2[2] 3/2,27,0.1,2,258.3,,42,0.2,3,,,30,0.2,4,105.2,,16,0.1,1,78.6,,1012026,0.1,68953,5697.3,,36,0.2,4,20.5,,16,0.1,2,67.9,,16,0.1,2,95.4,,14,0.2,2,123.3,,85,0.2,13,7.0,,XeI 548.133 (I=1h); XeIII 548.119 (I=1),,,,,,,,,,,,,,,,,48,0.2,4,,
XeII,550.746,2h,,69,38,5p4(3P2)4f 2[3]° 7/2,5p4(1D2)5d 2[3] 7/2,58,0.2,7,30.0,,74,0.3,6,25.6,,37,0.2,4,32.7,,36,0.2,4,39.5,,61,0.2,5,28.0,,22,0.2,3,52.5,,32,0.2,5,27.3,,32,0.2,4,22.8,,34,0.3,4,22.6,,11,0.2,2,31.2,,,,,,,,,,,,,,,,,,,77,0.3,7,23.4,
XeII,551.856,1,,29,6,5p4(3P2)6p 2[3]° 5/2,5p4(3P2)5d 2[2] 5/2,51,0.2,5,89.6,,47,0.2,5,81.2,,43,0.2,5,157.4,,32,0.2,4,76.1,,45,0.2,4,95.9,,19,0.1,3,59.5,,28,0.2,4,63.0,,24,0.2,3,73.6,,22,0.2,3,100.4,,28,0.4,4,34.8,,XeII 551.877 (I=1); WI 551.880 (I=1w),14.074,0.2501,14.08,0.2501,14.082,1.203e-14,9.080e-12,9.56,1 2 4 5 6 7 8 10 12 13 22 23,5.91e+06,12:1.9e+06 5:1.6e+06 22:9.3e+05,1.08e-06,17,3/17,7.69e+07,7.1e+13,55,0.2,5,74.9,
XeII,551.877,1,,68,38,5p4(3P2)4f 2[4]° 9/2,5p4(1D2)5d 2[3] 7/2,47,0.2,4,76.1,,47,0.2,5,81.2,,31,0.3,4,61.5,,31,0.3,4,95.1,,49,0.2,4,82.0,,38,0.3,5,16.4,,28,0.2,4,63.0,,24,0.2,3,73.6,,20,0.2,2,73.0,,28,0.4,4,34.8,,"XeII 551.856 (I=1); BaI 551.904 (I=280, A=5.7e+07); WI 551.880 (I=1w); WI 551.913 (I=2)",,,,,,,,,,,,,,,,,55,0.2,5,74.9,
XeII,552.553,50,,87,44,5p4(3P1)7s 2[1] 3/2,5p4(3P1)6p 2[1]° 3/2,492,1.7,39,26.2,,477,1.6,46,26.3,,244,1.5,29,25.1,,237,1.6,23,25.9,,501,1.6,40,25.1,,231,1.5,28,27.5,,249,1.6,30,27.8,,257,1.7,27,23.7,,206,1.7,22,25.9,,134,1.7,21,26.0,,WI 552.528 (I=1w),,,,,,,,,,,,,,,,,510,1.7,41,25.8,
XeII,553.107,400,8800000.0,29,7,5p4(3P2)6p 2[3]° 5/2,5p4(3P2)5d 2[3] 7/2,17950,65.9,1427,24.2,,17653,64.3,1403,24.1,,9302,61.9,1109,23.9,,9154,60.9,1092,24.1,,18354,61.4,1459,23.9,,9121,61.5,1088,23.9,,9046,61.3,1079,24.0,,9029,61.6,861,23.8,,7208,61.1,688,23.9,,4525,60.7,719,23.6,,"WI 553.138 (I=30, A=6.8e+05)",14.074,0.2501,14.08,0.2501,14.082,1.203e-14,9.080e-12,9.56,1 2 4 5 6 7 8 10 12 13 22 23,5.91e+06,12:1.9e+06 5:1.6e+06 22:9.3e+05,1.08e-06,17,3/17,7.69e+07,7.1e+13,18613,61.3,1480,24.5,
XeII,555.15,4Hs^,,,70,Ek=157102.56,5p4(3P2)6d 2[3] 5/2,36,0.2,4,154.9,,52,0.2,5,,,30,0.2,4,,,34,0.2,4,,,42,0.1,3,,,28,0.2,4,,,28,0.2,3,113.2,,22,0.1,3,,,30,0.2,5,13.0,,15,0.3,2,80.8,,,,,,,,,,,,,,,,,,,54,0.2,5,,
XeII,557.091,1,,,68,Ek=156913.68,5p4(3P2)4f 2[4]° 9/2,115,0.4,14,27.0,,109,0.4,10,26.7,,57,0.4,7,30.2,,52,0.4,6,38.4,,109,0.4,9,26.1,,67,0.4,11,27.5,,63,0.4,10,24.2,,68,0.4,7,24.8,,49,0.4,8,26.3,,34,0.4,5,22.7,,,,,,,,,,,,,,,,,,,131,0.4,11,23.3,
XeII,557.219,50,,42,15,5p4(3P1)6p 2[2]° 3/2,5p4(3P2)5d 2[1] 3/2,1208,4.4,115,23.8,,1197,4.3,114,23.6,,634,4.1,60,24.1,,588,3.8,70,25.4,,1244,4.0,99,23.2,,583,3.8,69,26.0,,580,3.7,69,24.5,,601,3.8,57,24.7,,483,3.9,77,24.9,,289,3.8,46,24.4,,WI 557.199 (I=2),15.282,0.2008,15.31,0.0876,15.293,1.654e-15,2.302e-12,10.44,1 2 4 5 6 7 8 10 12 13 22 23 33 34,1.33e+07,22:5.8e+06 23:2.6e+06 13:2.6e+06,8.08e-07,22,1/22,2.20e+07,2.7e+13,1267,3.8,110,23.7,
XeII,558.35,2H,,,68,Ek=156872.9,5p4(3P2)4f 2[4]° 9/2,166,0.6,16,34.7,,189,0.7,18,30.3,,87,0.6,8,34.3,,84,0.6,10,36.5,,193,0.6,15,31.0,,95,0.6,11,31.3,,83,0.6,10,34.4,,106,0.7,13,32.5,,81,0.6,13,33.5,,36,0.6,6,49.9,,,,,,,,,,,,,,,,,,,190,0.7,18,33.6,
XeII,559.161,2H,,110,53,5p4(1D2)7s 2[2] 3/2,5p4(1D2)6p 2[2]° 3/2,345,1.2,27,27.1,,297,1.0,18,27.0,,207,1.2,25,25.4,,192,1.1,23,28.1,,383,1.1,30,26.9,,177,1.1,21,27.1,,183,1.0,22,23.9,,173,1.0,21,28.4,,139,1.0,17,23.9,,84,1.1,13,27.1,,,,,,,,,,,,,,,,,,,417,1.4,33,27.6,
XeII,559.487,15Hw,,,69,Ek=156873.84,5p4(3P2)4f 2[3]° 7/2,403,1.6,32,36.7,,403,1.5,30,38.3,,221,1.5,26,40.0,,212,1.4,25,37.9,,423,1.4,34,38.3,,209,1.3,25,36.2,,211,1.4,20,41.7,,232,1.4,37,32.7,,179,1.4,21,35.0,,122,1.5,19,35.5,,,,,,,,,,,,,,,,,,,421,1.5,33,37.0,
XeII,561.289,1h-,,87,46,5p4(3P1)7s 2[1] 3/2,5p4(3P1)6p 2[1]° 1/2,63,0.2,4,49.1,,60,0.2,6,45.6,,45,0.3,4,22.3,,35,0.2,4,31.8,,73,0.3,5,38.5,,41,0.2,4,30.1,,39,0.3,5,44.2,,33,0.2,5,54.5,,30,0.3,4,34.5,,18,0.3,2,66.9,,XeI 561.265 (I=15),,,,,,,,,,,,,,,,,62,0.2,6,51.5,
XeII,561.667,150,,41,15,5p4(3P1)6p 2[2]° 5/2,5p4(3P2)5d 2[1] 3/2,3908,13.1,311,23.4,,3939,13.3,342,23.0,,2076,12.6,198,22.4,,2019,12.2,241,22.9,,4107,12.5,326,22.5,,1997,12.3,190,22.9,,2013,12.4,240,22.8,,2093,13.1,285,22.6,,1656,12.8,197,22.7,,1076,13.5,171,22.3,,,15.264,0.0478,15.31,0.0437,15.266,6.602e-16,9.071e-13,10.42,1 2 4 5 6 7 8 10 12 13 22 23 33 34,3.03e+07,13:1.7e+07 22:1.0e+07 23:1.6e+06,5.19e-07,21,1/21,6.10e+06,1.2e+13,4223,14.3,403,24.0,
XeII,562.478,1Hl*,,,71,Ek=156902.5,5p4(3P2)7p 2[2]° 5/2,49,0.2,5,24.8,,43,0.1,4,19.4,,15,0.2,1,104.4,,17,0.2,2,49.5,,47,0.1,3,22.0,,30,0.2,3,32.5,,19,0.1,2,62.4,,14,0.1,2,84.7,,19,0.2,2,48.6,,88,0.2,14,10967.8,,"XeII 562.478 (I=1Hl*); WI 562.458 (I=6, A=7.0e+04)",,,,,,,,,,,,,,,,,36,0.1,3,28.1,
XeII,562.478,1Hl*,,108,53,5p4(1D2)7s 2[2] 5/2,5p4(1D2)6p 2[2]° 3/2,49,0.2,5,24.8,,43,0.1,4,19.4,,15,0.2,1,104.4,,17,0.2,2,49.5,,47,0.1,3,22.0,,30,0.2,3,32.5,,19,0.1,2,62.4,,14,0.1,2,84.7,,19,0.2,2,48.6,,88,0.2,14,10967.8,,"XeII 562.478 (I=1Hl*); WI 562.458 (I=6, A=7.0e+04)",,,,,,,,,,,,,,,,,36,0.1,3,28.1,
XeII,563.324,3H,,,71,Ek=156875.52,5p4(3P2)7p 2[2]° 5/2,29,0.1,3,41.3,,75,0.1,9,5.8,,29,0.2,4,16.5,,23,0.1,3,26.4,,46,0.1,4,12.0,,19,0.1,2,26.2,,27,0.1,4,22.3,,23,0.1,3,32.1,,78,0.2,12,6.3,,18,0.3,3,53.3,,,,,,,,,,,,,,,,,,,19,0.1,2,56.1,
XeII,565.053,1h,,,72,Ek=156875.52,5p4(3P2)4f 2[3]° 5/2,98,0.4,8,74.0,,96,0.3,9,80.4,,64,0.4,6,78.5,,64,0.4,6,65.1,,118,0.4,9,73.1,,68,0.4,6,57.2,,60,0.4,7,76.3,,64,0.5,6,74.7,,46,0.4,5,84.7,,34,0.5,5,71.5,,,,,,,,,,,,,,,,,,,83,0.3,6,48.5,
XeII,565.938,150,,46,18,5p4(3P1)6p 2[1]° 1/2,5p4(3P1)6s 2[1] 1/2,3553,10.5,242,25.5,,3502,10.1,239,25.4,,1850,9.0,176,25.2,,1785,8.5,142,25.5,,3675,9.0,219,25.2,,1787,8.8,170,25.5,,1871,9.3,178,25.5,,1883,8.9,150,25.4,,1471,9.3,140,26.2,,938,9.2,112,25.1,,,15.445,0.0329,15.71,0.0242,15.456,3.913e-16,5.967e-13,10.57,1 2 4 5 6 7 8 10 12 13 22 23 33 34,3.41e+06,33:7.5e+05 23:7.0e+05 34:7.0e+05,1.24e-07,15,0/15,,,3957,11.6,270,23.8,
XeII,566.756,300,,30,8,5p4(3P2)6p 2[1]° 1/2,5p4(3P2)5d 2[2] 3/2,16702,50.1,1225,24.8,,16591,48.7,1319,24.7,,8656,45.7,826,24.7,,8526,45.3,813,24.9,,17157,45.8,1169,24.6,,8500,45.8,811,24.5,,8181,44.2,975,24.6,,8231,44.8,654,24.2,,6465,43.7,617,24.9,,4102,44.4,652,24.6,,,14.094,0.2621,14.14,0.1775,14.095,9.798e-15,7.007e-12,9.48,1 2 4 5 6 7 8 10 12 13 22 23,6.93e+06,10:1.5e+06 4:1.3e+06 12:1.1e+06,4.57e-06,14,1/14,7.10e+07,1.6e+13,17097,45.8,1254,25.0,
XeII,567.091,50,,85,42,5p4(3P0)7s 2[0] 1/2,5p4(3P1)6p 2[2]° 3/2,479,1.4,38,26.7,,468,1.4,45,25.8,,243,1.3,29,27.8,,240,1.3,23,27.6,,487,1.3,33,26.5,,234,1.3,22,26.7,,258,1.4,31,26.3,,251,1.4,24,26.4,,218,1.5,26,24.1,,122,1.4,19,24.7,,WI 567.056 (I=1),,,,,,,,,,,,,,,,,515,1.4,41,25.9,
XeII,567.515,1,,37,13,5p4(3P0)6p 2[1]° 1/2,5p4(3P1)6s 2[1] 3/2,88,0.3,7,28.5,,109,0.3,9,23.8,,55,0.3,5,19.1,,51,0.3,5,23.4,,102,0.3,8,31.0,,47,0.3,4,43.2,,46,0.3,4,54.1,,46,0.3,4,30.5,,35,0.3,4,42.3,,18,0.2,3,62.6,,"WI 567.537 (I=5, A=2.2e+05)",14.93,0.0871,15.29,0.0834,14.939,1.749e-15,1.900e-12,10.09,1 2 4 5 6 7 8 10 12 13 22 23 33 34,4.38e+06,33:1.2e+06 34:1.0e+06 23:9.1e+05,4.00e-07,14,0/14,,,91,0.3,7,38.4,
XeII,568.187,1h,,110,54,5p4(1D2)7s 2[2] 3/2,5p4(1D2)6p 2[2]° 5/2,28,0.1,3,57.1,,146,0.1,14,5.6,,22,0.1,3,3.8,,17,0.1,2,35.6,,26,0.1,2,5.4,,15,0.1,2,35.5,,80,0.1,9,6.0,,25,0.1,3,20.3,,49,0.1,8,6.4,,7,0.1,1,65.6,,,,,,,,,,,,,,,,,,,60,0.2,6,24.3,
XeII,568.649,2h,,,75,Ek=157221.03,5p4(3P2)6d 2[1] 3/2,26,0.1,2,57.0,,42,0.1,4,48.2,,18,0.1,2,88.8,,15,0.1,2,48.6,,27,0.1,2,67.5,,20,0.2,2,61.0,,15,0.1,2,52.4,,30,0.2,4,18.8,,14,0.1,2,37.0,,32,0.2,5,7.6,,,,,,,,,,,,,,,,,,,39,0.1,3,55.5,
XeII,568.82,2^,,,67,Ek=156302.13,5p4(3P2)6d 2[0] 1/2,187,0.6,13,35.8,,169,0.5,13,32.0,,79,0.4,8,37.5,,77,0.4,7,37.1,,154,0.4,11,29.8,,65,0.3,7,32.4,,80,0.4,10,33.4,,89,0.5,9,33.1,,70,0.4,8,28.6,,32,0.4,5,44.7,,XeI 568.837 (I=40),,,,,,,,,,,,,,,,,196,0.5,19,37.9,
XeII,569.961,100,,49,24,5p4(1D2)6p 2[3]° 5/2,5p4(3P1)5d 2[2] 3/2,2753,7.3,164,26.5,,2676,7.0,213,26.7,,1440,6.8,137,26.3,,1397,6.8,133,26.4,,2864,7.0,195,26.2,,1446,7.0,172,25.2,,1425,6.9,136,26.7,,1449,7.1,138,26.2,,1143,6.9,136,26.5,,716,6.9,85,26.3,,,15.977,0.0664,16.11,0.0322,15.987,3.953e-16,7.704e-13,10.93,1 2 4 5 6 7 8 10 12 13 22 23 33 34,2.03e+07,34:1.3e+07 23:4.7e+06 33:2.1e+06,2.57e-07,24,1/24,1.80e+07,7.0e+13,3106,8.7,212,25.4,
XeII,571.61,100H,,108,54,5p4(1D2)7s 2[2] 5/2,5p4(1D2)6p 2[2]° 5/2,418,1.2,25,74.2,,399,1.2,27,79.3,,206,1.0,20,78.6,,206,1.1,20,77.4,,417,1.1,25,75.1,,193,1.0,18,78.2,,212,1.0,20,78.0,,205,1.1,20,79.4,,167,1.1,20,74.9,,113,1.2,11,73.1,,XeI 571.625 (I=80),,,,,,,,,,,,,,,,,414,1.2,28,71.1,
XeII,571.961,200,6100000.0,29,8,5p4(3P2)6p 2[3]° 5/2,5p4(3P2)5d 2[2] 3/2,14111,38.0,841,24.2,,13961,37.0,951,24.0,,7371,33.6,586,24.1,,7265,31.6,693,24.2,,14628,32.5,775,23.9,,7407,33.9,706,23.8,,7206,32.3,687,24.0,,7049,30.6,560,24.0,,5681,31.9,542,23.8,,3561,32.0,340,24.1,,,14.074,0.2501,14.08,0.2501,14.082,1.203e-14,9.080e-12,9.56,1 2 4 5 6 7 8 10 12 13 22 23,5.91e+06,12:1.9e+06 5:1.6e+06 22:9.3e+05,1.08e-06,17,3/17,7.69e+07,7.1e+13,15190,37.7,906,24.1,
XeII,572.691,200,,54,32,5p4(1D2)6p 2[2]° 5/2,5p4(3P1)5d 2[3] 5/2,6163,17.5,367,23.5,,6095,17.0,447,23.4,,3157,15.7,251,23.5,,3091,15.6,295,23.8,,6217,15.5,395,23.4,,3085,15.6,368,23.4,,3022,15.2,320,23.6,,3063,15.4,292,23.3,,2473,15.7,236,23.3,,1563,15.6,149,23.7,,,16.392,0.047,16.41,0.039,16.395,2.757e-16,6.871e-13,11.28,1 2 4 5 6 7 8 10 12 13 22 23 33 34,1.18e+07,23:6.4e+06 33:3.3e+06 34:1.5e+06,1.89e-07,24,1/24,1.00e+08,5.3e+14,6768,17.4,403,24.2,
XeII,573.056,0,,,76,Ek=157091.9,5p4(3P2)7p 2[3]° 5/2,2771,0.9,189,25.4,,2753,0.9,219,25.7,,1408,0.8,134,25.8,,1398,0.7,133,25.8,,2789,0.6,222,25.5,,1357,0.6,162,25.7,,1403,0.7,134,25.3,,1421,0.7,151,25.5,,1100,0.7,105,25.5,,722,0.6,86,25.1,,,,,,,,,,,,,,,,,,,38,0.1,3,,
XeII,574.42,1^,,,74,Ek=156902.5,5p4(3P2)4f 2[2]° 3/2,39,0.2,3,57.8,,38,0.2,3,39.0,,32,0.2,3,25.4,,23,0.2,2,65.9,,51,0.2,4,40.4,,28,0.1,2,22.4,,24,0.1,2,29.1,,20,0.1,3,37.2,,24,0.2,3,39.2,,30,0.3,4,26.3,,,,,,,,,,,,,,,,,,,75,0.2,5,28.9,
XeII,575.103,200,,44,18,5p4(3P1)6p 2[1]° 3/2,5p4(3P1)6s 2[1] 1/2,6880,19.7,505,24.0,,6918,19.9,471,23.8,,3615,18.4,345,23.8,,3537,18.0,337,24.0,,7005,18.0,607,23.9,,3547,18.3,338,23.8,,3530,18.5,374,24.1,,3575,18.5,426,23.9,,2929,18.7,279,24.2,,1819,19.0,217,24.0,,"WI 575.137 (I=2, A=1.8e+04)",15.41,0.0521,15.44,0.0488,15.415,7.621e-16,1.138e-12,10.54,1 2 4 5 6 7 8 10 12 13 22 23 33 34,6.59e+06,13:2.4e+06 33:1.5e+06 23:1.2e+06,2.12e-07,23,0/23,,,7048,19.3,480,23.9,
XeII,575.256,10,,40,14,5p4(3P0)6p 2[1]° 3/2,5p4(3P1)5d 2[1] 1/2,295,0.8,20,26.6,,262,0.7,18,27.5,,167,0.8,18,23.8,,139,0.6,13,28.7,,291,0.6,28,24.3,,141,0.6,13,22.3,,154,0.7,16,24.2,,150,0.7,18,28.3,,118,0.7,11,31.4,,80,0.8,10,29.7,,WI 575.265 (I=3),15.08,0.0654,15.22,0.0625,15.089,9.965e-16,1.165e-12,10.19,1 2 4 5 6 7 8 10 12 13 22 23 33 34,8.43e+06,23:3.8e+06 13:2.7e+06 22:6.1e+05,2.53e-07,22,0/22,,,300,0.8,20,26.1,
XeII,575.865,100,,52,27,5p4(1D2)6p 2[3]° 7/2,5p4(3P1)5d 2[2] 5/2,4702,13.6,374,24.6,,4690,13.6,298,24.4,,2511,12.8,239,24.3,,2435,12.3,232,24.8,,4885,12.5,388,24.5,,2404,12.4,287,24.4,,2467,12.8,294,24.4,,2464,12.7,235,24.5,,1958,12.4,187,24.6,,1238,12.9,148,24.4,,,16.126,0.0844,16.29,0.0766,16.136,7.219e-16,1.639e-12,11.15,1 2 4 5 6 7 8 10 12 13 22 23 33 34,3.87e+07,33:1.9e+07 23:1.3e+07 34:6.5e+06,8.18e-07,16,1/16,6.30e+07,7.7e+13,5036,13.9,343,23.9,
XeII,577.639,100,,42,16,5p4(3P1)6p 2[2]° 3/2,5p4(3P2)5d 2[0] 1/2,3410,10.0,232,23.9,,3377,9.8,268,24.0,,1731,8.8,165,24.1,,1691,8.6,161,24.6,,3493,8.9,238,23.6,,1775,9.2,169,23.4,,1673,8.7,160,23.9,,1635,8.3,156,24.6,,1333,8.4,159,23.7,,817,8.3,130,24.4,,,15.282,0.2008,15.31,0.0876,15.293,1.654e-15,2.302e-12,10.44,1 2 4 5 6 7 8 10 12 13 22 23 33 34,1.33e+07,22:5.8e+06 23:2.6e+06 13:2.6e+06,8.08e-07,22,1/22,2.20e+07,2.7e+13,3640,10.0,289,24.1,
XeII,578.083,1-,,54,34,5p4(1D2)6p 2[2]° 5/2,5p4(1D2)5d 2[4] 7/2,229,0.1,18,6.2,,24,0.1,2,55.9,,25,0.1,2,15.7,,20,0.1,2,16.9,,18,0.1,1,60.8,,22,0.1,3,4.1,,21,0.1,2,55.2,,11,0.1,1,174.4,,21,0.1,3,21.0,,72,0.2,9,7.3,,XeIII 578.051 (I=2),16.392,0.047,16.41,0.039,16.395,2.757e-16,6.871e-13,11.28,1 2 4 5 6 7 8 10 12 13 22 23 33 34,1.18e+07,23:6.4e+06 33:3.3e+06 34:1.5e+06,1.89e-07,24,1/24,1.00e+08,5.3e+14,29,0.1,2,43.6,
XeII,579.188,1hl,,95,51,5p4(3P1)6d 2[3] 5/2,5p4(1D2)6p 2[1]° 3/2,191,0.1,18,6.3,,25,0.1,2,111.1,,31,0.1,4,9.1,,19,0.1,2,32.7,,43,0.1,4,26.4,,21,0.1,2,45.0,,13,0.1,2,135.6,,16,0.1,2,66.4,,30,0.2,4,11.4,,11,0.1,2,38.4,,WI 579.180 (I=1w),,,,,,,,,,,,,,,,,44,0.1,4,26.5,
XeII,580.95,1Hw,,,70,Ek=156302.13,5p4(3P2)6d 2[3] 5/2,25,0.1,2,23.2,,12,0.0,1,50.0,,104,0.1,12,6.2,,97,0.1,9,6.3,,22,0.1,2,,,54,0.1,6,6.0,,71,0.1,9,6.0,,24,0.1,2,20.2,,19,0.1,2,19.9,,12,0.2,2,54.9,,,,,,,,,,,,,,,,,,,23,0.1,2,29.6,
XeII,581.596,50,,46,19,5p4(3P1)6p 2[1]° 1/2,5p4(3P0)5d 2[2] 3/2,519,1.3,35,24.4,,514,1.3,41,24.2,,264,1.1,32,24.9,,258,1.1,20,25.5,,533,1.1,42,24.5,,272,1.2,26,24.9,,276,1.2,26,22.9,,266,1.2,23,24.2,,210,1.2,20,25.9,,138,1.2,16,25.4,,,15.445,0.0329,15.71,0.0242,15.456,3.913e-16,5.967e-13,10.57,1 2 4 5 6 7 8 10 12 13 22 23 33 34,3.41e+06,33:7.5e+05 23:7.0e+05 34:7.0e+05,1.24e-07,15,0/15,,,578,1.4,46,24.1,
XeII,582.157,1-,,53,32,5p4(1D2)6p 2[2]° 3/2,5p4(3P1)5d 2[3] 5/2,52,0.1,4,,,44,0.2,3,104.7,,24,0.1,2,64.1,,32,0.2,3,50.2,,60,0.1,4,,,28,0.2,3,328.9,,44,0.1,4,130.9,,19,0.1,1,70.8,,25,0.2,2,87.7,,16,0.2,2,183.0,,,16.356,0.04,28.57,0.0243,16.368,1.676e-16,4.457e-13,11.38,1 2 4 5 6 7 8 10 12 13 22 23 33 34,7.74e+06,23:2.7e+06 34:2.6e+06 33:1.8e+06,1.11e-07,27,1/27,8.50e+07,7.7e+14,41,0.2,3,97.3,
XeII,582.479,1-,,107,55,5p4(3P1)4f 2[3]° 7/2,5p4(3P2)7s 2[2] 5/2,1961,3.1,134,26.5,,1937,2.8,132,26.3,,1005,2.4,80,26.6,,963,2.4,92,26.8,,1968,2.4,134,26.5,,1017,2.5,97,25.8,,998,2.5,119,27.1,,1001,2.5,95,27.9,,802,2.5,76,27.1,,522,2.4,62,26.5,,XeI 582.480 (I=150),,,,,,,,,,,,,,,,,788,2.1,54,36.8,
XeII,583.55,5Hw,,,78,Ek=156913.8,5p4(3P2)4f 2[5]° 11/2,164,0.5,16,35.6,,175,0.5,17,31.0,,86,0.4,8,29.9,,88,0.4,10,34.1,,172,0.4,14,30.3,,110,0.5,13,25.1,,97,0.5,15,31.6,,87,0.4,8,34.7,,81,0.5,9,27.0,,57,0.6,7,24.3,,,,,,,,,,,,,,,,,,,176,0.3,14,36.7,
XeII,584.928,0,,,78,Ek=156872.9,5p4(3P2)4f 2[5]° 11/2,26,0.1,2,32.2,,42,0.1,4,23.0,,16,0.1,2,108.5,,17,0.1,2,52.6,,29,0.1,2,60.7,,19,0.1,2,51.7,,28,0.2,3,40.0,,16,0.1,2,19.7,,15,0.1,2,58.3,,18,0.2,2,14.3,,WI 584.952 (I=4),,,,,,,,,,,,,,,,,12,0.0,1,0.9,
XeII,585.547,1,,93,49,5p4(3P1)6d 2[2] 3/2,5p4(1D2)6p 2[3]° 5/2,19,0.1,2,103.8,,105,0.1,8,21.1,,50,0.1,6,6.3,,34,0.2,3,12.9,,197,0.1,16,6.2,,26,0.1,3,12.8,,18,0.1,2,49.3,,13,0.1,2,35.7,,65,0.1,8,6.2,,21,0.1,3,8.0,,,,,,,,,,,,,,,,,,,88,0.3,7,30.0,
XeII,585.947,2H,,110,56,5p4(1D2)7s 2[2] 3/2,5p4(1D2)6p 2[1]° 1/2,73,0.2,6,53.3,,92,0.2,9,28.5,,45,0.2,5,29.0,,34,0.2,3,63.3,,74,0.2,6,42.4,,51,0.2,5,26.4,,44,0.2,4,41.7,,36,0.2,3,46.5,,47,0.3,6,24.3,,19,0.2,3,58.0,,,,,,,,,,,,,,,,,,,93,0.3,7,58.1,
XeII,587.725,1-,,,79,Ek=156913.68,5p4(3P2)4f 2[5]° 9/2,148,0.4,12,51.7,,154,0.4,12,52.2,,71,0.4,7,55.0,,77,0.4,7,55.1,,153,0.4,10,54.5,,81,0.4,8,50.6,,90,0.4,7,34.1,,59,0.3,7,62.4,,77,0.4,7,41.1,,40,0.4,5,60.0,,,,,,,,,,,,,,,,,,,170,0.4,12,40.0,
XeII,588.982,4,,,79,Ek=156876.96,5p4(3P2)4f 2[5]° 9/2,22737,44.9,1276,23.9,,15237,30.0,1038,23.6,,5532,19.7,440,23.8,,4300,15.7,410,23.3,,6665,12.0,397,23.6,,2655,9.4,181,23.7,,2220,8.3,212,23.6,,2060,7.9,164,23.0,,1382,6.5,132,23.7,,858,6.5,82,23.3,,,,,,,,,,,,,,,,,,,33912,71.6,1797,24.2,
XeII,589.026,0,,,79,Ek=156875.52,5p4(3P2)4f 2[5]° 9/2,22737,44.9,1276,23.9,,15237,30.0,1038,23.6,,5532,19.7,440,23.8,,4300,15.7,410,23.3,,6665,12.0,397,23.6,,2655,9.4,181,23.7,,2220,8.3,212,23.6,,2060,7.9,164,23.0,,1382,6.5,132,23.7,,858,6.5,82,23.3,,WI 589.032 (I=5),,,,,,,,,,,,,,,,,33912,71.6,1797,24.2,
XeII,589.17,4,,,79,Ek=156872.9,5p4(3P2)4f 2[5]° 9/2,73,0.2,4,,,62,0.1,4,,,22,0.1,2,,,67,0.1,6,119.5,,27,0.1,2,33.2,,27,0.1,2,84.7,,67,0.1,6,6.8,,15,0.1,1,31.2,,33,0.1,3,124.7,,13,0.1,2,2.6,,"WI 589.161 (I=8, A=1.5e+05)",,,,,,,,,,,,,,,,,72,0.2,3,,
XeII,589.329,150,,51,27,5p4(1D2)6p 2[1]° 3/2,5p4(3P1)5d 2[2] 5/2,2172,4.6,129,25.3,,2172,4.5,148,24.5,,1139,4.1,78,24.7,,1118,4.0,107,25.0,,2237,4.0,133,24.4,,1137,4.1,77,24.6,,1130,4.0,108,24.2,,1105,4.1,88,24.8,,852,3.8,81,26.1,,543,4.0,65,24.6,,WI 589.334 (I=1),16.077,0.1677,29.93,0.0721,16.082,7.579e-16,1.815e-12,11.23,1 2 4 5 6 7 8 10 12 13 22 23 33 34,8.14e+06,23:5.5e+06 33:1.2e+06 34:7.2e+05,4.19e-07,27,0/27,,,2433,5.3,129,25.0,
XeII,590.513,200,,39,14,5p4(3P1)6p 2[0]° 1/2,5p4(3P1)5d 2[1] 1/2,2775,6.4,189,23.6,,2767,6.4,189,23.6,,1416,5.7,113,23.5,,1381,5.6,132,23.5,,2797,5.7,222,23.5,,1416,5.8,135,23.5,,1415,5.8,135,23.4,,1355,5.5,108,24.6,,1117,5.8,107,24.2,,690,5.7,82,24.1,,WI 590.505 (I=4),15.024,0.0578,15.09,0.0477,15.034,1.053e-15,1.186e-12,10.14,1 2 4 5 6 7 8 10 12 13 22 23 33 34,1.07e+07,13:7.0e+06 33:9.3e+05 22:9.2e+05,6.55e-07,14,1/14,7.40e+07,1.1e+14,2989,5.8,178,24.1,
XeII,590.967,30h,,86,43,5p4(3P2)7p 2[2]° 3/2,5p4(1D2)5d 2[1] 3/2,171,0.4,14,29.0,,173,0.4,12,28.4,,80,0.4,6,31.8,,99,0.4,9,25.9,,202,0.5,15,29.2,,88,0.4,8,23.0,,102,0.4,10,27.7,,104,0.4,10,21.8,,71,0.4,7,32.2,,58,0.5,9,27.2,,,,,,,,,,,,,,,,,,,201,0.4,14,23.1,
XeII,591.28,5h,,44,19,5p4(3P1)6p 2[1]° 3/2,5p4(3P0)5d 2[2] 3/2,109,0.2,9,15.8,,96,0.2,7,14.9,,32,0.1,3,28.9,,37,0.1,4,26.1,,83,0.2,6,27.7,,29,0.1,3,24.5,,39,0.2,4,24.3,,44,0.2,4,18.5,,35,0.2,3,24.1,,39,0.3,6,17.5,,,15.41,0.0521,15.44,0.0488,15.415,7.621e-16,1.138e-12,10.54,1 2 4 5 6 7 8 10 12 13 22 23 33 34,6.59e+06,13:2.4e+06 33:1.5e+06 23:1.2e+06,2.12e-07,23,0/23,,,89,0.2,6,17.5,
XeII,591.332,1,,,82,Ek=157091.9,5p4(3P2)4f 2[1]° 1/2,109,0.2,9,15.8,,96,0.2,7,14.9,,32,0.1,3,28.9,,37,0.1,4,26.1,,83,0.2,6,27.7,,29,0.1,3,24.5,,39,0.2,4,24.3,,44,0.2,4,18.5,,35,0.2,3,24.1,,39,0.3,6,17.5,,XeIII 591.360 (I=(1)); WI 591.339 (I=5),,,,,,,,,,,,,,,,,89,0.2,6,17.5,
XeII,591.744,50,,26,5,5p4(3P2)6p 2[2]° 5/2,5p4(3P2)6s 2[2] 3/2,987,1.9,78,23.6,,962,1.9,66,24.3,,508,1.9,49,24.4,,512,1.9,49,23.1,,1009,1.8,87,23.7,,477,1.7,45,24.4,,476,1.7,57,25.2,,481,1.8,46,24.0,,367,1.7,35,25.0,,253,1.9,34,22.8,,WI 591.742 (I=3w),13.881,0.1761,14.04,0.1145,13.891,7.699e-15,4.803e-12,9.29,1 2 4 5 6 7 8 10 12 13 22 23,6.47e+06,4:1.9e+06 12:9.5e+05 7:9.0e+05,1.00e-06,15,4/15,1.17e+08,1.2e+14,1093,2.4,70,22.7,
XeII,592.15,1,,66,39,5p4(1S0)5d 2[2] 3/2,5p4(3P1)6p 2[0]° 1/2,52,0.1,4,37.1,,37,0.1,2,68.6,,21,0.1,2,62.9,,24,0.1,2,52.1,,57,0.1,5,25.2,,18,0.1,2,86.0,,22,0.1,3,46.6,,27,0.1,3,72.1,,17,0.1,2,106.4,,15,0.2,2,54.2,,XeI 592.185 (I=10); WI 592.137 (I=3),17.118,0.0233,17.42,0.0163,17.129,7.052e-17,2.399e-13,11.73,1 2,0.00e+00,,1.09e-08,19,0/19,,,55,0.1,4,55.8,
XeII,592.815,3H^,,95,52,5p4(3P1)6d 2[3] 5/2,5p4(1D2)6p 2[3]° 7/2,25,0.1,1,69.6,,659,0.2,42,28.8,,364,0.1,35,25.5,,22,0.2,2,133.4,,38,0.1,3,,,256,0.1,31,6.0,,22,0.1,3,,,141,0.1,13,6.2,,17,0.1,2,71.3,,19,0.1,2,21.4,,,,,,,,,,,,,,,,,,,32,0.1,2,60.3,
XeII,593.414,2,,,81,Ek=156876.96,5p4(3P2)4f 2[4]° 7/2,1283,3.0,82,28.7,,1336,3.0,106,27.7,,646,2.6,62,29.3,,652,2.7,62,29.1,,1281,2.6,102,28.9,,654,2.6,62,29.3,,651,2.6,78,28.9,,674,2.7,54,28.2,,520,2.6,62,28.3,,335,2.7,40,29.2,,XeI 593.417 (I=100); WI 593.449 (I=8),,,,,,,,,,,,,,,,,1253,2.7,80,29.7,
XeII,593.455,1H,,,81,Ek=156875.52,5p4(3P2)4f 2[4]° 7/2,1283,3.0,82,28.7,,1336,3.0,106,27.7,,646,2.6,62,29.3,,652,2.7,62,29.1,,1281,2.6,102,28.9,,654,2.6,62,29.3,,651,2.6,78,28.9,,674,2.7,54,28.2,,520,2.6,62,28.3,,335,2.7,40,29.2,,WI 593.449 (I=8),,,,,,,,,,,,,,,,,1253,2.7,80,29.7,
XeII,593.499,0,,,81,Ek=156873.84,5p4(3P2)4f 2[4]° 7/2,1283,3.0,82,28.7,,1336,3.0,106,27.7,,646,2.6,62,29.3,,652,2.7,62,29.1,,1281,2.6,102,28.9,,654,2.6,62,29.3,,651,2.6,78,28.9,,674,2.7,54,28.2,,520,2.6,62,28.3,,335,2.7,40,29.2,,,,,,,,,,,,,,,,,,,1253,2.7,80,29.7,
XeII,594.553,300,,30,9,5p4(3P2)6p 2[1]° 1/2,5p4(3P2)5d 2[1] 1/2,6438,14.5,512,23.2,,6415,14.3,510,23.2,,3280,12.8,313,23.2,,3321,12.6,317,23.3,,6643,12.8,396,23.1,,3278,12.8,313,23.2,,3237,12.4,309,23.1,,3304,12.3,263,23.4,,2520,11.9,240,23.9,,1625,12.1,258,23.3,,,14.094,0.2621,14.14,0.1775,14.095,9.798e-15,7.007e-12,9.48,1 2 4 5 6 7 8 10 12 13 22 23,6.93e+06,10:1.5e+06 4:1.3e+06 12:1.1e+06,4.57e-06,14,1/14,7.10e+07,1.6e+13,6817,12.6,464,23.6,
XeII,595.803,50,,42,17,5p4(3P1)6p 2[2]° 3/2,5p4(3P2)5d 2[3] 5/2,339,0.8,32,34.7,,319,0.7,30,35.8,,182,0.7,17,,,181,0.7,14,33.5,,347,0.7,24,36.1,,197,0.8,19,,,188,0.7,15,,,153,0.8,12,43.6,,109,0.7,10,46.7,,99,0.8,9,27.1,,WI 595.823 (I=1),15.282,0.2008,15.31,0.0876,15.293,1.654e-15,2.302e-12,10.44,1 2 4 5 6 7 8 10 12 13 22 23 33 34,1.33e+07,22:5.8e+06 23:2.6e+06 13:2.6e+06,8.08e-07,22,1/22,2.20e+07,2.7e+13,322,0.9,24,50.2,
XeII,596.452,1-,,106,55,5p4(3P1)4f 2[4]° 7/2,5p4(3P2)7s 2[2] 5/2,23,0.0,2,16.4,,23,0.1,2,41.2,,20,0.1,2,24.3,,20,0.1,2,17.2,,23,0.0,1,25.8,,97,0.1,8,6.4,,17,0.1,1,3.8,,40,0.1,3,4.2,,29,0.1,3,3.5,,9,0.1,1,3.6,,WI 596.448 (I=3),,,,,,,,,,,,,,,,,26,0.1,2,4.0,
XeII,597.113,200,,51,28,5p4(1D2)6p 2[1]° 3/2,5p4(1D2)6s 2[2] 3/2,1794,3.8,143,23.8,,1779,3.7,141,23.7,,920,3.4,88,24.1,,913,3.5,73,23.7,,1822,3.4,109,23.3,,923,3.4,73,23.5,,931,3.5,74,24.2,,953,3.7,76,23.4,,710,3.4,75,23.2,,495,3.8,59,23.3,,,16.077,0.1677,29.93,0.0721,16.082,7.579e-16,1.815e-12,11.23,1 2 4 5 6 7 8 10 12 13 22 23 33 34,8.14e+06,23:5.5e+06 33:1.2e+06 34:7.2e+05,4.19e-07,27,0/27,,,1932,4.1,115,22.8,
XeII,597.3,1h,,,67,Ek=155463.41,5p4(3P2)6d 2[0] 1/2,40,0.1,3,,,79,0.1,5,47.4,,54,0.1,5,44.7,,22,0.1,2,,,26,0.1,1,88.3,,31,0.1,3,118.4,,65,0.1,5,30.7,,51,0.1,3,48.2,,14,0.1,2,3.9,,22,0.2,3,,,XeI 597.282 (I=1h),,,,,,,,,,,,,,,,,435,0.1,26,25.1,
XeII,597.646,1000,28000000.0,25,5,5p4(3P2)6p 2[2]° 3/2,5p4(3P2)6s 2[2] 3/2,26584,57.4,1585,23.8,,26010,54.7,1654,23.7,,13690,50.5,1088,23.8,,13481,48.2,1072,23.9,,26780,48.6,1597,23.8,,13696,50.3,1089,23.5,,13641,48.8,1301,23.9,,13722,46.8,935,23.6,,10911,47.8,1041,23.5,,6813,48.0,812,23.7,,WI 597.665 (I=8),13.86,0.1339,14.04,0.0845,13.864,5.816e-15,3.650e-12,9.29,1 2 4 5 6 7 8 10 12 13 22 23,6.37e+06,8:1.4e+06 4:1.3e+06 5:1.0e+06,9.39e-07,18,2/18,5.40e+07,5.8e+13,28340,52.9,1590,22.6,
XeII,597.92,1H,,92,49,5p4(3P1)6d 2[3] 7/2,5p4(1D2)6p 2[3]° 5/2,29,0.1,2,102.4,,36,0.1,2,60.4,,20,0.1,2,66.0,,20,0.1,2,58.5,,27,0.1,2,96.9,,36,0.1,3,13.8,,16,0.1,2,83.1,,22,0.1,1,,,22,0.1,2,204.0,,20,0.2,2,20.3,,XeI 597.942 (I=1); WI 597.886 (I=15),,,,,,,,,,,,,,,,,35,0.1,2,91.8,
XeII,598.844,1,,,83,Ek=156904.21,5p4(3P2)4f 2[2]° 5/2,53,0.2,4,65.7,,54,0.1,4,70.3,,40,0.1,4,48.1,,27,0.1,3,99.0,,63,0.1,4,132.8,,42,0.2,4,44.3,,29,0.1,3,80.4,,27,0.1,3,79.2,,44,0.2,5,101.0,,22,0.2,3,54.8,,,,,,,,,,,,,,,,,,,63,0.1,4,60.5,
XeII,599.186,1H,,86,45,5p4(3P2)7p 2[2]° 3/2,5p4(1D2)5d 2[2] 5/2,63,0.1,5,20.0,,46,0.1,3,28.0,,203,0.1,21,6.1,,151,0.1,16,6.5,,73,0.1,5,20.4,,26,0.1,2,47.1,,47,0.2,6,21.0,,32,0.1,3,26.8,,32,0.1,4,23.2,,17,0.1,2,34.5,,WI 599.215 (I=1),,,,,,,,,,,,,,,,,41,0.1,3,25.2,
XeII,599.83,1^,,46,20,5p4(3P1)6p 2[1]° 1/2,5p4(3P1)5d 2[1] 3/2,220,0.5,17,35.7,,234,0.6,16,30.7,,121,0.5,12,30.3,,104,0.4,12,34.5,,194,0.4,12,38.3,,121,0.5,12,31.8,,121,0.5,14,29.8,,113,0.5,11,31.0,,78,0.4,9,42.9,,43,0.4,5,53.4,,"XeI 599.812 (I=30, A=5.8e+05); WI 599.828 (I=3)",15.445,0.0329,15.71,0.0242,15.456,3.913e-16,5.967e-13,10.57,1 2 4 5 6 7 8 10 12 13 22 23 33 34,3.41e+06,33:7.5e+05 23:7.0e+05 34:7.0e+05,1.24e-07,15,0/15,,,207,0.5,16,38.8,
XeII,599.867,0bl,,,83,Ek=156875.52,5p4(3P2)4f 2[2]° 5/2,220,0.5,17,35.7,,234,0.6,16,30.7,,121,0.5,12,30.3,,104,0.4,12,34.5,,194,0.4,12,38.3,,121,0.5,12,31.8,,121,0.5,14,29.8,,113,0.5,11,31.0,,78,0.4,9,42.9,,43,0.4,5,53.4,,,,,,,,,,,,,,,,,,,207,0.5,16,38.8,
XeII,600.03,1-,,,75,Ek=156302.13,5p4(3P2)6d 2[1] 3/2,15,0.0,1,25.6,,24,0.1,2,65.4,,18,0.1,2,26.2,,19,0.1,2,57.5,,15,0.1,1,118.5,,20,0.1,2,22.8,,18,0.1,2,34.1,,74,0.1,6,6.3,,66,0.1,8,6.4,,34,0.1,4,6.3,,,,,,,,,,,,,,,,,,,66,0.1,4,6.1,
XeII,600.892,100,,41,17,5p4(3P1)6p 2[2]° 5/2,5p4(3P2)5d 2[3] 5/2,934,2.0,74,24.6,,939,1.9,75,24.6,,461,1.6,44,24.4,,498,1.8,59,24.1,,969,1.8,77,24.3,,487,1.8,58,23.9,,485,1.8,58,22.5,,451,1.8,43,24.1,,391,1.8,47,23.2,,238,1.8,28,24.5,,"WI 600.901 (I=10); WI 600.917 (I=1, A=8.7e+04)",15.264,0.0478,15.31,0.0437,15.266,6.602e-16,9.071e-13,10.42,1 2 4 5 6 7 8 10 12 13 22 23 33 34,3.03e+07,13:1.7e+07 22:1.0e+07 23:1.6e+06,5.19e-07,21,1/21,6.10e+06,1.2e+13,1103,2.2,88,23.1,
XeII,602.414,2^,,,75,Ek=156235.8,5p4(3P2)6d 2[1] 3/2,73,0.1,5,437.1,,36,0.1,2,135.4,,42,0.2,5,14.3,,36,0.1,4,50.2,,52,0.1,4,74.1,,12943,0.1,1235,8609.7,,21,0.1,2,109.5,,31,0.1,4,20.9,,19,0.1,2,48.9,,17,0.1,3,26.7,,,,,,,,,,,,,,,,,,,50,0.1,4,46.3,
XeII,602.458,3H,,85,44,5p4(3P0)7s 2[0] 1/2,5p4(3P1)6p 2[1]° 3/2,73,0.1,5,437.1,,36,0.1,2,135.4,,42,0.2,5,14.3,,36,0.1,4,50.2,,52,0.1,4,74.1,,12943,0.1,1235,8609.7,,21,0.1,2,109.5,,31,0.1,4,20.9,,19,0.1,2,48.9,,17,0.1,3,26.7,,,,,,,,,,,,,,,,,,,50,0.1,4,46.3,
XeII,603.62,500,7500000.0,26,6,5p4(3P2)6p 2[2]° 5/2,5p4(3P2)5d 2[2] 5/2,17923,34.5,1221,22.4,,17780,34.6,1211,22.1,,9383,32.1,895,22.3,,9223,32.5,1100,22.3,,18437,32.7,1256,22.0,,9273,32.3,804,22.1,,9209,32.8,878,22.2,,9289,33.7,886,22.0,,7309,32.4,697,22.2,,4645,33.1,738,21.9,,,13.881,0.1761,14.04,0.1145,13.891,7.699e-15,4.803e-12,9.29,1 2 4 5 6 7 8 10 12 13 22 23,6.47e+06,4:1.9e+06 12:9.5e+05 7:9.0e+05,1.00e-06,15,4/15,1.17e+08,1.2e+14,19098,33.4,1301,22.2,
XeII,604.853,5h^,,75,41,5p4(3P2)6d 2[1] 3/2,5p4(3P1)6p 2[2]° 5/2,53,0.1,4,36.4,,36,0.1,2,155.8,,34,0.1,3,37.6,,27,0.1,3,74.7,,55,0.1,4,57.8,,22,0.1,2,15.2,,42,0.2,4,26.8,,36,0.1,3,31.0,,28,0.1,3,26.6,,20,0.2,3,32.9,,WI 604.887 (I=2w),,,,,,,,,,,,,,,,,50,0.1,3,81.7,
XeII,605.115,1000,17000000.0,26,7,5p4(3P2)6p 2[2]° 5/2,5p4(3P2)5d 2[3] 7/2,33581,65.5,2288,22.7,,33962,66.9,2700,22.4,,17537,59.8,1673,22.6,,17308,60.8,2064,22.6,,35057,62.2,2389,22.2,,17510,61.9,1670,22.3,,17617,62.2,1680,22.1,,17493,63.4,1669,22.0,,14228,63.4,1357,22.3,,9016,65.0,1433,21.9,,,13.881,0.1761,14.04,0.1145,13.891,7.699e-15,4.803e-12,9.29,1 2 4 5 6 7 8 10 12 13 22 23,6.47e+06,4:1.9e+06 12:9.5e+05 7:9.0e+05,1.00e-06,15,4/15,1.17e+08,1.2e+14,36049,67.4,2456,23.5,
XeII,608.321,1h-,,66,40,5p4(1S0)5d 2[2] 3/2,5p4(3P0)6p 2[1]° 3/2,94,0.2,6,104.3,,92,0.2,6,92.4,,51,0.2,5,72.3,,48,0.2,5,212.6,,97,0.2,7,91.8,,50,0.2,5,35.6,,53,0.2,5,66.8,,58,0.2,6,59.3,,40,0.2,5,80.7,,29,0.3,3,52.5,,"BaI 608.339 (I=5, A=1.1e+07); WI 608.289 (I=3)",17.118,0.0233,17.42,0.0163,17.129,7.052e-17,2.399e-13,11.73,1 2,0.00e+00,,1.09e-08,19,0/19,,,,,,,
XeII,609.35,300,,57,35,5p4(3P2)7s 2[2] 3/2,5p4(3P2)6p 2[1]° 3/2,1566,2.8,83,26.1,,1531,2.7,91,26.2,,783,2.4,57,25.9,,785,2.4,53,26.8,,1504,2.2,80,26.5,,762,2.3,52,26.4,,760,2.2,52,26.4,,776,2.4,62,27.4,,650,2.4,62,26.8,,399,2.4,38,25.5,,XeI 609.338 (I=3),,,,,,,,,,,,,,,,,,,,,
XeII,609.759,1000,26000000.0,25,6,5p4(3P2)6p 2[2]° 3/2,5p4(3P2)5d 2[2] 5/2,24382,41.4,1292,22.9,,23962,40.4,1524,22.9,,12372,37.7,843,22.8,,12334,38.3,840,22.8,,24085,37.7,1276,23.0,,12232,38.0,833,22.9,,12314,38.8,839,22.9,,12306,39.2,978,23.0,,9753,38.4,775,22.9,,6153,39.4,587,22.8,,,13.86,0.1339,14.04,0.0845,13.864,5.816e-15,3.650e-12,9.29,1 2 4 5 6 7 8 10 12 13 22 23,6.37e+06,8:1.4e+06 4:1.3e+06 5:1.0e+06,9.39e-07,18,2/18,5.40e+07,5.8e+13,,,,,
XeII,610.143,200,,44,20,5p4(3P1)6p 2[1]° 3/2,5p4(3P1)5d 2[1] 3/2,2493,4.2,149,25.4,,2482,4.1,158,25.1,,1271,3.6,101,25.1,,1273,3.7,93,24.8,,2496,3.7,140,25.3,,1276,3.7,87,24.9,,1229,3.7,84,24.8,,1218,3.7,97,25.3,,932,3.6,89,25.6,,645,3.9,62,24.2,,,15.41,0.0521,15.44,0.0488,15.415,7.621e-16,1.138e-12,10.54,1 2 4 5 6 7 8 10 12 13 22 23 33 34,6.59e+06,13:2.4e+06 33:1.5e+06 23:1.2e+06,2.12e-07,23,0/23,,,,,,,
XeII,610.764,0,,,70,Ek=155463.41,5p4(3P2)6d 2[3] 5/2,35,0.0,2,6.5,,127,0.0,7,6.0,,30,0.1,2,3.6,,17,0.0,1,2.1,,14,0.0,1,10.9,,46,0.1,4,0.9,,20,0.1,2,4.7,,75,0.1,5,6.1,,20,0.0,2,27.4,,30,0.1,4,15.7,,"WI 610.742 (I=10, A=6.0e+04)",,,,,,,,,,,,,,,,,,,,,
XeII,611.508,50,,42,18,5p4(3P1)6p 2[2]° 3/2,5p4(3P1)6s 2[1] 1/2,510,1.0,30,28.9,,501,0.9,34,28.9,,253,0.8,22,30.3,,242,0.7,19,30.8,,504,0.8,34,30.0,,247,0.8,20,29.3,,279,0.8,27,27.8,,240,0.7,19,30.6,,193,0.7,20,31.4,,123,0.8,15,34.1,,XeI 611.486 (I=10),15.282,0.2008,15.31,0.0876,15.293,1.654e-15,2.302e-12,10.44,1 2 4 5 6 7 8 10 12 13 22 23 33 34,1.33e+07,22:5.8e+06 23:2.6e+06 13:2.6e+06,8.08e-07,22,1/22,2.20e+07,2.7e+13,,,,,
XeII,612.744,2,,40,15,5p4(3P0)6p 2[1]° 3/2,5p4(3P2)5d 2[1] 3/2,44,0.1,4,18.6,,40,0.1,3,36.2,,39,0.1,4,23.5,,21,0.1,2,54.5,,39,0.1,3,39.1,,34,0.1,3,39.3,,30,0.1,3,18.3,,32,0.1,3,,,29,0.1,3,23.3,,18,0.1,2,16.9,,,15.08,0.0654,15.22,0.0625,15.089,9.965e-16,1.165e-12,10.19,1 2 4 5 6 7 8 10 12 13 22 23 33 34,8.43e+06,23:3.8e+06 13:2.7e+06 22:6.1e+05,2.53e-07,22,0/22,,,,,,,
XeII,614.34,1h,,93,51,5p4(3P1)6d 2[2] 3/2,5p4(1D2)6p 2[1]° 3/2,25,0.1,2,170.3,,30,0.1,2,95.1,,20,0.1,2,98.7,,24,0.1,2,42.8,,40,0.1,2,,,494366,0.1,47156,3832.4,,46,0.2,4,48.5,,30,0.1,3,45.6,,17,0.1,2,95.5,,22,0.2,3,46.8,,XeI 614.370 (I=4),,,,,,,,,,,,,,,,,,,,,
XeII,614.645,50,,84,43,5p4(3P2)4f 2[1]° 3/2,5p4(1D2)5d 2[1] 3/2,154,0.3,11,29.7,,152,0.3,9,29.8,,92,0.3,7,26.9,,82,0.3,7,28.9,,160,0.3,11,27.4,,95,0.3,9,28.3,,77,0.3,7,36.3,,83,0.3,8,35.8,,69,0.3,7,35.1,,54,0.4,6,25.3,,WI 614.652 (I=1),,,,,,,,,,,,,,,,,,,,,
XeII,615.528,1Hw-,,94,52,5p4(3P1)6d 2[2] 5/2,5p4(1D2)6p 2[3]° 7/2,25,0.1,2,63.9,,22,0.1,2,55.6,,48,0.1,5,7.7,,64,0.1,5,7.0,,147,0.0,9,5.4,,208,0.1,17,5.9,,14,0.0,1,19.0,,11,0.1,1,56.4,,142,0.1,14,6.1,,94,0.1,11,6.1,,,,,,,,,,,,,,,,,,,,,,,
XeII,618.457,20,,37,14,5p4(3P0)6p 2[1]° 1/2,5p4(3P1)5d 2[1] 1/2,219,0.5,10,93.8,,223,0.5,12,95.9,,116,0.5,8,92.4,,149,0.4,9,173.8,,248,0.5,11,121.3,,114,0.5,9,107.2,,114,0.5,9,99.0,,142,0.4,9,219.0,,116,0.5,9,168.1,,67,0.5,8,169.1,,,14.93,0.0871,15.29,0.0834,14.939,1.749e-15,1.900e-12,10.09,1 2 4 5 6 7 8 10 12 13 22 23 33 34,4.38e+06,33:1.2e+06 34:1.0e+06 23:9.1e+05,4.00e-07,14,0/14,,,,,,,
XeII,618.503,15,,49,27,5p4(1D2)6p 2[3]° 5/2,5p4(3P1)5d 2[2] 5/2,219,0.5,10,93.8,,223,0.5,12,95.9,,116,0.5,8,92.4,,113,0.5,7,98.4,,239,0.5,10,113.1,,114,0.5,9,107.2,,114,0.5,9,99.0,,142,0.4,9,219.0,,95,0.5,8,113.7,,70,0.5,8,187.3,,,15.977,0.0664,16.11,0.0322,15.987,3.953e-16,7.704e-13,10.93,1 2 4 5 6 7 8 10 12 13 22 23 33 34,2.03e+07,34:1.3e+07 23:4.7e+06 33:2.1e+06,2.57e-07,24,1/24,1.80e+07,7.0e+13,,,,,
XeII,618.579,1H^,,100,53,5p4(3P1)6d 2[1] 3/2,5p4(1D2)6p 2[2]° 3/2,317,0.5,15,295.2,,766,0.5,41,378.5,,207,0.4,14,233.4,,113,0.5,7,98.4,,239,0.5,10,113.1,,129,0.4,10,151.1,,126,0.4,10,147.5,,104,0.4,8,123.3,,95,0.5,8,113.7,,70,0.5,8,187.3,,,,,,,,,,,,,,,,,,,,,,,
XeII,619.407,300,,83,43,5p4(3P2)4f 2[2]° 5/2,5p4(1D2)5d 2[1] 3/2,583,1.1,31,30.7,,593,1.0,33,28.6,,302,0.9,24,29.6,,293,0.8,23,28.9,,547,0.8,29,31.3,,307,1.0,21,27.3,,278,0.8,22,27.1,,274,0.8,22,27.8,,233,0.9,19,28.7,,147,0.8,20,30.2,,XeI 619.389 (I=1h),,,,,,,,,,,,,,,,,,,,,
XeII,620.345,1h^,,82,43,5p4(3P2)4f 2[1]° 1/2,5p4(1D2)5d 2[1] 3/2,124,0.2,7,40.3,,130,0.3,9,35.6,,55,0.2,5,39.2,,77,0.2,7,38.5,,149,0.2,8,34.1,,86,0.3,6,36.7,,58,0.2,5,43.0,,91,0.3,8,30.0,,64,0.3,5,36.7,,44,0.3,5,40.3,,"XeIII 620.381 (I=1); WI 620.351 (I=20, A=3.0e+05)",,,,,,,,,,,,,,,,,,,,,
XeII,623.54,1h,,84,45,5p4(3P2)4f 2[1]° 3/2,5p4(1D2)5d 2[2] 5/2,265,0.1,18,5.9,,16,0.0,1,120.5,,110,0.1,10,5.4,,15,0.1,1,38.0,,29,0.1,2,39.8,,18,0.0,2,16.3,,110,0.1,13,5.9,,120,0.1,10,5.7,,34,0.1,3,9.6,,17,0.1,2,1.8,,,,,,,,,,,,,,,,,,,,,,,
XeII,625.532,2Hl^,,70,41,5p4(3P2)6d 2[3] 5/2,5p4(3P1)6p 2[2]° 5/2,22,0.0,2,4.2,,24,0.1,2,28.2,,11,0.1,1,67.5,,18,0.1,2,2.3,,31,0.0,2,11.3,,132,0.1,13,5.9,,72,0.1,6,6.5,,95,0.0,11,5.9,,14,0.1,1,94.1,,14,0.1,2,3.2,,,,,,,,,,,,,,,,,,,,,,,
XeII,627.082,400,18000000.0,49,28,5p4(1D2)6p 2[3]° 5/2,5p4(1D2)6s 2[2] 3/2,5621,8.7,315,23.8,,5563,8.3,295,23.7,,2958,7.7,202,23.9,,2901,7.4,277,23.8,,5704,7.3,302,23.8,,2869,7.3,249,23.8,,2933,7.6,233,23.6,,2906,7.9,231,23.7,,2399,8.0,229,23.8,,1518,8.1,181,23.3,,,15.977,0.0664,16.11,0.0322,15.987,3.953e-16,7.704e-13,10.93,1 2 4 5 6 7 8 10 12 13 22 23 33 34,2.03e+07,34:1.3e+07 23:4.7e+06 33:2.1e+06,2.57e-07,24,1/24,1.80e+07,7.0e+13,,,,,
XeII,627.754,300,3600000.0,26,8,5p4(3P2)6p 2[2]° 5/2,5p4(3P2)5d 2[2] 3/2,8946,15.1,533,20.9,,8806,14.6,467,21.0,,4455,13.1,304,21.6,,4451,12.9,354,21.5,,9074,13.3,618,21.3,,4505,13.4,430,21.3,,4382,12.9,348,21.9,,4265,12.4,407,21.8,,3511,12.8,335,21.6,,2190,12.7,261,21.7,,,13.881,0.1761,14.04,0.1145,13.891,7.699e-15,4.803e-12,9.29,1 2 4 5 6 7 8 10 12 13 22 23,6.47e+06,4:1.9e+06 12:9.5e+05 7:9.0e+05,1.00e-06,15,4/15,1.17e+08,1.2e+14,,,,,
XeII,628.441,50,,83,45,5p4(3P2)4f 2[2]° 5/2,5p4(1D2)5d 2[2] 5/2,240,0.4,13,25.6,,244,0.4,16,25.9,,122,0.3,10,24.8,,136,0.4,11,25.4,,237,0.3,16,22.7,,154,0.4,12,18.6,,130,0.4,10,26.4,,122,0.3,12,26.3,,106,0.4,8,24.5,,79,0.4,9,20.8,,,,,,,,,,,,,,,,,,,,,,,
XeII,629.639,10H^,,100,54,5p4(3P1)6d 2[1] 3/2,5p4(1D2)6p 2[2]° 5/2,111,0.2,5,137.9,,1843,0.2,110,25119.2,,70,0.2,6,,,60,0.2,5,129.9,,137,0.2,8,268.0,,74,0.2,7,108.7,,74,0.2,5,98.9,,70,0.3,6,151.2,,58,0.2,5,108.3,,30,0.2,4,138.2,,,,,,,,,,,,,,,,,,,,,,,
XeII,629.831,20,,42,19,5p4(3P1)6p 2[2]° 3/2,5p4(3P0)5d 2[2] 3/2,210,0.4,11,47.8,,197,0.3,12,59.5,,111,0.4,9,53.0,,105,0.3,8,71.3,,233,0.4,15,59.9,,107,0.4,10,65.7,,112,0.4,8,55.4,,98,0.4,8,71.1,,97,0.3,7,48.9,,61,0.4,7,56.0,,WI 629.857 (I=6),15.282,0.2008,15.31,0.0876,15.293,1.654e-15,2.302e-12,10.44,1 2 4 5 6 7 8 10 12 13 22 23 33 34,1.33e+07,22:5.8e+06 23:2.6e+06 13:2.6e+06,8.08e-07,22,1/22,2.20e+07,2.7e+13,,,,,
XeII,630.086,100,,39,15,5p4(3P1)6p 2[0]° 1/2,5p4(3P2)5d 2[1] 3/2,1580,2.2,84,23.5,,1633,2.3,111,23.8,,835,2.1,66,24.1,,801,2.0,69,24.5,,1649,2.1,98,23.5,,818,2.1,78,23.4,,830,2.1,66,24.0,,783,2.0,62,24.2,,622,2.0,49,24.3,,398,2.1,38,24.6,,,15.024,0.0578,15.09,0.0477,15.034,1.053e-15,1.186e-12,10.14,1 2 4 5 6 7 8 10 12 13 22 23 33 34,1.07e+07,13:7.0e+06 33:9.3e+05 22:9.2e+05,6.55e-07,14,1/14,7.40e+07,1.1e+14,,,,,
XeII,630.501,1h,,102,55,5p4(3P1)4f 2[2]° 3/2,5p4(3P2)7s 2[2] 5/2,93,0.0,6,5.9,,333,0.1,20,5.9,,22,0.0,2,3.9,,136,0.1,11,5.9,,36,0.0,2,15.4,,42,0.1,5,13.1,,35,0.1,3,9.7,,118,0.1,10,6.9,,101,0.1,9,6.6,,65,0.1,8,5.8,,,,,,,,,,,,,,,,,,,,,,,
XeII,631.146,5Hw,,70,42,5p4(3P2)6d 2[3] 5/2,5p4(3P1)6p 2[2]° 3/2,64,0.1,4,40.6,,68,0.1,4,29.9,,40,0.1,3,41.5,,21,0.1,2,30.1,,132,0.1,7,12.2,,41,0.1,3,20.9,,33,0.1,3,24.8,,169,0.0,16,6.0,,26,0.1,2,15.6,,28,0.1,3,24.2,,,,,,,,,,,,,,,,,,,,,,,
XeII,631.803,5,,,75,Ek=155463.41,5p4(3P2)6d 2[1] 3/2,5093,7.7,304,25.1,,5094,7.6,304,25.3,,2573,6.8,205,25.2,,2605,6.8,207,24.8,,5106,6.7,304,25.4,,2603,6.9,207,25.2,,2622,6.9,250,24.9,,2602,6.8,226,24.9,,2112,6.8,201,25.0,,1284,6.8,153,25.6,,XeI 631.806 (I=500),,,,,,,,,,,,,,,,,,,,,
XeII,634.396,300,,25,8,5p4(3P2)6p 2[2]° 3/2,5p4(3P2)5d 2[2] 3/2,7553,10.4,450,22.7,,7522,10.2,359,22.7,,3866,9.4,307,22.8,,3867,9.5,307,22.6,,7661,9.4,406,22.9,,3843,9.2,305,22.8,,3905,9.6,310,22.7,,3914,9.6,267,22.3,,3123,9.6,298,22.4,,1957,9.7,233,22.6,,,13.86,0.1339,14.04,0.0845,13.864,5.816e-15,3.650e-12,9.29,1 2 4 5 6 7 8 10 12 13 22 23,6.37e+06,8:1.4e+06 4:1.3e+06 5:1.0e+06,9.39e-07,18,2/18,5.40e+07,5.8e+13,,,,,
XeII,635.32,50Hl,,55,35,5p4(3P2)7s 2[2] 5/2,5p4(3P2)6p 2[1]° 3/2,440,0.6,23,25.5,,440,0.6,25,25.6,,240,0.6,16,25.7,,216,0.6,17,28.3,,464,0.6,25,25.6,,232,0.6,18,25.2,,245,0.6,19,23.1,,226,0.5,18,20.9,,179,0.6,14,28.4,,118,0.6,14,24.7,,,,,,,,,,,,,,,,,,,,,,,
XeII,635.635,500,,81,45,5p4(3P2)4f 2[4]° 7/2,5p4(1D2)5d 2[2] 5/2,1074,1.7,64,26.0,,1040,1.6,66,26.0,,554,1.5,48,26.0,,572,1.5,45,24.9,,1113,1.5,59,26.4,,543,1.5,43,26.5,,523,1.4,45,26.6,,539,1.4,47,25.3,,435,1.5,41,26.2,,273,1.4,33,24.7,,,,,,,,,,,,,,,,,,,,,,,
XeII,637.528,100,,40,16,5p4(3P0)6p 2[1]° 3/2,5p4(3P2)5d 2[0] 1/2,1034,1.4,82,21.9,,992,1.4,95,22.5,,511,1.3,49,23.3,,541,1.4,52,22.1,,1017,1.3,61,23.2,,517,1.3,49,22.8,,513,1.3,49,23.6,,500,1.3,48,23.7,,394,1.2,47,22.6,,282,1.4,34,21.2,,WI 637.540 (I=10),15.08,0.0654,15.22,0.0625,15.089,9.965e-16,1.165e-12,10.19,1 2 4 5 6 7 8 10 12 13 22 23 33 34,8.43e+06,23:3.8e+06 13:2.7e+06 22:6.1e+05,2.53e-07,22,0/22,,,,,,,
XeII,639.799,60,,35,11,5p4(3P2)6p 2[1]° 3/2,5p4(3P0)6s 2[0] 1/2,957,1.4,65,22.6,,895,1.3,61,22.4,,460,1.2,44,23.0,,493,1.3,39,22.2,,966,1.2,58,23.1,,497,1.3,39,21.6,,485,1.3,39,22.3,,472,1.2,45,22.5,,359,1.1,43,23.0,,266,1.4,25,22.0,,,14.479,0.2415,28.57,0.1632,14.49,6.324e-15,6.518e-12,10.01,1 2 4 5 6 7 8 10 12 13 22 23 33 34,3.99e+06,23:1.4e+06 5:6.4e+05 33:5.8e+05,5.75e-07,21,1/21,8.20e+07,1.4e+14,,,,,
XeII,641.858,20,,50,30,5p4(1S0)6s 2[0] 1/2,5p4(3P2)6p 2[1]° 1/2,134,0.3,9,62.5,,161,0.2,10,43.0,,75,0.2,6,46.3,,106,0.3,10,31.6,,196,0.2,12,34.2,,94,0.3,7,47.7,,115,0.3,9,25.3,,90,0.3,9,51.6,,88,0.3,8,33.0,,48,0.2,5,38.4,,XeI 641.841 (I=30); WI 641.822 (I=2); WI 641.869 (I=3),16.025,0.0215,16.04,0.0212,16.027,1.685e-16,3.314e-13,10.94,1 2,0.00e+00,,1.20e-08,11,0/11,,,,,,,
XeII,642.147,1^,,48,26,5p4(1D2)5d 2[2] 3/2,5p4(3P2)6p 2[2]° 5/2,3360,0.1,229,2907.0,,46,0.1,3,71.6,,19,0.1,2,95.4,,20,0.1,2,81.8,,3907770,0.1,232970,7431.1,,136,0.1,12,6.8,,153,0.1,15,5.7,,32,0.1,3,25.5,,27,0.1,3,16.1,,11,0.1,1,74.3,,XeI 642.133 (I=-),15.811,0.0847,16.33,0.066,15.823,8.344e-16,1.587e-12,10.89,1 2,0.00e+00,,2.92e-08,14,0/14,,,,,,,
XeII,642.673,2H^,,91,51,5p4(3P1)6d 2[1] 1/2,5p4(1D2)6p 2[1]° 3/2,81,0.0,6,5.6,,27,0.0,2,19.5,,33,0.1,3,16.1,,13,0.1,1,63.0,,32,0.0,2,1.9,,134,0.0,11,6.0,,198,0.1,19,5.8,,22,0.1,2,3.2,,95,0.1,9,5.8,,14,0.1,2,52.2,,,,,,,,,,,,,,,,,,,,,,,
XeII,644.018,2H^,,92,52,5p4(3P1)6d 2[3] 7/2,5p4(1D2)6p 2[3]° 7/2,173,0.0,12,5.8,,110,0.0,7,6.3,,19,0.1,2,49.7,,112,0.1,11,5.7,,37,0.0,2,366.9,,84,0.0,8,6.1,,76,0.0,7,6.2,,54,0.1,5,10.3,,33,0.1,3,21.4,,10,0.1,1,47.8,,,,,,,,,,,,,,,,,,,,,,,
XeII,644.23,1H^,,90,49,5p4(3P0)6d 2[2] 5/2,5p4(1D2)6p 2[3]° 5/2,41,0.1,3,4.7,,27,0.0,2,56.0,,12,0.1,1,162083.4,,14,0.0,1,26.7,,91,0.0,5,6.2,,18,0.1,2,35.7,,28,0.0,3,13.5,,24,0.1,3,10.6,,100,0.1,9,6.0,,11,0.1,1,99.5,,,,,,,,,,,,,,,,,,,,,,,
XeII,646.148,10H^,,67,42,5p4(3P2)6d 2[0] 1/2,5p4(3P1)6p 2[2]° 3/2,34,0.0,2,20.5,,134,0.0,9,5.6,,29,0.1,3,2.8,,117,0.1,9,5.6,,173,0.1,9,6.8,,108,0.0,10,6.1,,118,0.1,10,5.9,,29,0.1,3,62.6,,125,0.1,12,5.9,,33,0.2,4,23.2,,"XeI 646.150 (I=3, A=1.2e+05); WI 646.178 (I=5*); WI 646.178 (I=5*)",,,,,,,,,,,,,,,,,,,,,
XeII,647.969,2H,,74,43,5p4(3P2)4f 2[2]° 3/2,5p4(1D2)5d 2[1] 3/2,215,0.0,15,5.6,,40,0.0,3,17.0,,135,0.1,11,5.9,,33,0.1,2,9.5,,24,0.0,1,44.5,,25,0.1,2,29.6,,114,0.1,8,6.2,,66,0.0,5,5.8,,48,0.1,4,3.3,,39,0.1,5,1.2,,WI 647.951 (I=10),,,,,,,,,,,,,,,,,,,,,
XeII,648.397,0,,,85,Ek=156302.13,5p4(3P0)7s 2[0] 1/2,-14,0.0,-1,67.0,,22,0.0,2,1.7,,71,0.0,7,5.9,,32,0.0,3,4.2,,83,0.0,5,1.0,,13,0.0,1,43.1,,40,0.0,3,6.0,,36,0.0,3,5.9,,22,0.1,2,1.9,,96,0.1,11,6.0,,"XeI 648.363 (I=-); WI 648.409 (I=25, A=3.8e+04)",,,,,,,,,,,,,,,,,,,,,
XeII,650.247,0,,63,39,5p4(3P2)6d 2[1] 1/2,5p4(3P1)6p 2[0]° 1/2,166,0.2,9,154.1,,198,0.3,10,71.2,,93,0.2,6,212.4,,87,0.3,6,156.8,,193,0.2,9,70.3,,81,0.2,6,148.8,,92,0.2,5,,,76,0.2,5,208.0,,87,0.3,8,65.4,,56,0.3,5,58.5,,,,,,,,,,,,,,,,,,,,,,,
XeII,651.006,0,,98,54,5p4(3P2)8s 2[2] 3/2,5p4(1D2)6p 2[2]° 5/2,49,0.1,2,42.0,,154,0.0,9,5.9,,21,0.1,1,113.1,,28,0.1,2,36.5,,228,0.0,10,2974.5,,38,0.1,3,12.0,,88849,0.1,6054,2153.7,,23,0.1,2,71.8,,33,0.1,3,23.2,,17,0.1,2,18.3,,,,,,,,,,,,,,,,,,,,,,,
XeII,651.228,0,,75,44,5p4(3P2)6d 2[1] 3/2,5p4(3P1)6p 2[1]° 3/2,2321,2.5,117,22.9,,2248,2.3,143,22.3,,1160,2.2,79,22.6,,1172,2.3,93,22.7,,2288,2.2,109,22.5,,1150,2.1,91,22.0,,1128,2.3,77,23.7,,1173,2.4,80,22.6,,902,2.3,86,22.9,,563,2.2,54,23.2,,,,,,,,,,,,,,,,,,,,,,,
XeII,651.283,300h,,42,20,5p4(3P1)6p 2[2]° 3/2,5p4(3P1)5d 2[1] 3/2,2321,2.5,117,22.9,,2248,2.3,143,22.3,,1160,2.2,79,22.6,,1172,2.3,93,22.7,,2288,2.2,109,22.5,,1150,2.1,91,22.0,,1128,2.3,77,23.7,,1173,2.4,80,22.6,,902,2.3,86,22.9,,563,2.2,54,23.2,,,15.282,0.2008,15.31,0.0876,15.293,1.654e-15,2.302e-12,10.44,1 2 4 5 6 7 8 10 12 13 22 23 33 34,1.33e+07,22:5.8e+06 23:2.6e+06 13:2.6e+06,8.08e-07,22,1/22,2.20e+07,2.7e+13,,,,,
XeII,651.548,1H*,,100,56,5p4(3P1)6d 2[1] 3/2,5p4(1D2)6p 2[1]° 1/2,26,0.0,2,27.3,,46,0.1,3,10.8,,31,0.1,2,11.3,,10,0.0,1,87.7,,46,0.0,2,17.2,,29,0.1,2,23.3,,16,0.0,1,12.3,,153,0.1,12,6.1,,37,0.0,3,6.0,,14,0.1,1,63.6,,XeII 651.548 (I=1H*); WI 651.544 (I=3),,,,,,,,,,,,,,,,,,,,,
XeII,651.548,1H*,,76,45,5p4(3P2)7p 2[3]° 5/2,5p4(1D2)5d 2[2] 5/2,26,0.0,2,27.3,,46,0.1,3,10.8,,31,0.1,2,11.3,,10,0.0,1,87.7,,46,0.0,2,17.2,,29,0.1,2,23.3,,16,0.0,1,12.3,,153,0.1,12,6.1,,37,0.0,3,6.0,,14,0.1,1,63.6,,XeII 651.548 (I=1H*); WI 651.544 (I=3),,,,,,,,,,,,,,,,,,,,,
XeII,652.865,200h,,52,32,5p4(1D2)6p 2[3]° 7/2,5p4(3P1)5d 2[3] 5/2,1433,1.8,98,24.0,,1481,1.8,78,23.5,,769,1.6,56,23.5,,804,1.7,64,22.2,,1518,1.6,72,23.4,,756,1.6,52,24.1,,730,1.5,58,24.8,,778,1.6,53,23.6,,631,1.6,50,23.3,,371,1.6,35,24.7,,,16.126,0.0844,16.29,0.0766,16.136,7.219e-16,1.639e-12,11.15,1 2 4 5 6 7 8 10 12 13 22 23 33 34,3.87e+07,33:1.9e+07 23:1.3e+07 34:6.5e+06,8.18e-07,16,1/16,6.30e+07,7.7e+13,,,,,
XeII,654.558,4w,,89,49,5p4(3P0)6d 2[2] 3/2,5p4(1D2)6p 2[3]° 5/2,507,0.6,27,32.0,,479,0.6,23,31.0,,247,0.5,20,33.9,,256,0.5,20,31.6,,492,0.5,21,31.0,,259,0.5,25,29.3,,272,0.5,22,25.3,,239,0.5,16,27.8,,193,0.5,18,32.9,,114,0.5,11,35.1,,XeIII 654.558 (I=4w),,,,,,,,,,,,,,,,,,,,,
XeII,655.67,4,,42,21,5p4(3P1)6p 2[2]° 3/2,5p4(3P0)5d 2[2] 5/2,163,0.2,9,30.1,,159,0.2,9,31.5,,100,0.2,8,22.9,,69,0.2,5,43.9,,161,0.2,8,34.7,,83,0.2,6,29.0,,86,0.2,6,25.8,,88,0.2,6,30.3,,61,0.2,6,40.5,,40,0.2,4,41.5,,XeIII 655.635 (I=3a),15.282,0.2008,15.31,0.0876,15.293,1.654e-15,2.302e-12,10.44,1 2 4 5 6 7 8 10 12 13 22 23 33 34,1.33e+07,22:5.8e+06 23:2.6e+06 13:2.6e+06,8.08e-07,22,1/22,2.20e+07,2.7e+13,,,,,
XeII,656.319,15,,39,16,5p4(3P1)6p 2[0]° 1/2,5p4(3P2)5d 2[0] 1/2,130,0.2,7,35.1,,141,0.2,7,29.4,,61,0.1,6,20.4,,80,0.2,7,28.1,,125,0.2,6,36.7,,70,0.2,5,36.1,,88,0.2,6,37.7,,80,0.2,6,19.6,,75,0.2,6,15.9,,44,0.2,5,33.2,,"WI 656.289 (I=8w); WI 656.320 (I=25, A=2.0e+05)",15.024,0.0578,15.09,0.0477,15.034,1.053e-15,1.186e-12,10.14,1 2 4 5 6 7 8 10 12 13 22 23 33 34,1.07e+07,13:7.0e+06 33:9.3e+05 22:9.2e+05,6.55e-07,14,1/14,7.40e+07,1.1e+14,,,,,
XeII,656.913,5,,47,25,5p4(1D2)5d 2[1] 1/2,5p4(3P2)6p 2[2]° 3/2,27,0.1,1,53.1,,34,0.1,2,65.4,,37,0.1,3,23.6,,26,0.1,2,35.6,,51,0.1,2,46.0,,28,0.1,2,25.6,,39,0.1,3,27.5,,43,0.1,3,9.1,,35,0.1,3,12.1,,92,0.1,11,5.9,,,15.747,0.1983,25.85,0.089,15.755,1.703e-15,3.798e-12,11.12,1 2,0.00e+00,,2.90e-08,11,0/11,,,,,,,
XeII,657.368,30,,41,20,5p4(3P1)6p 2[2]° 5/2,5p4(3P1)5d 2[1] 3/2,196,0.2,12,24.6,,227,0.2,14,22.0,,119,0.2,11,24.3,,122,0.2,12,21.9,,217,0.2,11,24.8,,109,0.2,10,29.7,,107,0.2,8,22.9,,117,0.2,9,18.6,,89,0.2,7,19.7,,64,0.2,8,26.7,,"WI 657.393 (I=30, A=9.9e+05)",15.264,0.0478,15.31,0.0437,15.266,6.602e-16,9.071e-13,10.42,1 2 4 5 6 7 8 10 12 13 22 23 33 34,3.03e+07,13:1.7e+07 22:1.0e+07 23:1.6e+06,5.19e-07,21,1/21,6.10e+06,1.2e+13,,,,,
XeII,659.501,800,,52,33,5p4(1D2)6p 2[3]° 7/2,5p4(1D2)5d 2[4] 9/2,9349,11.3,469,21.1,,9049,10.8,508,21.4,,4742,9.9,302,21.4,,4747,9.8,323,21.5,,9520,9.9,478,21.4,,4739,9.9,348,21.5,,4614,9.7,314,21.3,,4517,9.2,308,21.6,,3651,9.3,290,21.6,,2330,9.6,247,21.5,,"BaI 659.533 (I=740, A=3.8e+07)",16.126,0.0844,16.29,0.0766,16.136,7.219e-16,1.639e-12,11.15,1 2 4 5 6 7 8 10 12 13 22 23 33 34,3.87e+07,33:1.9e+07 23:1.3e+07 34:6.5e+06,8.18e-07,16,1/16,6.30e+07,7.7e+13,,,,,
XeII,659.725,300,,40,17,5p4(3P0)6p 2[1]° 3/2,5p4(3P2)5d 2[3] 5/2,3663,4.1,194,22.3,,3675,4.1,195,21.8,,1886,3.5,112,21.7,,1822,3.3,124,22.3,,3749,3.4,199,22.1,,1885,3.5,128,22.2,,1764,3.3,120,22.4,,1701,3.1,116,22.2,,1386,3.1,110,22.3,,862,3.1,103,23.0,,,15.08,0.0654,15.22,0.0625,15.089,9.965e-16,1.165e-12,10.19,1 2 4 5 6 7 8 10 12 13 22 23 33 34,8.43e+06,23:3.8e+06 13:2.7e+06 22:6.1e+05,2.53e-07,22,0/22,,,,,,,
XeII,659.884,80,,52,34,5p4(1D2)6p 2[3]° 7/2,5p4(1D2)5d 2[4] 7/2,661,0.7,35,23.7,,661,0.7,33,22.0,,311,0.6,19,24.1,,315,0.6,21,24.6,,631,0.6,33,23.5,,345,0.6,24,22.1,,334,0.6,23,22.6,,294,0.6,20,23.1,,255,0.6,20,22.4,,165,0.6,17,20.7,,,16.126,0.0844,16.29,0.0766,16.136,7.219e-16,1.639e-12,11.15,1 2 4 5 6 7 8 10 12 13 22 23 33 34,3.87e+07,33:1.9e+07 23:1.3e+07 34:6.5e+06,8.18e-07,16,1/16,6.30e+07,7.7e+13,,,,,
XeII,661.496,10H,,72,43,5p4(3P2)4f 2[3]° 5/2,5p4(1D2)5d 2[1] 3/2,56,0.1,3,21.0,,50,0.1,3,19.7,,215,0.1,17,6.1,,39,0.1,3,27.5,,32,0.0,2,20.7,,22,0.0,2,3.8,,32,0.1,2,3.0,,24,0.1,2,36.0,,150,0.1,14,6.0,,138,0.1,17,6.0,,,,,,,,,,,,,,,,,,,,,,,
XeII,661.84,50,,41,21,5p4(3P1)6p 2[2]° 5/2,5p4(3P0)5d 2[2] 5/2,132,0.1,7,29.1,,164,0.2,9,25.3,,78,0.2,6,36.1,,82,0.2,6,26.2,,190,0.2,10,21.6,,89,0.2,7,23.9,,89,0.2,7,21.3,,91,0.2,7,24.2,,79,0.2,7,16.9,,35,0.1,4,15.7,,,15.264,0.0478,15.31,0.0437,15.266,6.602e-16,9.071e-13,10.42,1 2 4 5 6 7 8 10 12 13 22 23 33 34,3.03e+07,13:1.7e+07 22:1.0e+07 23:1.6e+06,5.19e-07,21,1/21,6.10e+06,1.2e+13,,,,,
XeII,661.933,3,,96,54,5p4(3P2)8s 2[2] 5/2,5p4(1D2)6p 2[2]° 5/2,132,0.1,7,29.1,,164,0.2,9,25.3,,78,0.2,6,36.1,,82,0.2,6,26.2,,190,0.2,10,21.6,,89,0.2,7,23.9,,89,0.2,7,21.3,,91,0.2,7,24.2,,79,0.2,7,16.9,,35,0.1,4,15.7,,XeIII 661.933 (I=15),,,,,,,,,,,,,,,,,,,,,
XeII,662.002,200h,,37,15,5p4(3P0)6p 2[1]° 1/2,5p4(3P2)5d 2[1] 3/2,1043,1.2,62,21.3,,1033,1.2,55,21.2,,527,1.1,42,21.3,,512,1.0,41,23.0,,1068,1.0,64,21.6,,523,1.0,42,21.8,,553,1.1,44,22.3,,533,1.0,42,21.4,,435,1.0,42,22.0,,283,1.0,34,21.0,,,14.93,0.0871,15.29,0.0834,14.939,1.749e-15,1.900e-12,10.09,1 2 4 5 6 7 8 10 12 13 22 23 33 34,4.38e+06,33:1.2e+06 34:1.0e+06 23:9.1e+05,4.00e-07,14,0/14,,,,,,,
XeII,663.413,6Hl,,75,46,5p4(3P2)6d 2[1] 3/2,5p4(3P1)6p 2[1]° 1/2,49,0.1,3,82.0,,47,0.1,3,85.9,,39,0.1,3,44.7,,55,0.1,5,42.2,,66,0.1,4,53.6,,1173590,0.1,93288,7825.3,,25,0.1,2,56.6,,52,0.1,5,28.2,,40,0.1,3,,,92,0.1,11,5.7,,,,,,,,,,,,,,,,,,,,,,,
XeII,663.885,2h,,71,43,5p4(3P2)7p 2[2]° 5/2,5p4(1D2)5d 2[1] 3/2,18,0.0,1,15.5,,194,0.0,13,5.1,,17,0.0,1,71.6,,13,0.0,1,25.6,,48,0.0,3,20.0,,-52,0.0,-4,5.7,,25,0.0,2,2.3,,88,0.0,11,5.8,,25,0.1,2,3.5,,13,0.1,2,53.8,,WI 663.897 (I=4),,,,,,,,,,,,,,,,,,,,,
XeII,664.29,1h,,99,55,5p4(3P0)4f 2[3]° 7/2,5p4(3P2)7s 2[2] 5/2,45,0.1,3,32.2,,42,0.0,3,12.0,,29,0.1,2,35.3,,902,0.1,86,8635.0,,28,0.1,2,87.7,,34,0.1,3,,,29,0.1,2,36.2,,32,0.0,3,11.5,,29,0.0,3,6.7,,22,0.1,3,14.4,,,,,,,,,,,,,,,,,,,,,,,
XeII,666.31,2,,95,53,5p4(3P1)6d 2[3] 5/2,5p4(1D2)6p 2[2]° 3/2,157,0.1,9,6.2,,22,0.0,1,18.5,,26,0.1,2,27.6,,16,0.0,1,34.8,,48,0.0,3,24.7,,11,0.0,1,0.7,,13,0.0,1,43.1,,83,0.0,6,5.3,,12,0.1,1,80.7,,19,0.1,2,21.8,,WI 666.318 (I=1),,,,,,,,,,,,,,,,,,,,,
XeII,666.559,2,,97,55,5p4(3P0)4f 2[3]° 5/2,5p4(3P2)7s 2[2] 5/2,24,0.0,2,59.0,,45,0.0,2,38.9,,26,0.1,2,24.5,,17,0.0,1,70.8,,40,0.0,2,31.7,,31,0.1,3,34.5,,201,0.1,14,10657.3,,17,0.1,1,338.3,,21,0.1,2,41.2,,24,0.1,3,14.7,,XeI 666.567 (I=-); XeIII 666.555 (I=2),,,,,,,,,,,,,,,,,,,,,
XeII,669.122,1,,64,40,5p4(1S0)5d 2[2] 5/2,5p4(3P0)6p 2[1]° 3/2,65,0.0,4,5.9,,12,0.0,1,2.6,,27,0.0,2,9.6,,18,0.0,1,0.8,,56,0.0,3,6.0,,22,0.0,2,0.4,,89,0.0,7,5.7,,17,0.0,1,29.3,,12,0.0,1,63.7,,12,0.0,1,2.4,,,16.932,0.0453,17.06,0.0434,16.939,1.883e-16,6.526e-13,11.76,1 2,0.00e+00,,7.95e-09,15,0/15,,,,,,,
XeII,669.432,400h,,25,9,5p4(3P2)6p 2[2]° 3/2,5p4(3P2)5d 2[1] 1/2,4339,4.4,296,20.5,,4341,4.4,296,20.4,,2237,3.9,213,20.6,,2253,3.8,154,20.4,,4578,3.9,273,20.3,,2282,3.9,155,20.3,,2239,3.8,178,20.1,,2240,3.9,164,20.6,,1851,4.1,147,20.1,,1148,4.0,137,20.5,,,13.86,0.1339,14.04,0.0845,13.864,5.816e-15,3.650e-12,9.29,1 2 4 5 6 7 8 10 12 13 22 23,6.37e+06,8:1.4e+06 4:1.3e+06 5:1.0e+06,9.39e-07,18,2/18,5.40e+07,5.8e+13,,,,,
XeII,670.225,80,,51,32,5p4(1D2)6p 2[1]° 3/2,5p4(3P1)5d 2[3] 5/2,426,0.5,25,24.8,,422,0.5,22,24.3,,236,0.5,19,19.9,,235,0.5,16,22.2,,485,0.5,26,20.5,,230,0.5,16,20.8,,229,0.5,18,25.0,,220,0.4,15,24.0,,177,0.4,14,21.8,,111,0.4,13,24.2,,,16.077,0.1677,29.93,0.0721,16.082,7.579e-16,1.815e-12,11.23,1 2 4 5 6 7 8 10 12 13 22 23 33 34,8.14e+06,23:5.5e+06 33:1.2e+06 34:7.2e+05,4.19e-07,27,0/27,,,,,,,
XeII,674.427,0,,98,56,5p4(3P2)8s 2[2] 3/2,5p4(1D2)6p 2[1]° 1/2,46,0.1,3,28.9,,55,0.1,3,3.7,,128,0.0,10,6.0,,30,0.1,2,,,52,0.0,3,,,45,0.1,3,4.0,,189,0.0,13,5.6,,19,0.1,2,70.8,,71,0.1,7,6.3,,25,0.1,3,25.3,,WI 674.436 (I=1),,,,,,,,,,,,,,,,,,,,,
XeII,675.683,0,,,72,Ek=153978.37,5p4(3P2)4f 2[3]° 5/2,41,0.0,2,17.3,,33,0.0,2,3.9,,38,0.0,3,11.5,,104,0.0,8,5.7,,32,0.0,2,11.6,,36,0.1,2,661.5,,32,0.1,3,153.8,,173,0.1,14,5.7,,42,0.1,3,20.4,,20,0.1,2,59.6,,WI 675.678 (I=1),,,,,,,,,,,,,,,,,,,,,
XeII,678.871,100h,,44,23,5p4(3P1)6p 2[1]° 3/2,5p4(1D2)6s 2[2] 5/2,958,1.0,57,22.6,,913,0.9,62,24.2,,464,0.8,37,23.8,,471,0.8,32,23.1,,936,0.8,50,23.0,,466,0.8,32,23.2,,493,0.9,36,23.6,,492,0.9,29,23.0,,376,0.8,30,25.2,,256,0.9,24,22.6,,,15.41,0.0521,15.44,0.0488,15.415,7.621e-16,1.138e-12,10.54,1 2 4 5 6 7 8 10 12 13 22 23 33 34,6.59e+06,13:2.4e+06 33:1.5e+06 23:1.2e+06,2.12e-07,23,0/23,,,,,,,
XeII,679.037,80h,,40,18,5p4(3P0)6p 2[1]° 3/2,5p4(3P1)6s 2[1] 1/2,800,0.8,45,20.5,,762,0.7,45,20.5,,428,0.8,34,19.4,,428,0.7,29,18.0,,801,0.7,42,19.7,,407,0.7,28,19.4,,412,0.7,33,21.4,,405,0.7,24,19.5,,340,0.7,23,20.0,,219,0.8,19,18.6,,,15.08,0.0654,15.22,0.0625,15.089,9.965e-16,1.165e-12,10.19,1 2 4 5 6 7 8 10 12 13 22 23 33 34,8.43e+06,23:3.8e+06 13:2.7e+06 22:6.1e+05,2.53e-07,22,0/22,,,,,,,
XeII,680.574,1000,6100000.0,41,22,5p4(3P1)6p 2[2]° 5/2,5p4(3P1)5d 2[3] 7/2,9966,9.0,679,20.1,,9741,8.6,516,20.0,,5075,8.2,484,19.9,,5084,8.3,323,20.0,,10138,8.2,484,20.0,,5036,8.3,343,19.9,,4757,7.9,349,19.9,,4822,8.3,307,20.0,,3928,8.3,375,19.8,,2503,8.4,239,19.6,,,15.264,0.0478,15.31,0.0437,15.266,6.602e-16,9.071e-13,10.42,1 2 4 5 6 7 8 10 12 13 22 23 33 34,3.03e+07,13:1.7e+07 22:1.0e+07 23:1.6e+06,5.19e-07,21,1/21,6.10e+06,1.2e+13,,,,,
XeII,691.022,100,,37,16,5p4(3P0)6p 2[1]° 1/2,5p4(3P2)5d 2[0] 1/2,1148,1.1,68,25.5,,1153,1.1,61,24.7,,542,0.9,37,26.2,,567,0.9,36,27.1,,1124,0.9,54,25.7,,582,0.9,46,25.5,,567,0.9,39,23.9,,557,0.9,35,24.0,,410,0.8,36,26.4,,274,0.8,33,24.8,,,14.93,0.0871,15.29,0.0834,14.939,1.749e-15,1.900e-12,10.09,1 2 4 5 6 7 8 10 12 13 22 23 33 34,4.38e+06,33:1.2e+06 34:1.0e+06 23:9.1e+05,4.00e-07,14,0/14,,,,,,,
XeII,699.088,2000,27000000.0,31,10,5p4(3P2)6p 2[3]° 7/2,5p4(3P2)5d 2[4] 9/2,40674,35.3,1940,19.4,,39048,33.3,1774,19.6,,20486,30.8,1221,19.3,,20312,30.3,1140,19.5,,40190,30.2,1917,19.4,,20194,30.4,1204,19.3,,21474,32.2,1463,19.3,,21561,31.7,1469,19.2,,17231,31.7,1370,19.2,,10884,32.0,1038,19.0,,,14.098,0.4009,14.19,0.2358,14.109,1.625e-14,1.312e-11,9.66,1 2 4 5 6 7 8 10 12 13 22 23,1.73e+06,10:6.5e+05 23:4.9e+05 22:1.8e+05,3.81e-07,10,3/10,1.47e+08,3.9e+14,,,,,
XeII,700.396,50,,39,18,5p4(3P1)6p 2[0]° 1/2,5p4(3P1)6s 2[1] 1/2,320,0.3,15,20.5,,325,0.3,16,19.5,,190,0.3,11,17.9,,147,0.2,10,24.1,,337,0.3,20,18.5,,137,0.2,11,24.3,,162,0.3,11,21.3,,163,0.2,11,19.4,,138,0.3,11,22.5,,73,0.2,6,32.7,,,15.024,0.0578,15.09,0.0477,15.034,1.053e-15,1.186e-12,10.14,1 2 4 5 6 7 8 10 12 13 22 23 33 34,1.07e+07,13:7.0e+06 33:9.3e+05 22:9.2e+05,6.55e-07,14,1/14,7.40e+07,1.1e+14,,,,,
XeII,701.706,80,,40,19,5p4(3P0)6p 2[1]° 3/2,5p4(3P0)5d 2[2] 3/2,378,0.3,18,19.0,,357,0.3,17,20.1,,216,0.3,13,16.2,,187,0.2,16,17.6,,356,0.2,21,19.9,,183,0.3,13,17.1,,190,0.3,15,20.0,,179,0.2,12,16.9,,153,0.3,12,18.5,,92,0.3,7,22.4,,,15.08,0.0654,15.22,0.0625,15.089,9.965e-16,1.165e-12,10.19,1 2 4 5 6 7 8 10 12 13 22 23 33 34,8.43e+06,23:3.8e+06 13:2.7e+06 22:6.1e+05,2.53e-07,22,0/22,,,,,,,
XeII,705.257,3Hw,,107,59,5p4(3P1)4f 2[3]° 7/2,5p4(3P2)6d 2[3] 7/2,39,0.0,2,43.9,,44,0.0,2,89.7,,31,0.1,2,76.0,,36,0.1,2,,,71,0.1,3,58.6,,39,0.1,3,34.1,,136,0.1,8,5.7,,236,0.1,16,5.7,,8515967,0.1,580226,6906.7,,31,0.1,3,44.4,,,,,,,,,,,,,,,,,,,,,,,
XeII,707.243,4Hw,,107,60,5p4(3P1)4f 2[3]° 7/2,5p4(3P2)6d 2[2] 5/2,52,0.1,3,51.4,,52,0.0,3,33.7,,33,0.1,2,60.0,,65,0.1,4,16.4,,49,0.1,2,114.0,,31,0.1,2,95.8,,237,0.1,16,5.9,,50,0.1,3,,,42,0.1,4,63.7,,16,0.1,2,128.6,,XeI 707.244 (I=30),,,,,,,,,,,,,,,,,,,,,
XeII,707.5,2Hs,,105,58,5p4(1S0)6p 2[1]° 3/2,5p4(1D2)5d 2[0] 1/2,231,0.0,15,5.4,,41,0.0,2,24.2,,30,0.1,2,31.6,,29,0.1,2,32.1,,34,0.1,2,58.6,,35,0.0,2,15.1,,42,0.1,3,,,34,0.1,2,39.9,,69,0.1,6,9.1,,11,0.1,1,88.8,,WI 707.501 (I=2w),18.497,0.0168,18.56,0.0167,18.504,1.748e-17,1.329e-13,12.89,1 2 4 5 6 7 8 10 12 13 22 23 33 34,4.99e+06,34:2.0e+06 33:1.5e+06 23:9.2e+05,6.89e-08,50,0/50,,,,,,,
XeII,708.215,200,,49,32,5p4(1D2)6p 2[3]° 5/2,5p4(3P1)5d 2[3] 5/2,789,0.6,47,22.5,,750,0.6,45,22.3,,404,0.6,28,22.2,,376,0.6,26,23.2,,801,0.6,38,20.6,,377,0.5,26,21.2,,368,0.5,29,23.8,,405,0.6,30,20.0,,300,0.6,24,21.4,,190,0.6,18,23.0,,WI 708.203 (I=8w*); WI 708.203 (I=8w*),15.977,0.0664,16.11,0.0322,15.987,3.953e-16,7.704e-13,10.93,1 2 4 5 6 7 8 10 12 13 22 23 33 34,2.03e+07,34:1.3e+07 23:4.7e+06 33:2.1e+06,2.57e-07,24,1/24,1.80e+07,7.0e+13,,,,,
XeII,709.47,1Hw,,109,61,5p4(3P1)4f 2[3]° 5/2,5p4(3P2)6d 2[2] 3/2,68,0.1,4,75.4,,46,0.0,3,245.7,,27,0.1,2,50.1,,35,0.1,3,49.5,,92,0.1,5,,,39,0.1,3,59.6,,34,0.1,3,64.0,,32,0.1,2,77.0,,138163,0.1,10983,7362.5,,25,0.1,2,28.6,,,,,,,,,,,,,,,,,,,,,,,
XeII,710.08,5h^,,61,40,5p4(3P2)6d 2[2] 3/2,5p4(3P0)6p 2[1]° 3/2,,,,,,155,0.2,7,197.1,,96,0.2,8,471.3,,313,0.2,25,653.8,,137,0.1,7,284.7,,96,0.1,7,427.4,,102,0.1,7,122.1,,96,0.1,6,,,71,0.2,6,263.1,,56,0.2,5,,,,,,,,,,,,,,,,,,,,,,,,
XeII,713.327,10,,48,29,5p4(1D2)5d 2[2] 3/2,5p4(3P2)6p 2[3]° 5/2,,,,,,32,0.0,2,0.4,,-72,0.0,-4,4.2,,23,0.1,1,32.2,,44,0.0,2,10.6,,59,0.1,4,21.1,,170,0.0,10,5.4,,35,0.0,2,22.9,,24,0.0,2,11.8,,34,0.1,3,3.5,,,15.811,0.0847,16.33,0.066,15.823,8.344e-16,1.587e-12,10.89,1 2,0.00e+00,,2.92e-08,14,0/14,,,,,,,
XeII,714.75,100H,,,62,Ek=150096.85,5p4(3P2)6d 2[4] 9/2,,,,,,568,0.4,27,26.1,,349,0.5,21,25.5,,318,0.5,22,26.1,,662,0.5,32,22.7,,293,0.4,17,27.4,,327,0.5,19,24.2,,278,0.4,22,26.6,,269,0.5,18,22.9,,133,0.4,13,26.4,,,,,,,,,,,,,,,,,,,,,,,
XeII,714.903,300h,,35,13,5p4(3P2)6p 2[1]° 3/2,5p4(3P1)6s 2[1] 3/2,,,,,,1991,1.5,95,20.2,,1051,1.4,72,19.8,,1034,1.3,70,20.6,,2088,1.4,91,20.0,,1072,1.4,60,19.6,,1033,1.3,62,20.1,,1044,1.3,77,20.1,,813,1.2,55,20.3,,492,1.2,47,20.8,,,14.479,0.2415,28.57,0.1632,14.49,6.324e-15,6.518e-12,10.01,1 2 4 5 6 7 8 10 12 13 22 23 33 34,3.99e+06,23:1.4e+06 5:6.4e+05 33:5.8e+05,5.75e-07,21,1/21,8.20e+07,1.4e+14,,,,,
XeII,716.483,800h,,49,34,5p4(1D2)6p 2[3]° 5/2,5p4(1D2)5d 2[4] 7/2,,,,,,4101,3.0,178,20.4,,2167,2.8,148,20.3,,2191,2.9,149,20.1,,4365,2.9,173,20.1,,2199,2.9,150,20.0,,2221,3.0,151,20.4,,2211,3.0,151,20.3,,1762,3.0,120,20.5,,1121,3.0,107,20.1,,,15.977,0.0664,16.11,0.0322,15.987,3.953e-16,7.704e-13,10.93,1 2 4 5 6 7 8 10 12 13 22 23 33 34,2.03e+07,34:1.3e+07 23:4.7e+06 33:2.1e+06,2.57e-07,24,1/24,1.80e+07,7.0e+13,,,,,
XeII,721.597,20h,,48,30,5p4(1D2)5d 2[2] 3/2,5p4(3P2)6p 2[1]° 1/2,,,,,,90,0.1,4,39.7,,58,0.1,3,27.8,,46,0.1,3,53.5,,120,0.1,6,25.6,,42,0.1,3,43.1,,42,0.1,3,44.7,,32,0.0,2,20.0,,64,0.1,5,14.4,,56,0.1,5,10.7,,,15.811,0.0847,16.33,0.066,15.823,8.344e-16,1.587e-12,10.89,1 2,0.00e+00,,2.92e-08,14,0/14,,,,,,,
XeII,724.538,2h,,39,19,5p4(3P1)6p 2[0]° 1/2,5p4(3P0)5d 2[2] 3/2,,,,,,472,0.3,26,25.5,,211,0.2,14,28.6,,233,0.2,16,24.7,,495,0.2,26,22.9,,241,0.2,14,24.5,,275,0.2,19,20.0,,200,0.2,14,27.8,,188,0.2,18,27.0,,140,0.2,13,21.1,,,15.024,0.0578,15.09,0.0477,15.034,1.053e-15,1.186e-12,10.14,1 2 4 5 6 7 8 10 12 13 22 23 33 34,1.07e+07,13:7.0e+06 33:9.3e+05 22:9.2e+05,6.55e-07,14,1/14,7.40e+07,1.1e+14,,,,,
XeII,725.86,2H*,,66,44,5p4(1S0)5d 2[2] 3/2,5p4(3P1)6p 2[1]° 3/2,,,,,,2220,0.2,132,21.2,,1112,0.2,66,21.8,,1139,0.2,68,20.6,,2277,0.2,109,20.8,,1163,0.1,79,20.2,,1179,0.1,80,20.0,,1135,0.2,68,21.0,,891,0.1,71,20.4,,572,0.1,45,20.4,,XeII 725.860 (I=2H*),17.118,0.0233,17.42,0.0163,17.129,7.052e-17,2.399e-13,11.73,1 2,0.00e+00,,1.09e-08,19,0/19,,,,,,,
XeII,725.86,2H*,,106,59,5p4(3P1)4f 2[4]° 7/2,5p4(3P2)6d 2[3] 7/2,,,,,,2220,0.2,132,21.2,,1112,0.2,66,21.8,,1139,0.2,68,20.6,,2277,0.2,109,20.8,,1163,0.1,79,20.2,,1179,0.1,80,20.0,,1135,0.2,68,21.0,,891,0.1,71,20.4,,572,0.1,45,20.4,,XeII 725.860 (I=2H*),,,,,,,,,,,,,,,,,,,,,
XeII,727.975,4Hws*,,106,60,5p4(3P1)4f 2[4]° 7/2,5p4(3P2)6d 2[2] 5/2,,,,,,171,0.1,7,18.9,,135,0.2,9,15.7,,152,0.2,7,17.7,,248,0.2,10,14.7,,141,0.2,8,14.9,,89,0.2,5,37.4,,96,0.1,6,22.1,,82,0.2,5,27.9,,41,0.1,3,28.1,,XeII 727.975 (I=4Hws*),,,,,,,,,,,,,,,,,,,,,
XeII,727.975,4Hws*,,93,54,5p4(3P1)6d 2[2] 3/2,5p4(1D2)6p 2[2]° 5/2,,,,,,171,0.1,7,18.9,,135,0.2,9,15.7,,152,0.2,7,17.7,,248,0.2,10,14.7,,141,0.2,8,14.9,,89,0.2,5,37.4,,96,0.1,6,22.1,,82,0.2,5,27.9,,41,0.1,3,28.1,,XeII 727.975 (I=4Hws*),,,,,,,,,,,,,,,,,,,,,
XeII,728.434,100,,40,20,5p4(3P0)6p 2[1]° 3/2,5p4(3P1)5d 2[1] 3/2,,,,,,6415,4.6,266,19.3,,3198,4.0,203,19.3,,3188,3.9,152,19.8,,6388,3.8,244,19.6,,3168,3.8,168,19.7,,3289,3.9,196,19.4,,3217,4.0,181,20.2,,2580,4.0,145,20.1,,1662,3.9,113,19.5,,,15.08,0.0654,15.22,0.0625,15.089,9.965e-16,1.165e-12,10.19,1 2 4 5 6 7 8 10 12 13 22 23 33 34,8.43e+06,23:3.8e+06 13:2.7e+06 22:6.1e+05,2.53e-07,22,0/22,,,,,,,
XeII,730.18,200,,42,23,5p4(3P1)6p 2[2]° 3/2,5p4(1D2)6s 2[2] 5/2,,,,,,1684,1.1,85,23.0,,858,1.0,51,23.9,,898,1.1,57,22.0,,1654,1.0,88,23.9,,857,1.1,63,23.1,,896,1.1,57,23.4,,882,1.1,60,23.4,,723,1.1,49,23.9,,442,1.0,35,24.1,,,15.282,0.2008,15.31,0.0876,15.293,1.654e-15,2.302e-12,10.44,1 2 4 5 6 7 8 10 12 13 22 23 33 34,1.33e+07,22:5.8e+06 23:2.6e+06 13:2.6e+06,8.08e-07,22,1/22,2.20e+07,2.7e+13,,,,,
XeII,733.93,300h,,40,21,5p4(3P0)6p 2[1]° 3/2,5p4(3P0)5d 2[2] 5/2,,,,,,2839,1.8,135,19.3,,1406,1.5,84,19.4,,1452,1.6,77,19.1,,2778,1.5,110,19.4,,1413,1.6,84,19.3,,1431,1.6,85,19.3,,1445,1.6,86,19.2,,1140,1.6,68,19.4,,752,1.6,60,19.4,,,15.08,0.0654,15.22,0.0625,15.089,9.965e-16,1.165e-12,10.19,1 2 4 5 6 7 8 10 12 13 22 23 33 34,8.43e+06,23:3.8e+06 13:2.7e+06 22:6.1e+05,2.53e-07,22,0/22,,,,,,,
XeII,734.337,30Hw,,,65,Ek=150211.76,5p4(3P2)6d 2[4] 7/2,,,,,,369,0.3,18,24.5,,179,0.2,11,25.1,,183,0.2,11,30.3,,373,0.2,16,23.8,,200,0.2,12,22.0,,195,0.3,10,26.3,,243,0.3,15,21.5,,155,0.2,9,27.5,,96,0.2,9,27.4,,,,,,,,,,,,,,,,,,,,,,,
XeII,737.838,30,,41,23,5p4(3P1)6p 2[2]° 5/2,5p4(1D2)6s 2[2] 5/2,,,,,,258,0.2,12,22.4,,134,0.2,9,29.5,,136,0.2,9,21.2,,224,0.1,11,24.9,,155,0.2,9,22.9,,104,0.1,6,27.2,,107,0.1,6,27.1,,106,0.1,6,22.9,,80,0.2,8,24.9,,,15.264,0.0478,15.31,0.0437,15.266,6.602e-16,9.071e-13,10.42,1 2 4 5 6 7 8 10 12 13 22 23 33 34,3.03e+07,13:1.7e+07 22:1.0e+07 23:1.6e+06,5.19e-07,21,1/21,6.10e+06,1.2e+13,,,,,
XeII,740.05,4h,,37,18,5p4(3P0)6p 2[1]° 1/2,5p4(3P1)6s 2[1] 1/2,,,,,,2462,1.6,98,20.5,,1272,1.5,76,19.8,,1273,1.6,76,20.4,,2467,1.5,91,20.9,,1282,1.6,87,20.2,,1237,1.5,84,19.6,,1319,1.6,90,19.2,,1011,1.6,69,20.7,,640,1.6,61,20.1,,XeI 740.041 (I=30),14.93,0.0871,15.29,0.0834,14.939,1.749e-15,1.900e-12,10.09,1 2 4 5 6 7 8 10 12 13 22 23 33 34,4.38e+06,33:1.2e+06 34:1.0e+06 23:9.1e+05,4.00e-07,14,0/14,,,,,,,
XeII,741.014,4Hw,,66,46,5p4(1S0)5d 2[2] 3/2,5p4(3P1)6p 2[1]° 1/2,,,,,,71,0.0,3,18.2,,48,0.1,3,,,35,0.1,2,57.4,,55,0.1,2,106.1,,19,0.0,1,102.3,,31,0.1,2,37.1,,41,0.1,3,53.5,,42,0.1,3,40.7,,22,0.1,2,62.5,,BaI 741.001 (I=1),17.118,0.0233,17.42,0.0163,17.129,7.052e-17,2.399e-13,11.73,1 2,0.00e+00,,1.09e-08,19,0/19,,,,,,,
XeII,745.8,2H,,104,60,5p4(3P1)4f 2[2]° 5/2,5p4(3P2)6d 2[2] 5/2,,,,,,186,0.0,9,4.8,,37,0.0,2,3.3,,26,0.0,2,16.9,,23,0.0,1,2.5,,101,0.0,6,4.8,,22,0.0,1,35.7,,14,0.0,1,10.0,,27,0.0,2,16.8,,32,0.0,3,5.5,,,,,,,,,,,,,,,,,,,,,,,
XeII,747.2,1-,,92,54,5p4(3P1)6d 2[3] 7/2,5p4(1D2)6p 2[2]° 5/2,,,,,,2795,2.1,127,25.3,,1456,1.9,93,25.2,,1454,1.9,87,25.2,,2818,1.9,122,25.6,,1379,1.9,94,27.2,,1401,1.9,74,26.4,,1443,1.9,86,25.3,,1142,1.9,68,25.8,,753,1.9,60,25.0,,XeI 747.201 (I=40),,,,,,,,,,,,,,,,,,,,,
XeII,749.536,50,,47,30,5p4(1D2)5d 2[1] 1/2,5p4(3P2)6p 2[1]° 1/2,,,,,,190,0.1,8,42.7,,88,0.1,6,44.8,,113,0.1,8,29.6,,136,0.1,5,60.9,,107,0.1,6,38.2,,86,0.1,5,46.9,,104,0.1,5,43.9,,74,0.1,4,32.7,,48,0.1,4,26.8,,,15.747,0.1983,25.85,0.089,15.755,1.703e-15,3.798e-12,11.12,1 2,0.00e+00,,2.90e-08,11,0/11,,,,,,,
XeII,750.3,3h,,84,47,5p4(3P2)4f 2[1]° 3/2,5p4(1D2)5d 2[1] 1/2,,,,,,111,0.1,5,15.4,,55,0.1,4,30.9,,251,0.1,17,5.1,,163,0.1,7,14.4,,34,0.0,2,21.9,,68,0.1,4,19.7,,56,0.1,3,23.6,,53,0.1,4,10.6,,41,0.1,3,13.7,,,,,,,,,,,,,,,,,,,,,,,
XeII,750.86,1H*,,64,42,5p4(1S0)5d 2[2] 5/2,5p4(3P1)6p 2[2]° 3/2,,,,,,39,0.0,2,3.3,,92,0.0,6,6.5,,39,0.0,2,8.3,,14,0.0,1,29.8,,17,0.0,1,75.7,,43,0.0,3,3.8,,44,0.0,3,2.2,,25,0.0,2,21.8,,15,0.1,1,111.5,,XeII 750.860 (I=1H*),16.932,0.0453,17.06,0.0434,16.939,1.883e-16,6.526e-13,11.76,1 2,0.00e+00,,7.95e-09,15,0/15,,,,,,,
XeII,750.86,1H*,,102,58,5p4(3P1)4f 2[2]° 3/2,5p4(1D2)5d 2[0] 1/2,,,,,,39,0.0,2,3.3,,92,0.0,6,6.5,,39,0.0,2,8.3,,14,0.0,1,29.8,,17,0.0,1,75.7,,43,0.0,3,3.8,,44,0.0,3,2.2,,25,0.0,2,21.8,,15,0.1,1,111.5,,XeII 750.860 (I=1H*),,,,,,,,,,,,,,,,,,,,,
XeII,753.07,50,,39,20,5p4(3P1)6p 2[0]° 1/2,5p4(3P1)5d 2[1] 3/2,,,,,,336,0.2,18,19.8,,176,0.2,10,23.2,,169,0.2,10,25.7,,333,0.2,13,22.4,,154,0.2,8,25.1,,171,0.2,14,25.4,,156,0.2,12,30.8,,150,0.2,12,17.1,,95,0.2,8,26.9,,,15.024,0.0578,15.09,0.0477,15.034,1.053e-15,1.186e-12,10.14,1 2 4 5 6 7 8 10 12 13 22 23 33 34,1.07e+07,13:7.0e+06 33:9.3e+05 22:9.2e+05,6.55e-07,14,1/14,7.40e+07,1.1e+14,,,,,
XeII,754.845,300,,46,24,5p4(3P1)6p 2[1]° 1/2,5p4(3P1)5d 2[2] 3/2,,,,,,1015,0.6,48,19.3,,512,0.6,35,20.3,,508,0.6,35,21.1,,995,0.6,45,20.0,,502,0.6,28,20.3,,514,0.6,35,18.6,,500,0.6,32,19.2,,438,0.6,32,17.1,,269,0.6,26,19.4,,,15.445,0.0329,15.71,0.0242,15.456,3.913e-16,5.967e-13,10.57,1 2 4 5 6 7 8 10 12 13 22 23 33 34,3.41e+06,33:7.5e+05 23:7.0e+05 34:7.0e+05,1.24e-07,15,0/15,,,,,,,
XeII,759.46,1H,,101,58,5p4(1S0)6p 2[1]° 1/2,5p4(1D2)5d 2[0] 1/2,,,,,,61,0.1,2,66.8,,30,0.1,2,54.1,,52,0.1,3,183.3,,63,0.0,2,64.1,,19,0.0,1,117.3,,35,0.0,2,13.7,,38,0.1,2,21.7,,42,0.1,2,15.9,,33,0.1,3,13.3,,XeI 759.436 (I=1),18.378,0.0244,18.41,0.0216,18.381,2.551e-17,1.707e-13,12.71,1 2 4 5 6 7 8 10 12 13 22 23 33 34,1.63e+07,23:7.7e+06 33:4.4e+06 34:3.6e+06,4.91e-07,33,0/33,,,,,,,
XeII,761.857,100,,54,36,5p4(1D2)6p 2[2]° 5/2,5p4(1D2)5d 2[3] 5/2,,,,,,295,0.2,13,21.7,,149,0.2,9,27.3,,193,0.2,13,17.2,,321,0.2,14,21.1,,133,0.2,7,27.4,,155,0.2,11,22.2,,161,0.2,10,15.5,,133,0.2,8,19.2,,86,0.2,6,17.2,,,16.392,0.047,16.41,0.039,16.395,2.757e-16,6.871e-13,11.28,1 2 4 5 6 7 8 10 12 13 22 23 33 34,1.18e+07,23:6.4e+06 33:3.3e+06 34:1.5e+06,1.89e-07,24,1/24,1.00e+08,5.3e+14,,,,,
XeII,767.066,200,,37,19,5p4(3P0)6p 2[1]° 1/2,5p4(3P0)5d 2[2] 3/2,,,,,,1554,0.9,49,18.8,,844,0.9,47,17.6,,793,0.8,42,18.0,,1548,0.8,62,18.5,,754,0.8,45,19.8,,869,0.9,46,17.7,,852,0.9,51,18.3,,703,0.9,45,19.0,,429,0.9,34,18.8,,XeI 767.081 (I=1),14.93,0.0871,15.29,0.0834,14.939,1.749e-15,1.900e-12,10.09,1 2 4 5 6 7 8 10 12 13 22 23 33 34,4.38e+06,33:1.2e+06 34:1.0e+06 23:9.1e+05,4.00e-07,14,0/14,,,,,,,
XeII,771.242,30,,44,24,5p4(3P1)6p 2[1]° 3/2,5p4(3P1)5d 2[2] 3/2,,,,,,190,0.1,9,18.8,,110,0.1,6,19.1,,499,0.1,30,5.3,,102,0.1,4,30.6,,102,0.1,7,25.2,,115,0.1,7,13.2,,79,0.1,5,20.3,,99,0.1,6,17.2,,38,0.2,3,31.2,,,15.41,0.0521,15.44,0.0488,15.415,7.621e-16,1.138e-12,10.54,1 2 4 5 6 7 8 10 12 13 22 23 33 34,6.59e+06,13:2.4e+06 33:1.5e+06 23:1.2e+06,2.12e-07,23,0/23,,,,,,,
XeII,777.212,20hl,,,102,Ek=161238.07,5p4(3P1)4f 2[2]° 3/2,,,,,,84,0.0,4,22.4,,317,0.1,22,9707.5,,60,0.1,4,,,63,0.0,3,95.1,,51,0.1,3,52.5,,48,0.1,3,82.0,,50,0.1,3,29.9,,32,0.1,2,66.3,,22,0.1,2,81.9,,,,,,,,,,,,,,,,,,,,,,,
XeII,778.704,100,,53,36,5p4(1D2)6p 2[2]° 3/2,5p4(1D2)5d 2[3] 5/2,,,,,,566,0.4,27,24.9,,255,0.3,16,28.5,,278,0.3,17,24.6,,613,0.4,29,20.9,,246,0.3,13,30.2,,283,0.3,19,26.1,,270,0.3,16,22.3,,213,0.3,14,18.8,,136,0.3,11,25.2,,,16.356,0.04,28.57,0.0243,16.368,1.676e-16,4.457e-13,11.38,1 2 4 5 6 7 8 10 12 13 22 23 33 34,7.74e+06,23:2.7e+06 34:2.6e+06 33:1.8e+06,1.11e-07,27,1/27,8.50e+07,7.7e+14,,,,,
XeII,780.58,1,,84,48,5p4(3P2)4f 2[1]° 3/2,5p4(1D2)5d 2[2] 3/2,,,,,,42,0.0,2,50.4,,33,0.0,2,78.6,,28692097,0.0,1710540,2774.7,,60,0.0,2,27.1,,37,0.1,2,75.4,,28,0.0,2,53.5,,43,0.1,3,55.4,,33,0.1,2,32.0,,22,0.1,2,27.5,,,,,,,,,,,,,,,,,,,,,,,
XeII,782.61,2,,57,37,5p4(3P2)7s 2[2] 3/2,5p4(3P0)6p 2[1]° 1/2,,,,,,294,0.2,14,159.7,,174,0.2,11,165.8,,179,0.2,11,134.8,,341,0.2,15,130.7,,179,0.2,9,90.7,,170,0.2,12,64.0,,157,0.2,9,122.6,,131,0.2,7,110.0,,88,0.2,7,,,,,,,,,,,,,,,,,,,,,,,,
XeII,786.27,3,,87,51,5p4(3P1)7s 2[1] 3/2,5p4(1D2)6p 2[1]° 3/2,,,,,,38,0.0,2,18.0,,-44,0.0,-3,3.1,,25,0.0,1,40.0,,52,0.0,2,19.6,,25,0.0,1,82.9,,46,0.1,3,57.9,,26,0.0,1,93.0,,29,0.0,2,64.1,,24,0.1,2,72.7,,,,,,,,,,,,,,,,,,,,,,,
XeII,788.271,20*,,83,48,5p4(3P2)4f 2[2]° 5/2,5p4(1D2)5d 2[2] 3/2,,,,,,82,0.0,4,,,44,0.1,3,67.8,,82,0.1,4,291.3,,69,0.0,2,50.8,,38,0.0,2,46.9,,60,0.1,4,25.3,,54,0.1,3,,,30,0.1,2,125.5,,24,0.1,2,35.1,,XeII 788.271 (I=20*),,,,,,,,,,,,,,,,,,,,,
XeII,788.271,20*,,106,65,5p4(3P1)4f 2[4]° 7/2,5p4(3P2)6d 2[4] 7/2,,,,,,82,0.0,4,,,44,0.1,3,67.8,,82,0.1,4,291.3,,69,0.0,2,50.8,,38,0.0,2,46.9,,60,0.1,4,25.3,,54,0.1,3,,,30,0.1,2,125.5,,24,0.1,2,35.1,,XeII 788.271 (I=20*),,,,,,,,,,,,,,,,,,,,,
XeII,788.94,50h,,,103,Ek=161257.45,5p4(3P1)4f 2[4]° 9/2,,,,,,60,0.0,2,36.0,,50,0.1,3,11.7,,47,0.1,3,50.5,,206,0.0,8,272.2,,55,0.1,3,64.4,,59,0.1,3,69.3,,57,0.1,3,83.1,,112,0.1,8,215.8,,21,0.1,2,122.7,,,,,,,,,,,,,,,,,,,,,,,
XeII,789.26,8h,,102,61,5p4(3P1)4f 2[2]° 3/2,5p4(3P2)6d 2[2] 3/2,,,,,,217,0.0,9,4.9,,521577296564137,0.0,33167934107959,1797.6,,105,0.0,6,4.8,,154,0.0,5,4.8,,32,0.0,2,2.6,,118,0.0,7,4.9,,281,0.0,19,4.5,,43,0.0,3,152.8,,17,0.0,1,26.8,,,,,,,,,,,,,,,,,,,,,,,
XeII,789.77,5Hs,,82,48,5p4(3P2)4f 2[1]° 1/2,5p4(1D2)5d 2[2] 3/2,,,,,,37,0.0,2,2.9,,24,0.0,2,2.3,,22,0.0,2,29.0,,109,0.0,4,5.0,,298,0.0,18,4.0,,22,0.0,1,3.0,,27,0.0,2,1.2,,-30,0.0,-2,12.8,,87,0.0,7,4.6,,,,,,,,,,,,,,,,,,,,,,,
XeII,792.048,10Hw,,105,64,5p4(1S0)6p 2[1]° 3/2,5p4(1S0)5d 2[2] 5/2,,,,,,18,0.0,1,35.8,,27,0.0,2,20.4,,217,0.0,13,4.6,,57,0.0,3,15.1,,44,0.0,3,9.8,,24,0.0,2,36.2,,61,0.1,4,18.3,,26,0.1,2,180.9,,91216314205,0.0,8700886865,840.1,,,18.497,0.0168,18.56,0.0167,18.504,1.748e-17,1.329e-13,12.89,1 2 4 5 6 7 8 10 12 13 22 23 33 34,4.99e+06,34:2.0e+06 33:1.5e+06 23:9.2e+05,6.89e-08,50,0/50,,,,,,,
XeII,797.64,3Hw*,,,88,Ek=155463.41,5p4(3P1)7s 2[1] 1/2,,,,,,138,0.1,7,46.4,,75,0.1,4,20.8,,55,0.1,4,78.9,,181,0.1,9,16.9,,62,0.1,3,,,65,0.1,4,27.9,,47,0.1,2,30.5,,82,0.1,6,15.6,,24,0.1,2,73.7,,XeII 797.640 (I=3Hw*),,,,,,,,,,,,,,,,,,,,,
XeII,797.64,3Hw*,,35,14,5p4(3P2)6p 2[1]° 3/2,5p4(3P1)5d 2[1] 1/2,,,,,,138,0.1,7,46.4,,75,0.1,4,20.8,,55,0.1,4,78.9,,181,0.1,9,16.9,,62,0.1,3,,,65,0.1,4,27.9,,47,0.1,2,30.5,,82,0.1,6,15.6,,24,0.1,2,73.7,,XeII 797.640 (I=3Hw*),14.479,0.2415,28.57,0.1632,14.49,6.324e-15,6.518e-12,10.01,1 2 4 5 6 7 8 10 12 13 22 23 33 34,3.99e+06,23:1.4e+06 5:6.4e+05 33:5.8e+05,5.75e-07,21,1/21,8.20e+07,1.4e+14,,,,,
XeII,798.799,40,,30,11,5p4(3P2)6p 2[1]° 1/2,5p4(3P0)6s 2[0] 1/2,,,,,,328,0.2,16,22.0,,191,0.2,10,16.6,,164,0.2,10,20.0,,307,0.2,13,22.2,,174,0.2,10,23.2,,178,0.2,12,21.5,,150,0.2,9,28.2,,141,0.2,10,19.2,,96,0.2,9,20.3,,,14.094,0.2621,14.14,0.1775,14.095,9.798e-15,7.007e-12,9.48,1 2 4 5 6 7 8 10 12 13 22 23,6.93e+06,10:1.5e+06 4:1.3e+06 12:1.1e+06,4.57e-06,14,1/14,7.10e+07,1.6e+13,,,,,
XeII,799.15,5H*,,37,20,5p4(3P0)6p 2[1]° 1/2,5p4(3P1)5d 2[1] 3/2,,,,,,50,0.0,3,45.8,,30,0.0,2,24.1,,31,0.0,2,70.2,,41,0.0,2,74.1,,42,0.0,2,28.8,,59,0.1,4,16.2,,32,0.0,2,59.4,,38,0.0,3,,,18,0.0,1,32.8,,XeII 799.150 (I=5H*),14.93,0.0871,15.29,0.0834,14.939,1.749e-15,1.900e-12,10.09,1 2 4 5 6 7 8 10 12 13 22 23 33 34,4.38e+06,33:1.2e+06 34:1.0e+06 23:9.1e+05,4.00e-07,14,0/14,,,,,,,
XeII,799.15,5H*,,45,25,5p4(1D2)5d 2[2] 5/2,5p4(3P2)6p 2[2]° 3/2,,,,,,50,0.0,3,45.8,,30,0.0,2,24.1,,31,0.0,2,70.2,,41,0.0,2,74.1,,42,0.0,2,28.8,,59,0.1,4,16.2,,32,0.0,2,59.4,,38,0.0,3,,,18,0.0,1,32.8,,XeII 799.150 (I=5H*),15.411,0.492,23.13,0.2881,15.415,6.930e-15,1.286e-11,10.86,1 2,0.00e+00,,2.57e-08,10,0/10,,,,,,,
XeII,800.195,10hs,,,69,Ek=151498.9,5p4(3P2)4f 2[3]° 7/2,,,,,,130,0.1,6,144.2,,70,0.1,4,102.7,,78,0.1,4,78.5,,166,0.1,7,,,2533007,0.1,151011,1988.9,,104,0.1,6,83.5,,82,0.1,5,,,77,0.1,5,128.5,,64,0.1,6,,,,,,,,,,,,,,,,,,,,,,,,
XeII,800.58,2,,74,47,5p4(3P2)4f 2[2]° 3/2,5p4(1D2)5d 2[1] 1/2,,,,,,51,0.0,2,101.0,,40,0.1,2,53.2,,42,0.1,2,102.5,,75,0.0,3,83.8,,35,0.1,2,49.2,,47,0.0,2,22.9,,55,0.0,3,12.2,,41,0.1,3,48.6,,25,0.0,2,17.3,,,,,,,,,,,,,,,,,,,,,,,
XeII,800.845,300h,,,68,Ek=151451.3,5p4(3P2)4f 2[4]° 9/2,,,,,,446,0.2,19,29.6,,209,0.2,11,34.6,,230,0.2,13,31.9,,455,0.2,20,30.0,,209,0.2,12,33.0,,262,0.2,15,24.1,,228,0.2,13,27.3,,206,0.2,14,22.4,,135,0.2,11,21.4,,,,,,,,,,,,,,,,,,,,,,,
XeII,801.426,50hs,,,68,Ek=151442.28,5p4(3P2)4f 2[4]° 9/2,,,,,,98,0.1,4,64.2,,80,0.1,4,,,78,0.1,5,23.1,,128,0.1,6,11.5,,46,0.1,3,48.4,,29,0.0,2,156.5,,637648814,0.0,38014788,2397.6,,50,0.0,3,14.6,,29,0.0,2,17.2,,,,,,,,,,,,,,,,,,,,,,,
XeII,802.007,5,,50,35,5p4(1S0)6s 2[0] 1/2,5p4(3P2)6p 2[1]° 3/2,,,,,,24,0.0,1,16.2,,19,0.0,1,19.7,,183,0.0,11,4.7,,-28,0.0,-1,1.4,,23,0.0,1,42.0,,29,0.0,2,17.3,,231,0.0,16,4.8,,49,0.1,3,13.8,,15,0.0,1,22.0,,XeIII 802.007 (I=(5)bl),16.025,0.0215,16.04,0.0212,16.027,1.685e-16,3.314e-13,10.94,1 2,0.00e+00,,1.20e-08,11,0/11,,,,,,,
XeII,803.164,100h,,,69,Ek=151452.61,5p4(3P2)4f 2[3]° 7/2,,,,,,187,0.1,8,33.1,,106,0.1,6,34.1,,110,0.1,7,38.2,,179,0.1,7,53.2,,92,0.1,5,48.6,,107,0.1,6,45.0,,107,0.1,6,46.8,,113,0.1,7,37.6,,64,0.1,5,40.3,,,,,,,,,,,,,,,,,,,,,,,
XeII,803.54,20h,,,69,Ek=151446.61,5p4(3P2)4f 2[3]° 7/2,,,,,,420,0.1,18,4.9,,37,0.0,2,49.1,,48,0.1,3,42.8,,46,0.0,2,72.0,,52,0.1,3,44.0,,34,0.0,2,47.9,,40,0.0,2,14.7,,50,0.1,3,1.0,,53,0.1,4,5.6,,,,,,,,,,,,,,,,,,,,,,,
XeII,803.826,100h,,,69,Ek=151442.28,5p4(3P2)4f 2[3]° 7/2,,,,,,108,0.1,5,45.9,,123,0.1,7,15.6,,90,0.1,6,24.0,,92,0.1,4,43.4,,50,0.1,3,47.9,,70,0.1,3,37.3,,61,0.1,3,49.4,,78,0.1,5,23.1,,35,0.1,3,44.6,,XeIII 803.826 (I=(100)hbl),,,,,,,,,,,,,,,,,,,,,
XeII,808.031,50hs,,,71,Ek=151500.96,5p4(3P2)7p 2[2]° 5/2,,,,,,51,0.0,3,29.8,,174,0.0,10,4.9,,123,0.0,8,5.4,,356,0.0,17,4.5,,140,0.0,7,4.8,,95,0.0,6,5.0,,30,0.0,2,,,124,0.0,8,4.9,,93,0.1,7,5.2,,,,,,,,,,,,,,,,,,,,,,,
XeII,811.594,50h*,,,72,Ek=151500.96,5p4(3P2)4f 2[3]° 5/2,,,,,,63,0.0,3,46.6,,42,0.1,2,48.7,,44,0.0,3,43.8,,49,0.0,2,82.6,,43,0.0,3,60.7,,245,0.1,15,5.0,,51,0.1,3,39.3,,30,0.0,2,48.1,,17,0.1,1,31.3,,XeII 811.594 (I=50h*),,,,,,,,,,,,,,,,,,,,,
XeII,811.594,50h*,,,71,Ek=151446.61,5p4(3P2)7p 2[2]° 5/2,,,,,,63,0.0,3,46.6,,42,0.1,2,48.7,,44,0.0,3,43.8,,49,0.0,2,82.6,,43,0.0,3,60.7,,245,0.1,15,5.0,,51,0.1,3,39.3,,30,0.0,2,48.1,,17,0.1,1,31.3,,XeII 811.594 (I=50h*),,,,,,,,,,,,,,,,,,,,,
XeII,813.683,30h,,,104,Ek=161238.22,5p4(3P1)4f 2[2]° 5/2,,,,,,54,0.0,3,14.0,,26,0.0,1,40.6,,170897,0.0,11644,2430.7,,34,0.0,1,45.4,,24,0.0,2,43.7,,42,0.0,3,,,78,0.1,4,205.0,,28,0.0,2,14.3,,191,0.1,15,8967.5,,,,,,,,,,,,,,,,,,,,,,,
XeII,814.26,5H,,43,25,5p4(1D2)5d 2[1] 3/2,5p4(3P2)6p 2[2]° 3/2,,,,,,4,0.0,0,1.0,,83,0.0,4,4.6,,22,0.0,2,0.3,,28,0.0,1,,,13,0.0,1,21.1,,20,0.0,1,1.9,,129,0.0,7,4.3,,16,0.0,1,2.8,,212,0.1,17,4.5,,,15.383,0.3387,22.19,0.2017,15.388,4.993e-15,9.153e-12,10.84,1 2,0.00e+00,,2.91e-08,12,0/12,,,,,,,
XeII,815.18,100,,,72,Ek=151446.61,5p4(3P2)4f 2[3]° 5/2,,,,,,111,0.1,6,61.3,,58,0.1,3,63.6,,43,0.1,3,93.3,,147,0.1,6,37.7,,52,0.1,3,44.9,,53,0.1,3,55.0,,70,0.1,4,,,43,0.1,3,57.2,,36,0.1,3,46.1,,,,,,,,,,,,,,,,,,,,,,,
BaI,553.548,1830,119000000.0,,,Ek=18060.261,Ei=0.0,1866,6.8,148,24.6,,1871,6.7,149,25.0,,1273,7.8,152,24.8,,1266,7.5,151,25.0,,2503,7.5,171,24.6,,1241,7.6,148,24.7,,1289,7.6,154,24.6,,1301,7.9,124,24.5,,1036,7.6,99,24.3,,668,7.8,80,23.4,,,,,,,,,,,,,,,,,,,2086,7.4,181,24.1,
BaII,455.403,9300,111000000.0,,,Ek=21952.404,Ei=0.0,24736,191.3,2359,26.0,,23853,183.8,2275,26.2,,16590,243.2,1978,26.2,,16463,246.2,1570,26.2,,32197,236.6,3071,26.2,,15698,232.0,1872,26.4,,15620,230.5,1490,26.3,,15906,233.9,1897,26.2,,12468,228.1,1487,26.6,,7766,223.3,1235,26.8,,,,,,,,,,,,,,,,,,,28864,209.7,2294,26.3,
BaII,493.408,6900,95300000.0,,,Ek=20261.561,Ei=0.0,9839,60.5,938,25.3,,9559,60.7,912,25.3,,6858,80.6,818,25.0,,6674,81.0,796,25.2,,13117,79.8,1564,24.9,,6572,81.3,784,24.7,,6513,81.6,777,24.6,,6534,83.0,779,24.7,,5259,82.8,627,24.7,,3301,86.3,525,24.6,,XeII 493.430 (I=1); WI 493.382 (I=5),,,,,,,,,,,,,,,,,11025,71.6,1052,24.8,
BaII,614.171,1510,41200000.0,,,Ek=21952.404,Ei=5674.807,3821,7.0,260,22.8,,3776,6.8,225,22.6,,2582,8.0,205,22.7,,2504,7.6,199,23.5,,4883,7.4,333,23.2,,2440,7.5,233,23.0,,2432,7.3,232,23.3,,2415,7.0,209,23.7,,1973,7.3,188,23.3,,1246,7.2,149,23.1,,,,,,,,,,,,,,,,,,,,,,,
BaII,585.367,331,6000000.0,,,Ek=21952.404,Ei=4873.852,481,1.3,38,21.5,,507,1.4,44,19.8,,321,1.6,38,22.7,,319,1.6,34,22.6,,629,1.5,50,22.7,,314,1.5,37,21.5,,331,1.6,39,20.5,,298,1.4,36,22.8,,247,1.5,30,21.5,,158,1.5,22,21.0,,"AlII 585.362 (I=100, A=1.3e+07)",,,,,,,,,,,,,,,,,543,1.3,52,22.4,
BaII,649.69,900,31000000.0,,,Ek=20261.561,Ei=4873.852,1996,2.8,119,21.0,,1983,2.7,95,20.9,,1343,3.2,80,20.4,,1383,3.2,94,20.4,,2699,3.2,129,20.7,,1354,3.2,92,20.1,,1298,3.1,77,20.8,,1323,3.1,90,21.5,,1043,3.1,100,20.7,,648,3.0,62,21.3,,,,,,,,,,,,,,,,,,,,,,,
