obs_wl_air(nm),ritz_wl_air(nm),intens,Aki(s^-1),Acc,Ei(cm-1),Ek(cm-1),conf_i,term_i,J_i,conf_k,term_k,J_k,Type,
"=""250.998""","=""250.9952+""","=""0""","=""""",,"=""101157.48""","=""140986.89""","=""5s2.5p4.(3P<0>).6s""","=""2[0]""","=""1/2""","=""5s2.5p4.(3P<2>).7p""","=""2[2]*""","=""3/2""",,
"=""251.706""","=""251.7039+""","=""1""","=""""",,"=""109563.14""","=""149280.40""","=""5s2.5p4.(1D<2>).6s""","=""2[2]""","=""5/2""","=""5s2.5p4.(3P<1>).4f""","=""2[4]*""","=""7/2""",,
"=""252.367""","=""252.3651+""","=""0""","=""""",,"=""107904.50""","=""147517.71""","=""5s2.5p4.(3P<1>).5d""","=""2[1]""","=""3/2""","=""5s2.5p4.(3P<0>).4f""","=""2[3]*""","=""5/2""",,
"=""252.397""","=""252.3904+""","=""1""","=""""",,"=""121628.82""","=""161238.07""","=""5s2.5p4.(3P<0>).6p""","=""2[1]*""","=""3/2""","=""5s2.5p4.(3P<1>).5g""","=""2[3]""","=""5/2""",,
"=""252.446""","=""252.4475+""","=""3""","=""""",,"=""99404.99""","=""139005.27""","=""5s2.5p4.(3P<2>).5d""","=""2[4]""","=""9/2""","=""5s2.5p4.(3P<2>).4f""","=""2[3]*""","=""7/2""",,
"=""252.679""","=""252.6862+""","=""12""","=""""",,"=""99404.99""","=""138967.87""","=""5s2.5p4.(3P<2>).5d""","=""2[4]""","=""9/2""","=""5s2.5p4.(3P<2>).4f""","=""2[4]*""","=""9/2""",,
"=""252.698""","=""252.6930+""","=""12""","=""""",,"=""108007.28""","=""147569.10""","=""5s2.5p4.(3P<0>).5d""","=""2[2]""","=""5/2""","=""5s2.5p4.(3P<0>).4f""","=""2[3]*""","=""7/2""",,
"=""253.018""","=""253.0217+""","=""2""","=""""",,"=""108007.28""","=""147517.71""","=""5s2.5p4.(3P<0>).5d""","=""2[2]""","=""5/2""","=""5s2.5p4.(3P<0>).4f""","=""2[3]*""","=""5/2""",,
"=""253.802""","=""253.8039+""","=""3h""","=""""",,"=""109563.14""","=""148951.80""","=""5s2.5p4.(1D<2>).6s""","=""2[2]""","=""5/2""","=""5s2.5p4.(3P<1>).4f""","=""2[2]*""","=""5/2""",,
"=""255.170""","=""255.1713+""","=""3""","=""""",,"=""101157.48""","=""140335.09""","=""5s2.5p4.(3P<0>).6s""","=""2[0]""","=""1/2""","=""5s2.5p4.(3P<2>).4f""","=""2[1]*""","=""3/2""",,
"=""255.379""","=""255.3771+""","=""0""","=""""",,"=""108423.07""","=""147569.10""","=""5s2.5p4.(3P<1>).5d""","=""2[3]""","=""7/2""","=""5s2.5p4.(3P<0>).4f""","=""2[3]*""","=""7/2""",,
"=""255.420""","=""255.4209+""","=""1-""","=""""",,"=""93068.44""","=""132207.76""","=""5s2.5p4.(3P<2>).6s""","=""2[2]""","=""5/2""","=""5s2.5p4.(1D<2>).6p""","=""2[2]*""","=""5/2""",,
"=""256.148""","=""256.1483+""","=""2""","=""""",,"=""101157.48""","=""140185.67""","=""5s2.5p4.(3P<0>).6s""","=""2[0]""","=""1/2""","=""5s2.5p4.(3P<2>).4f""","=""2[1]*""","=""1/2""",,
"=""257.293""","=""257.2877+""","=""0*""","=""""",,"=""93068.44""","=""131923.79""","=""5s2.5p4.(3P<2>).6s""","=""2[2]""","=""5/2""","=""5s2.5p4.(1D<2>).6p""","=""2[2]*""","=""3/2""",,
"=""257.293""","=""257.2960+""","=""0*""","=""""",,"=""101157.48""","=""140011.58""","=""5s2.5p4.(3P<0>).6s""","=""2[0]""","=""1/2""","=""5s2.5p4.(3P<2>).7p""","=""2[1]*""","=""1/2""",,
"=""257.697""","=""257.6978+""","=""15""","=""""",,"=""90873.83""","=""129667.35""","=""5s.5p6""","=""2S""","=""1/2""","=""5s2.5p4.(1D<2>).6p""","=""2[1]*""","=""3/2""",,
"=""258.488""","=""258.4922+""","=""1""","=""""",,"=""101535.67""","=""140209.99""","=""5s2.5p4.(3P<2>).5d""","=""2[4]""","=""7/2""","=""5s2.5p4.(3P<2>).4f""","=""2[2]*""","=""5/2""",,
"=""259.701""","=""259.7009+""","=""4""","=""""",,"=""101535.67""","=""140029.99""","=""5s2.5p4.(3P<2>).5d""","=""2[4]""","=""7/2""","=""5s2.5p4.(3P<2>).4f""","=""2[4]*""","=""7/2""",,
"=""259.842""","=""259.8432+""","=""2""","=""""",,"=""111326.96""","=""149800.20""","=""5s2.5p4.(3P<1>).5d""","=""2[2]""","=""3/2""","=""5s2.5p4.(3P<1>).4f""","=""2[3]*""","=""5/2""",,
"=""260.554""","=""260.5563+""","=""50""","=""""",,"=""101535.67""","=""139903.63""","=""5s2.5p4.(3P<2>).5d""","=""2[4]""","=""7/2""","=""5s2.5p4.(3P<2>).4f""","=""2[5]*""","=""9/2""",,
"=""260.693""","=""260.6978+""","=""5""","=""""",,"=""119085.49""","=""157432.63""","=""5s2.5p4.(1D<2>).5d""","=""2[3]""","=""5/2""","=""5s2.5p4.(1D<2>).4f""","=""2[4]*""","=""7/2""",,
"=""260.752""","=""260.7397+""","=""1""","=""""",,"=""101157.48""","=""139498.46""","=""5s2.5p4.(3P<0>).6s""","=""2[0]""","=""1/2""","=""5s2.5p4.(3P<2>).4f""","=""2[2]*""","=""3/2""",,
"=""261.714""","=""261.7142+""","=""0""","=""""",,"=""101535.67""","=""139733.89""","=""5s2.5p4.(3P<2>).5d""","=""2[4]""","=""7/2""","=""5s2.5p4.(3P<2>).7p""","=""2[3]*""","=""7/2""",,
"=""262.139""","=""262.1444+""","=""2h""","=""""",,"=""119085.49""","=""157221.03""","=""5s2.5p4.(1D<2>).5d""","=""2[3]""","=""5/2""","=""5s2.5p4.(1D<2>).4f""","=""2[3]*""","=""5/2""",,
"=""262.317""","=""262.3179+""","=""2""","=""""",,"=""101535.67""","=""139645.98""","=""5s2.5p4.(3P<2>).5d""","=""2[4]""","=""7/2""","=""5s2.5p4.(3P<2>).7p""","=""2[3]*""","=""5/2""",,
"=""262.954""","=""262.9613+""","=""5h""","=""""",,"=""119085.49""","=""157102.56""","=""5s2.5p4.(1D<2>).5d""","=""2[3]""","=""5/2""","=""5s2.5p4.(1D<2>).4f""","=""2[3]*""","=""7/2""",,
"=""263.040""","=""263.0382+""","=""6h""","=""""",,"=""109563.14""","=""147569.10""","=""5s2.5p4.(1D<2>).6s""","=""2[2]""","=""5/2""","=""5s2.5p4.(3P<0>).4f""","=""2[3]*""","=""7/2""",,
"=""263.388""","=""263.3944+""","=""2""","=""""",,"=""109563.14""","=""147517.71""","=""5s2.5p4.(1D<2>).6s""","=""2[2]""","=""5/2""","=""5s2.5p4.(3P<0>).4f""","=""2[3]*""","=""5/2""",,
"=""264.054""","=""264.0578+""","=""1""","=""""",,"=""113705.40""","=""151564.61""","=""5s2.5p4.(3P<2>).6p""","=""2[3]*""","=""7/2""","=""5s2.5p4.(3P<2>).5g""","=""2[2]""","=""5/2""",,
"=""264.883""","=""264.8835+""","=""1""","=""""",,"=""113705.40""","=""151446.61""","=""5s2.5p4.(3P<2>).6p""","=""2[3]*""","=""7/2""","=""5s2.5p4.(3P<2>).5g""","=""2[4]""","=""7/2""",,
"=""265.539""","=""265.5470+""","=""2h""","=""""",,"=""101535.67""","=""139182.58""","=""5s2.5p4.(3P<2>).5d""","=""2[4]""","=""7/2""","=""5s2.5p4.(3P<2>).4f""","=""2[3]*""","=""5/2""",,
"=""265.700""","=""265.7028+""","=""5h""","=""""",,"=""111326.96""","=""148951.80""","=""5s2.5p4.(3P<1>).5d""","=""2[2]""","=""3/2""","=""5s2.5p4.(3P<1>).4f""","=""2[2]*""","=""5/2""",,
"=""265.928""","=""265.9271+""","=""1h""","=""""",,"=""101535.67""","=""139128.78""","=""5s2.5p4.(3P<2>).5d""","=""2[4]""","=""7/2""","=""5s2.5p4.(3P<2>).7p""","=""2[2]*""","=""5/2""",,
"=""266.329""","=""266.3316+""","=""3""","=""""",,"=""102799.07""","=""140335.09""","=""5s2.5p4.(3P<1>).6s""","=""2[1]""","=""3/2""","=""5s2.5p4.(3P<2>).4f""","=""2[1]*""","=""3/2""",,
"=""266.802""","=""266.8037+""","=""5""","=""""",,"=""101535.67""","=""139005.27""","=""5s2.5p4.(3P<2>).5d""","=""2[4]""","=""7/2""","=""5s2.5p4.(3P<2>).4f""","=""2[3]*""","=""7/2""",,
"=""267.068""","=""267.0703+""","=""1""","=""""",,"=""101535.67""","=""138967.87""","=""5s2.5p4.(3P<2>).5d""","=""2[4]""","=""7/2""","=""5s2.5p4.(3P<2>).4f""","=""2[4]*""","=""9/2""",,
"=""267.222""","=""267.2222+""","=""4""","=""""",,"=""102799.07""","=""140209.99""","=""5s2.5p4.(3P<1>).6s""","=""2[1]""","=""3/2""","=""5s2.5p4.(3P<2>).4f""","=""2[2]*""","=""5/2""",,
"=""268.372""","=""268.3815+""","=""0""","=""""",,"=""116783.09""","=""154032.42""","=""5s2.5p4.(3P<2>).6p""","=""2[1]*""","=""3/2""","=""5s2.5p4.(1D<2>).6d""","=""2[2]""","=""5/2""",,
"=""268.614""","=""268.6172+""","=""3h""","=""""",,"=""119085.49""","=""156302.13""","=""5s2.5p4.(1D<2>).5d""","=""2[3]""","=""5/2""","=""5s2.5p4.(1D<2>).4f""","=""2[2]*""","=""3/2""",,
"=""269.153""","=""269.1471+""","=""1""","=""""",,"=""95064.38""","=""132207.76""","=""5s2.5p4.(3P<2>).6s""","=""2[2]""","=""3/2""","=""5s2.5p4.(1D<2>).6p""","=""2[2]*""","=""5/2""",,
"=""269.839""","=""269.8390+""","=""0""","=""""",,"=""111326.96""","=""148375.10""","=""5s2.5p4.(3P<1>).5d""","=""2[2]""","=""3/2""","=""5s2.5p4.(3P<1>).4f""","=""2[2]*""","=""3/2""",,
"=""270.222""","=""270.2228+""","=""2""","=""""",,"=""93068.44""","=""130063.96""","=""5s2.5p4.(3P<2>).6s""","=""2[2]""","=""5/2""","=""5s2.5p4.(1D<2>).6p""","=""2[3]*""","=""7/2""",,
"=""270.344""","=""270.3435+""","=""10""","=""""",,"=""112703.64""","=""149682.65""","=""5s2.5p4.(3P<1>).5d""","=""2[2]""","=""5/2""","=""5s2.5p4.(3P<1>).4f""","=""2[3]*""","=""7/2""",,
"=""270.538""","=""270.529+""","=""0""","=""""",,"=""120414.87""","=""157368.5""","=""5s2.5p4.(3P<0>).6p""","=""2[1]*""","=""1/2""","=""5s2.5p4.(3P<1>).8s""","=""2[1]""","=""1/2""",,
"=""271.102""","=""271.1034+""","=""1h""","=""""",,"=""112924.84""","=""149800.20""","=""5s2.5p4.(1D<2>).6s""","=""2[2]""","=""3/2""","=""5s2.5p4.(3P<1>).4f""","=""2[3]*""","=""5/2""",,
"=""271.217""","=""271.2207+""","=""1""","=""""",,"=""95064.38""","=""131923.79""","=""5s2.5p4.(3P<2>).6s""","=""2[2]""","=""3/2""","=""5s2.5p4.(1D<2>).6p""","=""2[2]*""","=""3/2""",,
"=""271.576""","=""271.5773+""","=""3""","=""""",,"=""95396.74""","=""132207.76""","=""5s2.5p4.(3P<2>).5d""","=""2[2]""","=""5/2""","=""5s2.5p4.(1D<2>).6p""","=""2[2]*""","=""5/2""",,
"=""271.879""","=""271.8796+""","=""1-""","=""""",,"=""95437.67""","=""132207.76""","=""5s2.5p4.(3P<2>).5d""","=""2[3]""","=""7/2""","=""5s2.5p4.(1D<2>).6p""","=""2[2]*""","=""5/2""",,
"=""272.128""","=""272.1258+""","=""1-^""","=""""",,"=""104250.06""","=""140986.89""","=""5s2.5p4.(3P<1>).5d""","=""2[1]""","=""1/2""","=""5s2.5p4.(3P<2>).7p""","=""2[2]*""","=""3/2""",,
"=""272.340""","=""272.3420+""","=""1^""","=""""",,"=""96033.48""","=""132741.15""","=""5s2.5p4.(3P<2>).5d""","=""2[2]""","=""3/2""","=""5s2.5p4.(1D<2>).6p""","=""2[1]*""","=""1/2""",,
"=""272.566""","=""272.569+""","=""1-""","=""""",,"=""120414.87""","=""157091.9""","=""5s2.5p4.(3P<0>).6p""","=""2[1]*""","=""1/2""","=""5s2.5p4.(3P<1>).8s""","=""2[1]""","=""3/2""",,
"=""273.146""","=""273.1513+""","=""1-""","=""""",,"=""93068.44""","=""129667.35""","=""5s2.5p4.(3P<2>).6s""","=""2[2]""","=""5/2""","=""5s2.5p4.(1D<2>).6p""","=""2[1]*""","=""3/2""",,
"=""273.315""","=""273.3167+""","=""25hs""","=""""",,"=""112703.64""","=""149280.40""","=""5s2.5p4.(3P<1>).5d""","=""2[2]""","=""5/2""","=""5s2.5p4.(3P<1>).4f""","=""2[4]*""","=""7/2""",,
"=""273.414""","=""273.4165+""","=""50""","=""""",,"=""120853.16""","=""157416.58""","=""5s2.5p4.(1D<2>).5d""","=""2[3]""","=""7/2""","=""5s2.5p4.(1D<2>).4f""","=""2[4]*""","=""9/2""",,
"=""273.977""","=""273.9813+""","=""1-""","=""""",,"=""112703.64""","=""149191.69""","=""5s2.5p4.(3P<1>).5d""","=""2[2]""","=""5/2""","=""5s2.5p4.(1S<0>).6p""","=""2[1]*""","=""3/2""",,
"=""274.677""","=""274.6838+""","=""1-""","=""""",,"=""102799.07""","=""139193.80""","=""5s2.5p4.(3P<1>).6s""","=""2[1]""","=""3/2""","=""5s2.5p4.(3P<2>).7p""","=""2[1]*""","=""3/2""",,
"=""274.768""","=""274.7685+""","=""1^""","=""""",,"=""102799.07""","=""139182.58""","=""5s2.5p4.(3P<1>).6s""","=""2[1]""","=""3/2""","=""5s2.5p4.(3P<2>).4f""","=""2[3]*""","=""5/2""",,
"=""274.879""","=""274.8867+""","=""1h""","=""""",,"=""120853.16""","=""157221.03""","=""5s2.5p4.(1D<2>).5d""","=""2[3]""","=""7/2""","=""5s2.5p4.(1D<2>).4f""","=""2[3]*""","=""5/2""",,
"=""275.176""","=""275.1755+""","=""0""","=""""",,"=""102799.07""","=""139128.78""","=""5s2.5p4.(3P<1>).6s""","=""2[1]""","=""3/2""","=""5s2.5p4.(3P<2>).7p""","=""2[2]*""","=""5/2""",,
"=""275.648""","=""275.6524+""","=""1-""","=""""",,"=""112924.84""","=""149191.69""","=""5s2.5p4.(1D<2>).6s""","=""2[2]""","=""3/2""","=""5s2.5p4.(1S<0>).6p""","=""2[1]*""","=""3/2""",,
"=""275.786""","=""275.7851+""","=""40h*""","=""""",,"=""120853.16""","=""157102.56""","=""5s2.5p4.(1D<2>).5d""","=""2[3]""","=""7/2""","=""5s2.5p4.(1D<2>).4f""","=""2[3]*""","=""7/2""",,
"=""275.786""","=""275.7946+""","=""40h*""","=""""",,"=""112703.64""","=""148951.80""","=""5s2.5p4.(3P<1>).5d""","=""2[2]""","=""5/2""","=""5s2.5p4.(3P<1>).4f""","=""2[2]*""","=""5/2""",,
"=""276.225""","=""276.2321+""","=""0""","=""""",,"=""111326.96""","=""147517.71""","=""5s2.5p4.(3P<1>).5d""","=""2[2]""","=""3/2""","=""5s2.5p4.(3P<0>).4f""","=""2[3]*""","=""5/2""",,
"=""276.277""","=""276.2769+""","=""2""","=""""",,"=""113512.36""","=""149697.24""","=""5s2.5p4.(3P<2>).6p""","=""2[3]*""","=""5/2""","=""5s2.5p4.(1D<2>).7s""","=""2[2]""","=""5/2""",,
"=""276.356""","=""276.3579+""","=""1""","=""""",,"=""96033.48""","=""132207.76""","=""5s2.5p4.(3P<2>).5d""","=""2[2]""","=""3/2""","=""5s2.5p4.(1D<2>).6p""","=""2[2]*""","=""5/2""",,
"=""276.700""","=""276.6973+""","=""1""","=""""",,"=""113672.89""","=""149802.80""","=""5s2.5p4.(3P<2>).6p""","=""2[1]*""","=""1/2""","=""5s2.5p4.(1D<2>).7s""","=""2[2]""","=""3/2""",,
"=""277.041""","=""277.0414+""","=""2h""","=""""",,"=""104250.06""","=""140335.09""","=""5s2.5p4.(3P<1>).5d""","=""2[1]""","=""1/2""","=""5s2.5p4.(3P<2>).4f""","=""2[1]*""","=""3/2""",,
"=""277.486""","=""277.4880+""","=""15h""","=""""",,"=""112924.84""","=""148951.80""","=""5s2.5p4.(1D<2>).6s""","=""2[2]""","=""3/2""","=""5s2.5p4.(3P<1>).4f""","=""2[2]*""","=""5/2""",,
"=""278.192""","=""278.1934+""","=""0""","=""""",,"=""104250.06""","=""140185.67""","=""5s2.5p4.(3P<1>).5d""","=""2[1]""","=""1/2""","=""5s2.5p4.(3P<2>).4f""","=""2[1]*""","=""1/2""",,
"=""278.380""","=""278.376+""","=""1h^""","=""""",,"=""121179.80""","=""157091.9""","=""5s2.5p4.(3P<1>).6p""","=""2[0]*""","=""1/2""","=""5s2.5p4.(3P<1>).8s""","=""2[1]""","=""3/2""",,
"=""278.542""","=""278.5446+""","=""3""","=""""",,"=""96033.48""","=""131923.79""","=""5s2.5p4.(3P<2>).5d""","=""2[2]""","=""3/2""","=""5s2.5p4.(1D<2>).6p""","=""2[2]*""","=""3/2""",,
"=""279.252""","=""279.2569+""","=""1-""","=""""",,"=""93068.44""","=""128867.20""","=""5s2.5p4.(3P<2>).6s""","=""2[2]""","=""5/2""","=""5s2.5p4.(1D<2>).6p""","=""2[3]*""","=""5/2""",,
"=""279.468""","=""279.4642+""","=""1^""","=""""",,"=""111792.17""","=""147564.38""","=""5s2.5p4.(3P<2>).6p""","=""2[2]*""","=""3/2""","=""5s2.5p4.(3P<2>).8s""","=""2[2]""","=""3/2""",,
"=""280.250""","=""280.2536+""","=""1h""","=""""",,"=""112703.64""","=""148375.10""","=""5s2.5p4.(3P<1>).5d""","=""2[2]""","=""5/2""","=""5s2.5p4.(3P<1>).4f""","=""2[2]*""","=""3/2""",,
"=""281.902""","=""281.900+""","=""1H""","=""""",,"=""121628.82""","=""157091.9""","=""5s2.5p4.(3P<0>).6p""","=""2[1]*""","=""3/2""","=""5s2.5p4.(3P<1>).8s""","=""2[1]""","=""3/2""",,
"=""282.006""","=""282.0024+""","=""4h""","=""""",,"=""112924.84""","=""148375.10""","=""5s2.5p4.(1D<2>).6s""","=""2[2]""","=""3/2""","=""5s2.5p4.(3P<1>).4f""","=""2[2]*""","=""3/2""",,
"=""282.534""","=""282.5413+""","=""1h""","=""""",,"=""120853.16""","=""156235.80""","=""5s2.5p4.(1D<2>).5d""","=""2[3]""","=""7/2""","=""5s2.5p4.(1D<2>).4f""","=""2[2]*""","=""5/2""",,
"=""282.790""","=""282.7890+""","=""2h""","=""""",,"=""111958.89""","=""147310.54""","=""5s2.5p4.(3P<2>).6p""","=""2[2]*""","=""5/2""","=""5s2.5p4.(3P<2>).8s""","=""2[2]""","=""5/2""",,
"=""283.200""","=""283.2040+""","=""2h""","=""""",,"=""112924.84""","=""148224.69""","=""5s2.5p4.(1D<2>).6s""","=""2[2]""","=""3/2""","=""5s2.5p4.(1S<0>).6p""","=""2[1]*""","=""1/2""",,
"=""283.616""","=""283.6174+""","=""1h""","=""""",,"=""104250.06""","=""139498.46""","=""5s2.5p4.(3P<1>).5d""","=""2[1]""","=""1/2""","=""5s2.5p4.(3P<2>).4f""","=""2[2]*""","=""3/2""",,
"=""284.064""","=""284.0744+""","=""0""","=""""",,"=""114905.15""","=""150096.85""","=""5s2.5p4.(1D<2>).5d""","=""2[4]""","=""9/2""","=""5s2.5p4.(3P<2>).5f""","=""2[5]*""","=""11/2""",,
"=""285.095""","=""285.0959+""","=""3""","=""""",,"=""96858.18""","=""131923.79""","=""5s2.5p4.(3P<2>).5d""","=""2[1]""","=""1/2""","=""5s2.5p4.(1D<2>).6p""","=""2[2]*""","=""3/2""",,
"=""285.239""","=""285.2301+""","=""3h""","=""""",,"=""114751.08""","=""149800.20""","=""5s2.5p4.(3P<1>).5d""","=""2[3]""","=""5/2""","=""5s2.5p4.(3P<1>).4f""","=""2[3]*""","=""5/2""",,
"=""285.311""","=""285.3097+""","=""1""","=""""",,"=""105947.55""","=""140986.89""","=""5s2.5p4.(3P<2>).5d""","=""2[0]""","=""1/2""","=""5s2.5p4.(3P<2>).7p""","=""2[2]*""","=""3/2""",,
"=""285.453""","=""285.4529+""","=""60""","=""""",,"=""105313.33""","=""140335.09""","=""5s2.5p4.(3P<2>).5d""","=""2[1]""","=""3/2""","=""5s2.5p4.(3P<2>).4f""","=""2[1]*""","=""3/2""",,
"=""285.732""","=""285.7212+""","=""1h""","=""""",,"=""120853.16""","=""155842.04""","=""5s2.5p4.(1D<2>).5d""","=""2[3]""","=""7/2""","=""5s2.5p4.(3P<2>).6f""","=""2[5]*""","=""9/2""",,
"=""286.190""","=""286.1899+""","=""20h""","=""""",,"=""114751.08""","=""149682.65""","=""5s2.5p4.(3P<1>).5d""","=""2[3]""","=""5/2""","=""5s2.5p4.(3P<1>).4f""","=""2[3]*""","=""7/2""",,
"=""286.473""","=""286.4763+""","=""150""","=""""",,"=""105313.33""","=""140209.99""","=""5s2.5p4.(3P<2>).5d""","=""2[1]""","=""3/2""","=""5s2.5p4.(3P<2>).4f""","=""2[2]*""","=""5/2""",,
"=""286.676""","=""286.6761+""","=""5h""","=""""",,"=""105313.33""","=""140185.67""","=""5s2.5p4.(3P<2>).5d""","=""2[1]""","=""3/2""","=""5s2.5p4.(3P<2>).4f""","=""2[1]*""","=""1/2""",,
"=""286.736""","=""286.7326+""","=""2h""","=""""",,"=""112703.64""","=""147569.10""","=""5s2.5p4.(3P<1>).5d""","=""2[2]""","=""5/2""","=""5s2.5p4.(3P<0>).4f""","=""2[3]*""","=""7/2""",,
"=""288.114""","=""288.1145+""","=""1-^""","=""""",,"=""105313.33""","=""140011.58""","=""5s2.5p4.(3P<2>).5d""","=""2[1]""","=""3/2""","=""5s2.5p4.(3P<2>).7p""","=""2[1]*""","=""1/2""",,
"=""288.371""","=""288.3724+""","=""12""","=""""",,"=""95396.74""","=""130063.96""","=""5s2.5p4.(3P<2>).5d""","=""2[2]""","=""5/2""","=""5s2.5p4.(1D<2>).6p""","=""2[3]*""","=""7/2""",,
"=""288.712""","=""288.7132+""","=""10""","=""""",,"=""95437.67""","=""130063.96""","=""5s2.5p4.(3P<2>).5d""","=""2[3]""","=""7/2""","=""5s2.5p4.(1D<2>).6p""","=""2[3]*""","=""7/2""",,
"=""288.907""","=""288.9078+""","=""10""","=""""",,"=""95064.38""","=""129667.35""","=""5s2.5p4.(3P<2>).6s""","=""2[2]""","=""3/2""","=""5s2.5p4.(1D<2>).6p""","=""2[1]*""","=""3/2""",,
"=""289.522""","=""289.5241+""","=""150h""","=""""",,"=""114751.08""","=""149280.40""","=""5s2.5p4.(3P<1>).5d""","=""2[3]""","=""5/2""","=""5s2.5p4.(3P<1>).4f""","=""2[4]*""","=""7/2""",,
"=""290.268""","=""290.2699+""","=""3""","=""""",,"=""114751.08""","=""149191.69""","=""5s2.5p4.(3P<1>).5d""","=""2[3]""","=""5/2""","=""5s2.5p4.(1S<0>).6p""","=""2[1]*""","=""3/2""",,
"=""290.510""","=""290.5087+""","=""2h""","=""""",,"=""113672.89""","=""148085.19""","=""5s2.5p4.(3P<2>).6p""","=""2[1]*""","=""1/2""","=""5s2.5p4.(3P<1>).6d""","=""2[1]""","=""3/2""",,
"=""290.718""","=""290.7178+""","=""80h""","=""""",,"=""105947.55""","=""140335.09""","=""5s2.5p4.(3P<2>).5d""","=""2[0]""","=""1/2""","=""5s2.5p4.(3P<2>).4f""","=""2[1]*""","=""3/2""",,
"=""291.064""","=""291.0640+""","=""1h""","=""""",,"=""111958.89""","=""146305.54""","=""5s2.5p4.(3P<2>).6p""","=""2[2]*""","=""5/2""","=""5s2.5p4.(3P<1>).6d""","=""2[2]""","=""5/2""",,
"=""291.701""","=""291.7098+""","=""1-""","=""""",,"=""95396.74""","=""129667.35""","=""5s2.5p4.(3P<2>).5d""","=""2[2]""","=""5/2""","=""5s2.5p4.(1D<2>).6p""","=""2[1]*""","=""3/2""",,
"=""291.987""","=""291.9866+""","=""40""","=""""",,"=""105947.55""","=""140185.67""","=""5s2.5p4.(3P<2>).5d""","=""2[0]""","=""1/2""","=""5s2.5p4.(3P<2>).4f""","=""2[1]*""","=""1/2""",,
"=""292.303""","=""292.3060+""","=""1-^""","=""""",,"=""114751.08""","=""148951.80""","=""5s2.5p4.(3P<1>).5d""","=""2[3]""","=""5/2""","=""5s2.5p4.(3P<1>).4f""","=""2[2]*""","=""5/2""",,
"=""292.438""","=""292.4393+""","=""2""","=""""",,"=""105313.33""","=""139498.46""","=""5s2.5p4.(3P<2>).5d""","=""2[1]""","=""3/2""","=""5s2.5p4.(3P<2>).4f""","=""2[2]*""","=""3/2""",,
"=""292.758""","=""292.7558+""","=""2""","=""""",,"=""111792.17""","=""145940.34""","=""5s2.5p4.(3P<2>).6p""","=""2[2]*""","=""3/2""","=""5s2.5p4.(3P<1>).6d""","=""2[2]""","=""3/2""",,
"=""293.334""","=""293.3348+""","=""1h""","=""""",,"=""106906.12""","=""140986.89""","=""5s2.5p4.(3P<1>).6s""","=""2[1]""","=""1/2""","=""5s2.5p4.(3P<2>).7p""","=""2[2]*""","=""3/2""",,
"=""293.480""","=""293.4790+""","=""2h""","=""""",,"=""105947.55""","=""140011.58""","=""5s2.5p4.(3P<2>).5d""","=""2[0]""","=""1/2""","=""5s2.5p4.(3P<2>).7p""","=""2[1]*""","=""1/2""",,
"=""293.586""","=""293.5825+""","=""60h""","=""""",,"=""113512.36""","=""147564.38""","=""5s2.5p4.(3P<2>).6p""","=""2[3]*""","=""5/2""","=""5s2.5p4.(3P<2>).8s""","=""2[2]""","=""3/2""",,
"=""294.210""","=""294.210+""","=""20h""","=""""",,"=""123112.54""","=""157091.9""","=""5s2.5p4.(3P<1>).6p""","=""2[2]*""","=""5/2""","=""5s2.5p4.(3P<1>).8s""","=""2[1]""","=""3/2""",,
"=""294.977""","=""294.9731+""","=""4h""","=""""",,"=""113672.89""","=""147564.38""","=""5s2.5p4.(3P<2>).6p""","=""2[1]*""","=""1/2""","=""5s2.5p4.(3P<2>).8s""","=""2[2]""","=""3/2""",,
"=""295.069""","=""295.0691+""","=""1h""","=""""",,"=""105313.33""","=""139193.80""","=""5s2.5p4.(3P<2>).5d""","=""2[1]""","=""3/2""","=""5s2.5p4.(3P<2>).7p""","=""2[1]*""","=""3/2""",,
"=""295.158""","=""295.1668+""","=""2""","=""""",,"=""105313.33""","=""139182.58""","=""5s2.5p4.(3P<2>).5d""","=""2[1]""","=""3/2""","=""5s2.5p4.(3P<2>).4f""","=""2[3]*""","=""5/2""",,
"=""295.248""","=""295.2485+""","=""2""","=""""",,"=""106475.21""","=""140335.09""","=""5s2.5p4.(3P<2>).5d""","=""2[3]""","=""5/2""","=""5s2.5p4.(3P<2>).4f""","=""2[1]*""","=""3/2""",,
"=""295.441""","=""295.446+""","=""1""","=""""",,"=""123254.60""","=""157091.9""","=""5s2.5p4.(3P<1>).6p""","=""2[2]*""","=""3/2""","=""5s2.5p4.(3P<1>).8s""","=""2[1]""","=""3/2""",,
"=""295.850""","=""295.8445+""","=""0*""","=""""",,"=""123112.54""","=""156904.21""","=""5s2.5p4.(3P<1>).6p""","=""2[2]*""","=""5/2""","=""5s2.5p4.(3P<2>).6g""","=""2[3]""","=""7/2""",,
"=""295.850""","=""295.859+""","=""0*""","=""""",,"=""123112.54""","=""156902.5""","=""5s2.5p4.(3P<1>).6p""","=""2[2]*""","=""5/2""","=""5s2.5p4.(3P<2>).6g""","=""2[3]""","=""5/2""",,
"=""296.341""","=""296.3434+""","=""50""","=""""",,"=""106475.21""","=""140209.99""","=""5s2.5p4.(3P<2>).5d""","=""2[3]""","=""5/2""","=""5s2.5p4.(3P<2>).4f""","=""2[2]*""","=""5/2""",,
"=""296.674""","=""296.6734+""","=""2^""","=""""",,"=""90873.83""","=""124571.09""","=""5s.5p6""","=""2S""","=""1/2""","=""5s2.5p4.(3P<1>).6p""","=""2[1]*""","=""1/2""",,
"=""296.895""","=""296.8968+""","=""1^""","=""""",,"=""114913.98""","=""148585.89""","=""5s2.5p4.(1D<2>).5d""","=""2[4]""","=""7/2""","=""5s2.5p4.(3P<1>).4f""","=""2[4]*""","=""9/2""",,
"=""297.231""","=""297.2326+""","=""8""","=""""",,"=""96033.48""","=""129667.35""","=""5s2.5p4.(3P<2>).5d""","=""2[2]""","=""3/2""","=""5s2.5p4.(1D<2>).6p""","=""2[1]*""","=""3/2""",,
"=""297.278""","=""297.2781+""","=""1""","=""""",,"=""111958.89""","=""145587.61""","=""5s2.5p4.(3P<2>).6p""","=""2[2]*""","=""5/2""","=""5s2.5p4.(3P<1>).6d""","=""2[3]""","=""7/2""",,
"=""297.321""","=""297.3196+""","=""0""","=""""",,"=""114751.08""","=""148375.10""","=""5s2.5p4.(3P<1>).5d""","=""2[3]""","=""5/2""","=""5s2.5p4.(3P<1>).4f""","=""2[2]*""","=""3/2""",,
"=""297.486""","=""297.4867+""","=""20Hl""","=""""",,"=""113705.40""","=""147310.54""","=""5s2.5p4.(3P<2>).6p""","=""2[3]*""","=""7/2""","=""5s2.5p4.(3P<2>).8s""","=""2[2]""","=""5/2""",,
"=""297.932""","=""297.9332+""","=""300""","=""""",,"=""106475.21""","=""140029.99""","=""5s2.5p4.(3P<2>).5d""","=""2[3]""","=""5/2""","=""5s2.5p4.(3P<2>).4f""","=""2[4]*""","=""7/2""",,
"=""298.682""","=""298.6838+""","=""8""","=""""",,"=""95396.74""","=""128867.20""","=""5s2.5p4.(3P<2>).5d""","=""2[2]""","=""5/2""","=""5s2.5p4.(1D<2>).6p""","=""2[3]*""","=""5/2""",,
"=""299.054""","=""299.0545+""","=""12*""","=""""",,"=""106906.12""","=""140335.09""","=""5s2.5p4.(3P<1>).6s""","=""2[1]""","=""1/2""","=""5s2.5p4.(3P<2>).4f""","=""2[1]*""","=""3/2""",,
"=""299.054""","=""299.0608+""","=""12*""","=""""",,"=""121179.80""","=""154608.07""","=""5s2.5p4.(3P<1>).6p""","=""2[0]*""","=""1/2""","=""5s2.5p4.(1D<2>).6d""","=""2[2]""","=""3/2""",,
"=""299.173""","=""299.1740+""","=""3*""","=""""",,"=""90873.83""","=""124289.45""","=""5s.5p6""","=""2S""","=""1/2""","=""5s2.5p4.(3P<1>).6p""","=""2[1]*""","=""3/2""",,
"=""299.173""","=""299.1751+""","=""3*""","=""""",,"=""113512.36""","=""146927.86""","=""5s2.5p4.(3P<2>).6p""","=""2[3]*""","=""5/2""","=""5s2.5p4.(3P<1>).6d""","=""2[3]""","=""5/2""",,
"=""300.398""","=""300.3973+""","=""40""","=""""",,"=""106906.12""","=""140185.67""","=""5s2.5p4.(3P<1>).6s""","=""2[1]""","=""1/2""","=""5s2.5p4.(3P<2>).4f""","=""2[1]*""","=""1/2""",,
"=""300.597""","=""300.5858+""","=""1-""","=""""",,"=""106475.21""","=""139733.89""","=""5s2.5p4.(3P<2>).5d""","=""2[3]""","=""5/2""","=""5s2.5p4.(3P<2>).7p""","=""2[3]*""","=""7/2""",,
"=""300.697""","=""300.6982+""","=""2""","=""""",,"=""105947.55""","=""139193.80""","=""5s2.5p4.(3P<2>).5d""","=""2[0]""","=""1/2""","=""5s2.5p4.(3P<2>).7p""","=""2[1]*""","=""3/2""",,
"=""300.903""","=""300.9135+""","=""0bl""","=""""",,"=""113705.40""","=""146927.86""","=""5s2.5p4.(3P<2>).6p""","=""2[3]*""","=""7/2""","=""5s2.5p4.(3P<1>).6d""","=""2[3]""","=""5/2""",,
"=""301.382""","=""301.3824+""","=""2h^""","=""""",,"=""106475.21""","=""139645.98""","=""5s2.5p4.(3P<2>).5d""","=""2[3]""","=""5/2""","=""5s2.5p4.(3P<2>).7p""","=""2[3]*""","=""5/2""",,
"=""301.552""","=""301.5624+""","=""20h""","=""""",,"=""124070.06""","=""157221.03""","=""5s2.5p4.(1D<2>).5d""","=""2[1]""","=""3/2""","=""5s2.5p4.(1D<2>).4f""","=""2[3]*""","=""5/2""",,
"=""301.743""","=""301.7472+""","=""100h""","=""""",,"=""124301.96""","=""157432.63""","=""5s2.5p4.(1D<2>).5d""","=""2[2]""","=""5/2""","=""5s2.5p4.(1D<2>).4f""","=""2[4]*""","=""7/2""",,
"=""301.978""","=""301.9770+""","=""2h""","=""""",,"=""106906.12""","=""140011.58""","=""5s2.5p4.(3P<1>).6s""","=""2[1]""","=""1/2""","=""5s2.5p4.(3P<2>).7p""","=""2[1]*""","=""1/2""",,
"=""302.210""","=""302.218+""","=""2H""","=""""",,"=""124289.45""","=""157368.5""","=""5s2.5p4.(3P<1>).6p""","=""2[1]*""","=""3/2""","=""5s2.5p4.(3P<1>).8s""","=""2[1]""","=""1/2""",,
"=""302.727""","=""302.7288+""","=""3""","=""""",,"=""106475.21""","=""139498.46""","=""5s2.5p4.(3P<2>).5d""","=""2[3]""","=""5/2""","=""5s2.5p4.(3P<2>).4f""","=""2[2]*""","=""3/2""",,
"=""302.763""","=""302.7613+""","=""2h""","=""""",,"=""116783.09""","=""149802.80""","=""5s2.5p4.(3P<2>).6p""","=""2[1]*""","=""3/2""","=""5s2.5p4.(1D<2>).7s""","=""2[2]""","=""3/2""",,
"=""303.371""","=""303.3710+""","=""10""","=""""",,"=""107381.74""","=""140335.09""","=""5s2.5p4.(3P<0>).5d""","=""2[2]""","=""3/2""","=""5s2.5p4.(3P<2>).4f""","=""2[1]*""","=""3/2""",,
"=""303.680""","=""303.6869+""","=""30h""","=""""",,"=""124301.96""","=""157221.03""","=""5s2.5p4.(1D<2>).5d""","=""2[2]""","=""5/2""","=""5s2.5p4.(1D<2>).4f""","=""2[3]*""","=""5/2""",,
"=""303.735""","=""303.7323+""","=""""","=""""",,"=""116783.09""","=""149697.24""","=""5s2.5p4.(3P<2>).6p""","=""2[1]*""","=""3/2""","=""5s2.5p4.(1D<2>).7s""","=""2[2]""","=""5/2""",,
"=""304.475""","=""304.4764+""","=""10""","=""""",,"=""96033.48""","=""128867.20""","=""5s2.5p4.(3P<2>).5d""","=""2[2]""","=""3/2""","=""5s2.5p4.(1D<2>).6p""","=""2[3]*""","=""5/2""",,
"=""304.525""","=""304.5271+""","=""30""","=""""",,"=""107381.74""","=""140209.99""","=""5s2.5p4.(3P<0>).5d""","=""2[2]""","=""3/2""","=""5s2.5p4.(3P<2>).4f""","=""2[2]*""","=""5/2""",,
"=""304.627""","=""304.6220+""","=""25""","=""""",,"=""114751.08""","=""147569.10""","=""5s2.5p4.(3P<1>).5d""","=""2[3]""","=""5/2""","=""5s2.5p4.(3P<0>).4f""","=""2[3]*""","=""7/2""",,
"=""304.756""","=""304.7529+""","=""0""","=""""",,"=""107381.74""","=""140185.67""","=""5s2.5p4.(3P<0>).5d""","=""2[2]""","=""3/2""","=""5s2.5p4.(3P<2>).4f""","=""2[1]*""","=""1/2""",,
"=""304.776""","=""304.767+""","=""8H""","=""""",,"=""124289.45""","=""157091.9""","=""5s2.5p4.(3P<1>).6p""","=""2[1]*""","=""3/2""","=""5s2.5p4.(3P<1>).8s""","=""2[1]""","=""3/2""",,
"=""304.783""","=""304.7838+""","=""0""","=""""",,"=""124301.96""","=""157102.56""","=""5s2.5p4.(1D<2>).5d""","=""2[2]""","=""5/2""","=""5s2.5p4.(1D<2>).4f""","=""2[3]*""","=""7/2""",,
"=""304.817""","=""304.813+""","=""5""","=""""",,"=""124571.09""","=""157368.5""","=""5s2.5p4.(3P<1>).6p""","=""2[1]*""","=""1/2""","=""5s2.5p4.(3P<1>).8s""","=""2[1]""","=""1/2""",,
"=""304.850""","=""304.8528+""","=""3h^""","=""""",,"=""113512.36""","=""146305.54""","=""5s2.5p4.(3P<2>).6p""","=""2[3]*""","=""5/2""","=""5s2.5p4.(3P<1>).6d""","=""2[2]""","=""5/2""",,
"=""305.098""","=""305.0998+""","=""3""","=""""",,"=""114751.08""","=""147517.71""","=""5s2.5p4.(3P<1>).5d""","=""2[3]""","=""5/2""","=""5s2.5p4.(3P<0>).4f""","=""2[3]*""","=""5/2""",,
"=""305.550""","=""305.5478+""","=""1""","=""""",,"=""106475.21""","=""139193.80""","=""5s2.5p4.(3P<2>).5d""","=""2[3]""","=""5/2""","=""5s2.5p4.(3P<2>).7p""","=""2[1]*""","=""3/2""",,
"=""305.649""","=""305.6526+""","=""20""","=""""",,"=""106475.21""","=""139182.58""","=""5s2.5p4.(3P<2>).5d""","=""2[3]""","=""5/2""","=""5s2.5p4.(3P<2>).4f""","=""2[3]*""","=""5/2""",,
"=""306.154""","=""306.1562+""","=""12""","=""""",,"=""106475.21""","=""139128.78""","=""5s2.5p4.(3P<2>).5d""","=""2[3]""","=""5/2""","=""5s2.5p4.(3P<2>).7p""","=""2[2]*""","=""5/2""",,
"=""306.372""","=""306.3789+""","=""0""","=""""",,"=""107381.74""","=""140011.58""","=""5s2.5p4.(3P<0>).5d""","=""2[2]""","=""3/2""","=""5s2.5p4.(3P<2>).7p""","=""2[1]*""","=""1/2""",,
"=""306.660""","=""306.6580+""","=""1h""","=""""",,"=""113705.40""","=""146305.54""","=""5s2.5p4.(3P<2>).6p""","=""2[3]*""","=""7/2""","=""5s2.5p4.(3P<1>).6d""","=""2[2]""","=""5/2""",,
"=""306.730""","=""306.7277+""","=""30*""","=""""",,"=""111792.17""","=""144384.90""","=""5s2.5p4.(3P<2>).6p""","=""2[2]*""","=""3/2""","=""5s2.5p4.(3P<0>).6d""","=""2[2]""","=""5/2""",,
"=""306.730""","=""306.7314+""","=""30*""","=""""",,"=""106906.12""","=""139498.46""","=""5s2.5p4.(3P<1>).6s""","=""2[1]""","=""1/2""","=""5s2.5p4.(3P<2>).4f""","=""2[2]*""","=""3/2""",,
"=""307.317""","=""307.3187+""","=""2h""","=""""",,"=""106475.21""","=""139005.27""","=""5s2.5p4.(3P<2>).5d""","=""2[3]""","=""5/2""","=""5s2.5p4.(3P<2>).4f""","=""2[3]*""","=""7/2""",,
"=""308.262""","=""308.2613+""","=""20""","=""""",,"=""107904.50""","=""140335.09""","=""5s2.5p4.(3P<1>).5d""","=""2[1]""","=""3/2""","=""5s2.5p4.(3P<2>).4f""","=""2[1]*""","=""3/2""",,
"=""308.287""","=""308.2861+""","=""2""","=""""",,"=""113512.36""","=""145940.34""","=""5s2.5p4.(3P<2>).6p""","=""2[3]*""","=""5/2""","=""5s2.5p4.(3P<1>).6d""","=""2[2]""","=""3/2""",,
"=""308.512""","=""308.5115+""","=""1-*""","=""""",,"=""121179.80""","=""153584.09""","=""5s2.5p4.(3P<1>).6p""","=""2[0]*""","=""1/2""","=""5s2.5p4.(1D<2>).6d""","=""2[1]""","=""3/2""",,
"=""308.512""","=""308.5181+""","=""1-*""","=""""",,"=""121628.82""","=""154032.42""","=""5s2.5p4.(3P<0>).6p""","=""2[1]*""","=""3/2""","=""5s2.5p4.(1D<2>).6d""","=""2[2]""","=""5/2""",,
"=""308.734""","=""308.7356+""","=""1-""","=""""",,"=""90873.83""","=""123254.60""","=""5s.5p6""","=""2S""","=""1/2""","=""5s2.5p4.(3P<1>).6p""","=""2[2]*""","=""3/2""",,
"=""309.047""","=""309.0485+""","=""1""","=""""",,"=""111792.17""","=""144140.16""","=""5s2.5p4.(3P<2>).6p""","=""2[2]*""","=""3/2""","=""5s2.5p4.(3P<0>).6d""","=""2[2]""","=""3/2""",,
"=""309.241""","=""309.2414+""","=""15""","=""""",,"=""108007.28""","=""140335.09""","=""5s2.5p4.(3P<0>).5d""","=""2[2]""","=""5/2""","=""5s2.5p4.(3P<2>).4f""","=""2[1]*""","=""3/2""",,
"=""309.453""","=""309.4551+""","=""30h""","=""""",,"=""107904.50""","=""140209.99""","=""5s2.5p4.(3P<1>).5d""","=""2[1]""","=""3/2""","=""5s2.5p4.(3P<2>).4f""","=""2[2]*""","=""5/2""",,
"=""309.690""","=""309.6882+""","=""8""","=""""",,"=""107904.50""","=""140185.67""","=""5s2.5p4.(3P<1>).5d""","=""2[1]""","=""3/2""","=""5s2.5p4.(3P<2>).4f""","=""2[1]*""","=""1/2""",,
"=""309.821""","=""309.8199+""","=""2""","=""""",,"=""113672.89""","=""145940.34""","=""5s2.5p4.(3P<2>).6p""","=""2[1]*""","=""1/2""","=""5s2.5p4.(3P<1>).6d""","=""2[2]""","=""3/2""",,
"=""309.850""","=""309.8507+""","=""1""","=""""",,"=""107381.74""","=""139645.98""","=""5s2.5p4.(3P<0>).5d""","=""2[2]""","=""3/2""","=""5s2.5p4.(3P<2>).7p""","=""2[3]*""","=""5/2""",,
"=""310.151""","=""310.1600+""","=""50h""","=""""",,"=""124070.06""","=""156302.13""","=""5s2.5p4.(1D<2>).5d""","=""2[1]""","=""3/2""","=""5s2.5p4.(1D<2>).4f""","=""2[2]*""","=""3/2""",,
"=""310.440""","=""310.4428+""","=""70h""","=""""",,"=""108007.28""","=""140209.99""","=""5s2.5p4.(3P<0>).5d""","=""2[2]""","=""5/2""","=""5s2.5p4.(3P<2>).4f""","=""2[2]*""","=""5/2""",,
"=""310.654""","=""310.6496+""","=""0bl""","=""""",,"=""111958.89""","=""144140.16""","=""5s2.5p4.(3P<2>).6p""","=""2[2]*""","=""5/2""","=""5s2.5p4.(3P<0>).6d""","=""2[2]""","=""3/2""",,
"=""310.782""","=""310.7996+""","=""20Hl""","=""""",,"=""124070.06""","=""156235.80""","=""5s2.5p4.(1D<2>).5d""","=""2[1]""","=""3/2""","=""5s2.5p4.(1D<2>).4f""","=""2[2]*""","=""5/2""",,
"=""311.274""","=""311.2740+""","=""20""","=""""",,"=""107381.74""","=""139498.46""","=""5s2.5p4.(3P<0>).5d""","=""2[2]""","=""3/2""","=""5s2.5p4.(3P<2>).4f""","=""2[2]*""","=""3/2""",,
"=""311.678""","=""311.6765+""","=""2h""","=""""",,"=""113512.36""","=""145587.61""","=""5s2.5p4.(3P<2>).6p""","=""2[3]*""","=""5/2""","=""5s2.5p4.(3P<1>).6d""","=""2[3]""","=""7/2""",,
"=""312.187""","=""312.1879+""","=""250""","=""""",,"=""108007.28""","=""140029.99""","=""5s2.5p4.(3P<0>).5d""","=""2[2]""","=""5/2""","=""5s2.5p4.(3P<2>).4f""","=""2[4]*""","=""7/2""",,
"=""312.402""","=""312.4078+""","=""12h""","=""""",,"=""124301.96""","=""156302.13""","=""5s2.5p4.(1D<2>).5d""","=""2[2]""","=""5/2""","=""5s2.5p4.(1D<2>).4f""","=""2[2]*""","=""3/2""",,
"=""312.840""","=""312.8309+""","=""1H*""","=""""",,"=""121628.82""","=""153585.71""","=""5s2.5p4.(3P<0>).6p""","=""2[1]*""","=""3/2""","=""5s2.5p4.(1D<2>).6d""","=""2[3]""","=""5/2""",,
"=""312.840""","=""312.8467+""","=""1H*""","=""""",,"=""121628.82""","=""153584.09""","=""5s2.5p4.(3P<0>).6p""","=""2[1]*""","=""3/2""","=""5s2.5p4.(1D<2>).6d""","=""2[1]""","=""3/2""",,
"=""313.040""","=""313.0567+""","=""3H""","=""""",,"=""124301.96""","=""156235.80""","=""5s2.5p4.(1D<2>).5d""","=""2[2]""","=""5/2""","=""5s2.5p4.(1D<2>).4f""","=""2[2]*""","=""5/2""",,
"=""314.254""","=""314.2552+""","=""0""","=""""",,"=""107381.74""","=""139193.80""","=""5s2.5p4.(3P<0>).5d""","=""2[2]""","=""3/2""","=""5s2.5p4.(3P<2>).7p""","=""2[1]*""","=""3/2""",,
"=""314.362""","=""314.3660+""","=""6""","=""""",,"=""107381.74""","=""139182.58""","=""5s2.5p4.(3P<0>).5d""","=""2[2]""","=""3/2""","=""5s2.5p4.(3P<2>).4f""","=""2[3]*""","=""5/2""",,
"=""314.502""","=""314.5037+""","=""4h""","=""""",,"=""108423.07""","=""140209.99""","=""5s2.5p4.(3P<1>).5d""","=""2[3]""","=""7/2""","=""5s2.5p4.(3P<2>).4f""","=""2[2]*""","=""5/2""",,
"=""314.899""","=""314.8988+""","=""5""","=""""",,"=""107381.74""","=""139128.78""","=""5s2.5p4.(3P<0>).5d""","=""2[2]""","=""3/2""","=""5s2.5p4.(3P<2>).7p""","=""2[2]*""","=""5/2""",,
"=""315.097""","=""315.1016+""","=""3""","=""""",,"=""108007.28""","=""139733.89""","=""5s2.5p4.(3P<0>).5d""","=""2[2]""","=""5/2""","=""5s2.5p4.(3P<2>).7p""","=""2[3]*""","=""7/2""",,
"=""315.975""","=""315.9771+""","=""4h""","=""""",,"=""108007.28""","=""139645.98""","=""5s2.5p4.(3P<0>).5d""","=""2[2]""","=""5/2""","=""5s2.5p4.(3P<2>).7p""","=""2[3]*""","=""5/2""",,
"=""316.293""","=""316.2949+""","=""25""","=""""",,"=""108423.07""","=""140029.99""","=""5s2.5p4.(3P<1>).5d""","=""2[3]""","=""7/2""","=""5s2.5p4.(3P<2>).4f""","=""2[4]*""","=""7/2""",,
"=""316.423""","=""316.4246+""","=""6""","=""""",,"=""107904.50""","=""139498.46""","=""5s2.5p4.(3P<1>).5d""","=""2[1]""","=""3/2""","=""5s2.5p4.(3P<2>).4f""","=""2[2]*""","=""3/2""",,
"=""316.527""","=""316.5277+""","=""6""","=""""",,"=""101157.48""","=""132741.15""","=""5s2.5p4.(3P<0>).6s""","=""2[0]""","=""1/2""","=""5s2.5p4.(1D<2>).6p""","=""2[1]*""","=""1/2""",,
"=""316.867""","=""316.8672+""","=""3h""","=""""",,"=""113672.89""","=""145222.72""","=""5s2.5p4.(3P<2>).6p""","=""2[1]*""","=""1/2""","=""5s2.5p4.(3P<1>).6d""","=""2[1]""","=""1/2""",,
"=""317.459""","=""317.4574+""","=""1""","=""""",,"=""108007.28""","=""139498.46""","=""5s2.5p4.(3P<0>).5d""","=""2[2]""","=""5/2""","=""5s2.5p4.(3P<2>).4f""","=""2[2]*""","=""3/2""",,
"=""317.564""","=""317.5645+""","=""80""","=""""",,"=""108423.07""","=""139903.63""","=""5s2.5p4.(3P<1>).5d""","=""2[3]""","=""7/2""","=""5s2.5p4.(3P<2>).4f""","=""2[5]*""","=""9/2""",,
"=""318.139""","=""318.1386+""","=""3h""","=""""",,"=""109563.14""","=""140986.89""","=""5s2.5p4.(1D<2>).6s""","=""2[2]""","=""5/2""","=""5s2.5p4.(3P<2>).7p""","=""2[2]*""","=""3/2""",,
"=""318.435""","=""318.4467+""","=""10h""","=""""",,"=""124070.06""","=""155463.41""","=""5s2.5p4.(1D<2>).5d""","=""2[1]""","=""3/2""","=""5s2.5p4.(1D<2>).4f""","=""2[1]*""","=""3/2""",,
"=""319.375""","=""319.3751+""","=""1h""","=""""",,"=""116783.09""","=""148085.19""","=""5s2.5p4.(3P<2>).6p""","=""2[1]*""","=""3/2""","=""5s2.5p4.(3P<1>).6d""","=""2[1]""","=""3/2""",,
"=""319.485""","=""319.490+""","=""0*""","=""""",,"=""130063.96""","=""161354.8""","=""5s2.5p4.(1D<2>).6p""","=""2[3]*""","=""7/2""","=""5s2.5p4.(3P<1>).5g""","=""2[4]""","=""9/2""",,
"=""319.485""","=""319.4966+""","=""0*""","=""""",,"=""130063.96""","=""161354.15""","=""5s2.5p4.(1D<2>).6p""","=""2[3]*""","=""7/2""","=""5s2.5p4.(3P<1>).5g""","=""2[4]""","=""7/2""",,
"=""319.622""","=""319.6203+""","=""25""","=""""",,"=""107904.50""","=""139182.58""","=""5s2.5p4.(3P<1>).5d""","=""2[1]""","=""3/2""","=""5s2.5p4.(3P<2>).4f""","=""2[3]*""","=""5/2""",,
"=""320.168""","=""320.1711+""","=""3h""","=""""",,"=""107904.50""","=""139128.78""","=""5s2.5p4.(3P<1>).5d""","=""2[1]""","=""3/2""","=""5s2.5p4.(3P<2>).7p""","=""2[2]*""","=""5/2""",,
"=""320.204""","=""320.2046+""","=""10""","=""""",,"=""93068.44""","=""124289.45""","=""5s2.5p4.(3P<2>).6s""","=""2[2]""","=""5/2""","=""5s2.5p4.(3P<1>).6p""","=""2[1]*""","=""3/2""",,
"=""320.672""","=""320.6741+""","=""1-^""","=""""",,"=""108007.28""","=""139182.58""","=""5s2.5p4.(3P<0>).5d""","=""2[2]""","=""5/2""","=""5s2.5p4.(3P<2>).4f""","=""2[3]*""","=""5/2""",,
"=""321.159""","=""321.1590+""","=""1H""","=""""",,"=""123254.60""","=""154382.83""","=""5s2.5p4.(3P<1>).6p""","=""2[2]*""","=""3/2""","=""5s2.5p4.(1D<2>).6d""","=""2[1]""","=""1/2""",,
"=""321.229""","=""321.2285+""","=""5h""","=""""",,"=""108007.28""","=""139128.78""","=""5s2.5p4.(3P<0>).5d""","=""2[2]""","=""5/2""","=""5s2.5p4.(3P<2>).7p""","=""2[2]*""","=""5/2""",,
"=""322.508""","=""322.5084+""","=""15""","=""""",,"=""108007.28""","=""139005.27""","=""5s2.5p4.(3P<0>).5d""","=""2[2]""","=""5/2""","=""5s2.5p4.(3P<2>).4f""","=""2[3]*""","=""7/2""",,
"=""323.323""","=""323.3232+""","=""1""","=""""",,"=""123112.54""","=""154032.42""","=""5s2.5p4.(3P<1>).6p""","=""2[2]*""","=""5/2""","=""5s2.5p4.(1D<2>).6d""","=""2[2]""","=""5/2""",,
"=""324.774""","=""324.7790+""","=""6Hl""","=""""",,"=""116783.09""","=""147564.38""","=""5s2.5p4.(3P<2>).6p""","=""2[1]*""","=""3/2""","=""5s2.5p4.(3P<2>).8s""","=""2[2]""","=""3/2""",,
"=""324.883""","=""324.8776+""","=""1-^""","=""""",,"=""109563.14""","=""140335.09""","=""5s2.5p4.(1D<2>).6s""","=""2[2]""","=""5/2""","=""5s2.5p4.(3P<2>).4f""","=""2[1]*""","=""3/2""",,
"=""324.935""","=""324.9371+""","=""1-^""","=""""",,"=""101157.48""","=""131923.79""","=""5s2.5p4.(3P<0>).6s""","=""2[0]""","=""1/2""","=""5s2.5p4.(1D<2>).6p""","=""2[2]*""","=""3/2""",,
"=""325.004""","=""325.0090+""","=""2h""","=""""",,"=""108423.07""","=""139182.58""","=""5s2.5p4.(3P<1>).5d""","=""2[3]""","=""7/2""","=""5s2.5p4.(3P<2>).4f""","=""2[3]*""","=""5/2""",,
"=""325.056""","=""325.0567+""","=""25""","=""""",,"=""90873.83""","=""121628.82""","=""5s.5p6""","=""2S""","=""1/2""","=""5s2.5p4.(3P<0>).6p""","=""2[1]*""","=""3/2""",,
"=""325.936""","=""325.9353+""","=""12""","=""""",,"=""101535.67""","=""132207.76""","=""5s2.5p4.(3P<2>).5d""","=""2[4]""","=""7/2""","=""5s2.5p4.(1D<2>).6p""","=""2[2]*""","=""5/2""",,
"=""326.073""","=""326.0748+""","=""2""","=""""",,"=""99404.99""","=""130063.96""","=""5s2.5p4.(3P<2>).5d""","=""2[4]""","=""9/2""","=""5s2.5p4.(1D<2>).6p""","=""2[3]*""","=""7/2""",,
"=""326.202""","=""326.2038+""","=""4h""","=""""",,"=""109563.14""","=""140209.99""","=""5s2.5p4.(1D<2>).6s""","=""2[2]""","=""5/2""","=""5s2.5p4.(3P<2>).4f""","=""2[2]*""","=""5/2""",,
"=""326.403""","=""326.4067+""","=""0""","=""""",,"=""113512.36""","=""144140.16""","=""5s2.5p4.(3P<2>).6p""","=""2[3]*""","=""5/2""","=""5s2.5p4.(3P<0>).6d""","=""2[2]""","=""3/2""",,
"=""326.734""","=""326.7335+""","=""3h""","=""""",,"=""119085.49""","=""149682.65""","=""5s2.5p4.(1D<2>).5d""","=""2[3]""","=""5/2""","=""5s2.5p4.(3P<1>).4f""","=""2[3]*""","=""7/2""",,
"=""326.808""","=""326.8104+""","=""1h^""","=""""",,"=""111792.17""","=""142382.13""","=""5s2.5p4.(3P<2>).6p""","=""2[2]*""","=""3/2""","=""5s2.5p4.(3P<1>).7s""","=""2[1]""","=""3/2""",,
"=""327.291""","=""327.2936+""","=""60""","=""""",,"=""108423.07""","=""138967.87""","=""5s2.5p4.(3P<1>).5d""","=""2[3]""","=""7/2""","=""5s2.5p4.(3P<2>).4f""","=""2[4]*""","=""9/2""",,
"=""327.480""","=""327.4797+""","=""2H^""","=""""",,"=""116783.09""","=""147310.54""","=""5s2.5p4.(3P<2>).6p""","=""2[1]*""","=""3/2""","=""5s2.5p4.(3P<2>).8s""","=""2[2]""","=""5/2""",,
"=""328.126""","=""328.1265+""","=""12h*""","=""""",,"=""113672.89""","=""144140.16""","=""5s2.5p4.(3P<2>).6p""","=""2[1]*""","=""1/2""","=""5s2.5p4.(3P<0>).6d""","=""2[2]""","=""3/2""",,
"=""328.126""","=""328.1311+""","=""12h*""","=""""",,"=""109563.14""","=""140029.99""","=""5s2.5p4.(1D<2>).6s""","=""2[2]""","=""5/2""","=""5s2.5p4.(3P<2>).4f""","=""2[4]*""","=""7/2""",,
"=""329.620""","=""329.6172+""","=""1h""","=""""",,"=""123254.60""","=""153584.09""","=""5s2.5p4.(3P<1>).6p""","=""2[2]*""","=""3/2""","=""5s2.5p4.(1D<2>).6d""","=""2[1]""","=""3/2""",,
"=""329.872""","=""329.8730+""","=""6""","=""""",,"=""90873.83""","=""121179.80""","=""5s.5p6""","=""2S""","=""1/2""","=""5s2.5p4.(3P<1>).6p""","=""2[0]*""","=""1/2""",,
"=""331.085""","=""331.0863+""","=""1h""","=""""",,"=""119085.49""","=""149280.40""","=""5s2.5p4.(1D<2>).5d""","=""2[3]""","=""5/2""","=""5s2.5p4.(3P<1>).4f""","=""2[4]*""","=""7/2""",,
"=""331.180""","=""331.1823+""","=""2""","=""""",,"=""93068.44""","=""123254.60""","=""5s2.5p4.(3P<2>).6s""","=""2[2]""","=""5/2""","=""5s2.5p4.(3P<1>).6p""","=""2[2]*""","=""3/2""",,
"=""331.348""","=""331.3515+""","=""2h""","=""""",,"=""109563.14""","=""139733.89""","=""5s2.5p4.(1D<2>).6s""","=""2[2]""","=""5/2""","=""5s2.5p4.(3P<2>).7p""","=""2[3]*""","=""7/2""",,
"=""331.639""","=""331.6371+""","=""6h""","=""""",,"=""116783.09""","=""146927.86""","=""5s2.5p4.(3P<2>).6p""","=""2[1]*""","=""3/2""","=""5s2.5p4.(3P<1>).6d""","=""2[3]""","=""5/2""",,
"=""332.057""","=""332.0619+""","=""1h""","=""""",,"=""119085.49""","=""149191.69""","=""5s2.5p4.(1D<2>).5d""","=""2[3]""","=""5/2""","=""5s2.5p4.(1S<0>).6p""","=""2[1]*""","=""3/2""",,
"=""332.746""","=""332.7483+""","=""15""","=""""",,"=""93068.44""","=""123112.54""","=""5s2.5p4.(3P<2>).6s""","=""2[2]""","=""5/2""","=""5s2.5p4.(3P<1>).6p""","=""2[2]*""","=""5/2""",,
"=""333.880""","=""333.8821+""","=""4h""","=""""",,"=""102799.07""","=""132741.15""","=""5s2.5p4.(3P<1>).6s""","=""2[1]""","=""3/2""","=""5s2.5p4.(1D<2>).6p""","=""2[1]*""","=""1/2""",,
"=""333.949""","=""333.9575+""","=""3""","=""""",,"=""109563.14""","=""139498.46""","=""5s2.5p4.(1D<2>).6s""","=""2[2]""","=""5/2""","=""5s2.5p4.(3P<2>).4f""","=""2[2]*""","=""3/2""",,
"=""334.727""","=""334.7292+""","=""3H""","=""""",,"=""119085.49""","=""148951.80""","=""5s2.5p4.(1D<2>).5d""","=""2[3]""","=""5/2""","=""5s2.5p4.(3P<1>).4f""","=""2[2]*""","=""5/2""",,
"=""335.344""","=""335.3419+""","=""1h^""","=""""",,"=""124571.09""","=""154382.83""","=""5s2.5p4.(3P<1>).6p""","=""2[1]*""","=""1/2""","=""5s2.5p4.(1D<2>).6d""","=""2[1]""","=""1/2""",,
"=""336.672""","=""336.6747+""","=""300h""","=""""",,"=""127527.30""","=""157221.03""","=""5s2.5p4.(1D<2>).5d""","=""2[2]""","=""3/2""","=""5s2.5p4.(1D<2>).4f""","=""2[3]*""","=""5/2""",,
"=""337.392""","=""337.3914+""","=""2h""","=""""",,"=""109563.14""","=""139193.80""","=""5s2.5p4.(1D<2>).6s""","=""2[2]""","=""5/2""","=""5s2.5p4.(3P<2>).7p""","=""2[1]*""","=""3/2""",,
"=""337.516""","=""337.5192+""","=""3h""","=""""",,"=""109563.14""","=""139182.58""","=""5s2.5p4.(1D<2>).6s""","=""2[2]""","=""5/2""","=""5s2.5p4.(3P<2>).4f""","=""2[3]*""","=""5/2""",,
"=""338.134""","=""338.1334+""","=""1h^""","=""""",,"=""109563.14""","=""139128.78""","=""5s2.5p4.(1D<2>).6s""","=""2[2]""","=""5/2""","=""5s2.5p4.(3P<2>).7p""","=""2[2]*""","=""5/2""",,
"=""338.413""","=""338.4150+""","=""40h""","=""""",,"=""90873.83""","=""120414.87""","=""5s.5p6""","=""2S""","=""1/2""","=""5s2.5p4.(3P<0>).6p""","=""2[1]*""","=""1/2""",,
"=""338.630""","=""338.6281+""","=""2h""","=""""",,"=""116783.09""","=""146305.54""","=""5s2.5p4.(3P<2>).6p""","=""2[1]*""","=""3/2""","=""5s2.5p4.(3P<1>).6d""","=""2[2]""","=""5/2""",,
"=""338.805""","=""338.8087+""","=""2""","=""""",,"=""95064.38""","=""124571.09""","=""5s2.5p4.(3P<2>).6s""","=""2[2]""","=""3/2""","=""5s2.5p4.(3P<1>).6p""","=""2[1]*""","=""1/2""",,
"=""339.550""","=""339.5519+""","=""3""","=""""",,"=""109563.14""","=""139005.27""","=""5s2.5p4.(1D<2>).6s""","=""2[2]""","=""5/2""","=""5s2.5p4.(3P<2>).4f""","=""2[3]*""","=""7/2""",,
"=""339.937""","=""339.9380+""","=""1""","=""""",,"=""102799.07""","=""132207.76""","=""5s2.5p4.(3P<1>).6s""","=""2[1]""","=""3/2""","=""5s2.5p4.(1D<2>).6p""","=""2[2]*""","=""5/2""",,
"=""341.258""","=""341.2615+""","=""1H-""","=""""",,"=""124289.45""","=""153584.09""","=""5s2.5p4.(3P<1>).6p""","=""2[1]*""","=""3/2""","=""5s2.5p4.(1D<2>).6d""","=""2[1]""","=""3/2""",,
"=""341.320""","=""341.3201+""","=""6H""","=""""",,"=""119085.49""","=""148375.10""","=""5s2.5p4.(1D<2>).5d""","=""2[3]""","=""5/2""","=""5s2.5p4.(3P<1>).4f""","=""2[2]*""","=""3/2""",,
"=""341.704""","=""341.7004+""","=""1-""","=""""",,"=""113672.89""","=""142929.90""","=""5s2.5p4.(3P<2>).6p""","=""2[1]*""","=""1/2""","=""5s2.5p4.(3P<1>).7s""","=""2[1]""","=""1/2""",,
"=""342.073""","=""342.0739+""","=""40""","=""""",,"=""95064.38""","=""124289.45""","=""5s2.5p4.(3P<2>).6s""","=""2[2]""","=""3/2""","=""5s2.5p4.(3P<1>).6p""","=""2[1]*""","=""3/2""",,
"=""343.249""","=""343.2525+""","=""1""","=""""",,"=""102799.07""","=""131923.79""","=""5s2.5p4.(3P<1>).6s""","=""2[1]""","=""3/2""","=""5s2.5p4.(1D<2>).6p""","=""2[2]*""","=""3/2""",,
"=""343.648""","=""343.6475+""","=""1-""","=""""",,"=""111792.17""","=""140883.42""","=""5s2.5p4.(3P<2>).6p""","=""2[2]*""","=""3/2""","=""5s2.5p4.(3P<0>).7s""","=""2[0]""","=""1/2""",,
"=""344.634""","=""344.6322+""","=""25h""","=""""",,"=""111326.96""","=""140335.09""","=""5s2.5p4.(3P<1>).5d""","=""2[2]""","=""3/2""","=""5s2.5p4.(3P<2>).4f""","=""2[1]*""","=""3/2""",,
"=""346.008""","=""346.0090+""","=""8""","=""""",,"=""95396.74""","=""124289.45""","=""5s2.5p4.(3P<2>).5d""","=""2[2]""","=""5/2""","=""5s2.5p4.(3P<1>).6p""","=""2[1]*""","=""3/2""",,
"=""346.126""","=""346.1249+""","=""100h""","=""""",,"=""111326.96""","=""140209.99""","=""5s2.5p4.(3P<1>).5d""","=""2[2]""","=""3/2""","=""5s2.5p4.(3P<2>).4f""","=""2[2]*""","=""5/2""",,
"=""346.281""","=""346.2839+""","=""1-""","=""""",,"=""113512.36""","=""142382.13""","=""5s2.5p4.(3P<2>).6p""","=""2[3]*""","=""5/2""","=""5s2.5p4.(3P<1>).7s""","=""2[1]""","=""3/2""",,
"=""346.417""","=""346.4166+""","=""1h""","=""""",,"=""111326.96""","=""140185.67""","=""5s2.5p4.(3P<1>).5d""","=""2[2]""","=""3/2""","=""5s2.5p4.(3P<2>).4f""","=""2[1]*""","=""1/2""",,
"=""346.768""","=""346.7677+""","=""1-""","=""""",,"=""120853.16""","=""149682.65""","=""5s2.5p4.(1D<2>).5d""","=""2[3]""","=""7/2""","=""5s2.5p4.(3P<1>).4f""","=""2[3]*""","=""7/2""",,
"=""347.423""","=""347.4265+""","=""20h""","=""""",,"=""127527.30""","=""156302.13""","=""5s2.5p4.(1D<2>).5d""","=""2[2]""","=""3/2""","=""5s2.5p4.(1D<2>).4f""","=""2[2]*""","=""3/2""",,
"=""348.221""","=""348.2292+""","=""2h""","=""""",,"=""127527.30""","=""156235.80""","=""5s2.5p4.(1D<2>).5d""","=""2[2]""","=""3/2""","=""5s2.5p4.(1D<2>).4f""","=""2[2]*""","=""5/2""",,
"=""348.523""","=""348.5191+""","=""1h""","=""""",,"=""111326.96""","=""140011.58""","=""5s2.5p4.(3P<1>).5d""","=""2[2]""","=""3/2""","=""5s2.5p4.(3P<2>).7p""","=""2[1]*""","=""1/2""",,
"=""350.036""","=""350.0353+""","=""30""","=""""",,"=""93068.44""","=""121628.82""","=""5s2.5p4.(3P<2>).6s""","=""2[2]""","=""5/2""","=""5s2.5p4.(3P<0>).6p""","=""2[1]*""","=""3/2""",,
"=""350.315""","=""350.3146+""","=""15""","=""""",,"=""96033.48""","=""124571.09""","=""5s2.5p4.(3P<2>).5d""","=""2[2]""","=""3/2""","=""5s2.5p4.(3P<1>).6p""","=""2[1]*""","=""1/2""",,
"=""350.425""","=""350.4290+""","=""1""","=""""",,"=""101535.67""","=""130063.96""","=""5s2.5p4.(3P<2>).5d""","=""2[4]""","=""7/2""","=""5s2.5p4.(1D<2>).6p""","=""2[3]*""","=""7/2""",,
"=""350.656""","=""350.6554+""","=""15""","=""""",,"=""101157.48""","=""129667.35""","=""5s2.5p4.(3P<0>).6s""","=""2[0]""","=""1/2""","=""5s2.5p4.(1D<2>).6p""","=""2[1]*""","=""3/2""",,
"=""350.888""","=""350.8866+""","=""20""","=""""",,"=""104250.06""","=""132741.15""","=""5s2.5p4.(3P<1>).5d""","=""2[1]""","=""1/2""","=""5s2.5p4.(1D<2>).6p""","=""2[1]*""","=""1/2""",,
"=""350.978""","=""350.9787+""","=""""","=""""",,"=""119085.49""","=""147569.10""","=""5s2.5p4.(1D<2>).5d""","=""2[3]""","=""5/2""","=""5s2.5p4.(3P<0>).4f""","=""2[3]*""","=""7/2""",,
"=""351.357""","=""351.3611+""","=""1""","=""""",,"=""127010.80""","=""155463.41""","=""5s2.5p4.(1D<2>).5d""","=""2[1]""","=""1/2""","=""5s2.5p4.(1D<2>).4f""","=""2[1]*""","=""3/2""",,
"=""351.671""","=""351.6747+""","=""2""","=""""",,"=""120853.16""","=""149280.40""","=""5s2.5p4.(1D<2>).5d""","=""2[3]""","=""7/2""","=""5s2.5p4.(3P<1>).4f""","=""2[4]*""","=""7/2""",,
"=""352.153""","=""352.1556+""","=""2""","=""""",,"=""123112.54""","=""151500.96""","=""5s2.5p4.(3P<1>).6p""","=""2[2]*""","=""5/2""","=""5s2.5p4.(3P<2>).5g""","=""2[3]""","=""5/2""",,
"=""353.021""","=""353.0187+""","=""3H""","=""""",,"=""111326.96""","=""139645.98""","=""5s2.5p4.(3P<1>).5d""","=""2[2]""","=""3/2""","=""5s2.5p4.(3P<2>).7p""","=""2[3]*""","=""5/2""",,
"=""353.461""","=""353.4651+""","=""1h^""","=""""",,"=""112703.64""","=""140986.89""","=""5s2.5p4.(3P<1>).5d""","=""2[2]""","=""5/2""","=""5s2.5p4.(3P<2>).7p""","=""2[2]*""","=""3/2""",,
"=""353.808""","=""353.8064+""","=""2""","=""""",,"=""96033.48""","=""124289.45""","=""5s2.5p4.(3P<2>).5d""","=""2[2]""","=""3/2""","=""5s2.5p4.(3P<1>).6p""","=""2[1]*""","=""3/2""",,
"=""353.941""","=""353.9268+""","=""0""","=""""",,"=""123254.60""","=""151500.96""","=""5s2.5p4.(3P<1>).6p""","=""2[2]*""","=""3/2""","=""5s2.5p4.(3P<2>).5g""","=""2[3]""","=""5/2""",,
"=""354.629""","=""354.6316+""","=""1h""","=""""",,"=""95064.38""","=""123254.60""","=""5s2.5p4.(3P<2>).6s""","=""2[2]""","=""3/2""","=""5s2.5p4.(3P<1>).6p""","=""2[2]*""","=""3/2""",,
"=""354.869""","=""354.8673+""","=""2h""","=""""",,"=""111326.96""","=""139498.46""","=""5s2.5p4.(3P<1>).5d""","=""2[2]""","=""3/2""","=""5s2.5p4.(3P<2>).4f""","=""2[2]*""","=""3/2""",,
"=""355.788""","=""355.7875+""","=""2bl""","=""""",,"=""120853.16""","=""148951.80""","=""5s2.5p4.(1D<2>).5d""","=""2[3]""","=""7/2""","=""5s2.5p4.(3P<1>).4f""","=""2[2]*""","=""5/2""",,
"=""356.175""","=""356.1706+""","=""1-^""","=""""",,"=""121628.82""","=""149697.24""","=""5s2.5p4.(3P<0>).6p""","=""2[1]*""","=""3/2""","=""5s2.5p4.(1D<2>).7s""","=""2[2]""","=""5/2""",,
"=""356.250""","=""356.2514+""","=""1-^""","=""""",,"=""112924.84""","=""140986.89""","=""5s2.5p4.(1D<2>).6s""","=""2[2]""","=""3/2""","=""5s2.5p4.(3P<2>).7p""","=""2[2]*""","=""3/2""",,
"=""356.430""","=""356.4278+""","=""20""","=""""",,"=""95064.38""","=""123112.54""","=""5s2.5p4.(3P<2>).6s""","=""2[2]""","=""3/2""","=""5s2.5p4.(3P<1>).6p""","=""2[2]*""","=""5/2""",,
"=""357.858""","=""357.8575+""","=""2""","=""""",,"=""127527.30""","=""155463.41""","=""5s2.5p4.(1D<2>).5d""","=""2[2]""","=""3/2""","=""5s2.5p4.(1D<2>).4f""","=""2[1]*""","=""3/2""",,
"=""358.862""","=""358.8627+""","=""6h""","=""""",,"=""95396.74""","=""123254.60""","=""5s2.5p4.(3P<2>).5d""","=""2[2]""","=""5/2""","=""5s2.5p4.(3P<1>).6p""","=""2[2]*""","=""3/2""",,
"=""358.902""","=""358.8916+""","=""2bl""","=""""",,"=""111326.96""","=""139182.58""","=""5s2.5p4.(3P<1>).5d""","=""2[2]""","=""3/2""","=""5s2.5p4.(3P<2>).4f""","=""2[3]*""","=""5/2""",,
"=""358.988""","=""358.9864+""","=""1H""","=""""",,"=""111792.17""","=""139640.43""","=""5s2.5p4.(3P<2>).6p""","=""2[2]*""","=""3/2""","=""5s2.5p4.(3P<2>).6d""","=""2[1]""","=""3/2""",,
"=""360.483""","=""360.4819+""","=""3h""","=""""",,"=""120853.16""","=""148585.89""","=""5s2.5p4.(1D<2>).5d""","=""2[3]""","=""7/2""","=""5s2.5p4.(3P<1>).4f""","=""2[4]*""","=""9/2""",,
"=""360.741""","=""360.7398+""","=""8""","=""""",,"=""96858.18""","=""124571.09""","=""5s2.5p4.(3P<2>).5d""","=""2[1]""","=""1/2""","=""5s2.5p4.(3P<1>).6p""","=""2[1]*""","=""1/2""",,
"=""361.152""","=""361.1486+""","=""1h""","=""""",,"=""111958.89""","=""139640.43""","=""5s2.5p4.(3P<2>).6p""","=""2[2]*""","=""5/2""","=""5s2.5p4.(3P<2>).6d""","=""2[1]""","=""3/2""",,
"=""361.237""","=""361.2356+""","=""20""","=""""",,"=""95437.67""","=""123112.54""","=""5s2.5p4.(3P<2>).5d""","=""2[3]""","=""7/2""","=""5s2.5p4.(3P<1>).6p""","=""2[2]*""","=""5/2""",,
"=""361.794""","=""361.8033+""","=""1""","=""""",,"=""112703.64""","=""140335.09""","=""5s2.5p4.(3P<1>).5d""","=""2[2]""","=""5/2""","=""5s2.5p4.(3P<2>).4f""","=""2[1]*""","=""3/2""",,
"=""362.198""","=""362.1918+""","=""3h""","=""""",,"=""116783.09""","=""144384.90""","=""5s2.5p4.(3P<2>).6p""","=""2[1]*""","=""3/2""","=""5s2.5p4.(3P<0>).6d""","=""2[2]""","=""5/2""",,
"=""363.448""","=""363.4488+""","=""1-""","=""""",,"=""112703.64""","=""140209.99""","=""5s2.5p4.(3P<1>).5d""","=""2[2]""","=""5/2""","=""5s2.5p4.(3P<2>).4f""","=""2[2]*""","=""5/2""",,
"=""364.443""","=""364.4436+""","=""5""","=""""",,"=""96858.18""","=""124289.45""","=""5s2.5p4.(3P<2>).5d""","=""2[1]""","=""1/2""","=""5s2.5p4.(3P<1>).6p""","=""2[1]*""","=""3/2""",,
"=""364.491""","=""364.4895+""","=""5""","=""""",,"=""105313.33""","=""132741.15""","=""5s2.5p4.(3P<2>).5d""","=""2[1]""","=""3/2""","=""5s2.5p4.(1D<2>).6p""","=""2[1]*""","=""1/2""",,
"=""364.529""","=""364.533+""","=""3""","=""""",,"=""129667.35""","=""157091.9""","=""5s2.5p4.(1D<2>).6p""","=""2[1]*""","=""3/2""","=""5s2.5p4.(3P<1>).8s""","=""2[1]""","=""3/2""",,
"=""365.444""","=""365.4321+""","=""3bl""","=""""",,"=""116783.09""","=""144140.16""","=""5s2.5p4.(3P<2>).6p""","=""2[1]*""","=""3/2""","=""5s2.5p4.(3P<0>).6d""","=""2[2]""","=""3/2""",,
"=""365.774""","=""365.7736+""","=""5""","=""""",,"=""101535.67""","=""128867.20""","=""5s2.5p4.(3P<2>).5d""","=""2[4]""","=""7/2""","=""5s2.5p4.(1D<2>).6p""","=""2[3]*""","=""5/2""",,
"=""365.844""","=""365.8429+""","=""6h""","=""""",,"=""112703.64""","=""140029.99""","=""5s2.5p4.(3P<1>).5d""","=""2[2]""","=""5/2""","=""5s2.5p4.(3P<2>).4f""","=""2[4]*""","=""7/2""",,
"=""366.170""","=""366.1678+""","=""20H""","=""""",,"=""111792.17""","=""139094.28""","=""5s2.5p4.(3P<2>).6p""","=""2[2]*""","=""3/2""","=""5s2.5p4.(3P<2>).6d""","=""2[3]""","=""5/2""",,
"=""366.393""","=""366.3954+""","=""5h""","=""""",,"=""112924.84""","=""140209.99""","=""5s2.5p4.(1D<2>).6s""","=""2[2]""","=""3/2""","=""5s2.5p4.(3P<2>).4f""","=""2[2]*""","=""5/2""",,
"=""366.547""","=""366.5296+""","=""1""","=""""",,"=""124289.45""","=""151564.61""","=""5s2.5p4.(3P<1>).6p""","=""2[1]*""","=""3/2""","=""5s2.5p4.(3P<2>).5g""","=""2[2]""","=""5/2""",,
"=""367.257""","=""367.2572+""","=""20""","=""""",,"=""96033.48""","=""123254.60""","=""5s2.5p4.(3P<2>).5d""","=""2[2]""","=""3/2""","=""5s2.5p4.(3P<1>).6p""","=""2[2]*""","=""3/2""",,
"=""367.404""","=""367.4002+""","=""1-""","=""""",,"=""113672.89""","=""140883.42""","=""5s2.5p4.(3P<2>).6p""","=""2[1]*""","=""1/2""","=""5s2.5p4.(3P<0>).7s""","=""2[0]""","=""1/2""",,
"=""368.407""","=""368.4176+""","=""1""","=""""",,"=""111958.89""","=""139094.28""","=""5s2.5p4.(3P<2>).6p""","=""2[2]*""","=""5/2""","=""5s2.5p4.(3P<2>).6d""","=""2[3]""","=""5/2""",,
"=""369.074""","=""369.0793+""","=""1""","=""""",,"=""112924.84""","=""140011.58""","=""5s2.5p4.(1D<2>).6s""","=""2[2]""","=""3/2""","=""5s2.5p4.(3P<2>).7p""","=""2[1]*""","=""1/2""",,
"=""369.184""","=""369.1840+""","=""1h""","=""""",,"=""96033.48""","=""123112.54""","=""5s2.5p4.(3P<2>).5d""","=""2[2]""","=""3/2""","=""5s2.5p4.(3P<1>).6p""","=""2[2]*""","=""5/2""",,
"=""369.849""","=""369.8506+""","=""1h""","=""""",,"=""112703.64""","=""139733.89""","=""5s2.5p4.(3P<1>).5d""","=""2[2]""","=""5/2""","=""5s2.5p4.(3P<2>).7p""","=""2[3]*""","=""7/2""",,
"=""371.164""","=""371.1666+""","=""20H""","=""""",,"=""111792.17""","=""138726.59""","=""5s2.5p4.(3P<2>).6p""","=""2[2]*""","=""3/2""","=""5s2.5p4.(3P<2>).6d""","=""2[0]""","=""1/2""",,
"=""371.569""","=""371.5670+""","=""2H""","=""""",,"=""121179.80""","=""148085.19""","=""5s2.5p4.(3P<1>).6p""","=""2[0]*""","=""1/2""","=""5s2.5p4.(3P<1>).6d""","=""2[1]""","=""3/2""",,
"=""371.720""","=""371.7185+""","=""20""","=""""",,"=""105313.33""","=""132207.76""","=""5s2.5p4.(3P<2>).5d""","=""2[1]""","=""3/2""","=""5s2.5p4.(1D<2>).6p""","=""2[2]*""","=""5/2""",,
"=""372.080""","=""372.0803+""","=""40""","=""""",,"=""102799.07""","=""129667.35""","=""5s2.5p4.(3P<1>).6s""","=""2[1]""","=""3/2""","=""5s2.5p4.(1D<2>).6p""","=""2[1]*""","=""3/2""",,
"=""373.100""","=""373.1004+""","=""0bl""","=""""",,"=""112703.64""","=""139498.46""","=""5s2.5p4.(3P<1>).5d""","=""2[2]""","=""5/2""","=""5s2.5p4.(3P<2>).4f""","=""2[2]*""","=""3/2""",,
"=""373.118""","=""373.1174+""","=""20""","=""""",,"=""105947.55""","=""132741.15""","=""5s2.5p4.(3P<2>).5d""","=""2[0]""","=""1/2""","=""5s2.5p4.(1D<2>).6p""","=""2[1]*""","=""1/2""",,
"=""374.111""","=""374.1292+""","=""0""","=""""",,"=""112924.84""","=""139645.98""","=""5s2.5p4.(1D<2>).6s""","=""2[2]""","=""3/2""","=""5s2.5p4.(3P<2>).7p""","=""2[3]*""","=""5/2""",,
"=""374.196""","=""374.2020+""","=""2Hw""","=""""",,"=""120853.16""","=""147569.10""","=""5s2.5p4.(1D<2>).5d""","=""2[3]""","=""7/2""","=""5s2.5p4.(3P<0>).4f""","=""2[3]*""","=""7/2""",,
"=""374.546""","=""374.5620+""","=""3a""","=""""",,"=""123112.54""","=""149802.80""","=""5s2.5p4.(3P<1>).6p""","=""2[2]*""","=""5/2""","=""5s2.5p4.(1D<2>).7s""","=""2[2]""","=""3/2""",,
"=""375.687""","=""375.6853+""","=""10""","=""""",,"=""105313.33""","=""131923.79""","=""5s2.5p4.(3P<2>).5d""","=""2[1]""","=""3/2""","=""5s2.5p4.(1D<2>).6p""","=""2[2]*""","=""3/2""",,
"=""376.205""","=""376.2061+""","=""3h""","=""""",,"=""112924.84""","=""139498.46""","=""5s2.5p4.(1D<2>).6s""","=""2[2]""","=""3/2""","=""5s2.5p4.(3P<2>).4f""","=""2[2]*""","=""3/2""",,
"=""376.337""","=""376.3362+""","=""15""","=""""",,"=""95064.38""","=""121628.82""","=""5s2.5p4.(3P<2>).6s""","=""2[2]""","=""3/2""","=""5s2.5p4.(3P<0>).6p""","=""2[1]*""","=""3/2""",,
"=""376.566""","=""376.5664+""","=""0""","=""""",,"=""123254.60""","=""149802.80""","=""5s2.5p4.(3P<1>).6p""","=""2[2]*""","=""3/2""","=""5s2.5p4.(1D<2>).7s""","=""2[2]""","=""3/2""",,
"=""377.383""","=""377.3915+""","=""0""","=""""",,"=""112703.64""","=""139193.80""","=""5s2.5p4.(3P<1>).5d""","=""2[2]""","=""5/2""","=""5s2.5p4.(3P<2>).7p""","=""2[1]*""","=""3/2""",,
"=""377.549""","=""377.5514+""","=""1""","=""""",,"=""112703.64""","=""139182.58""","=""5s2.5p4.(3P<1>).5d""","=""2[2]""","=""5/2""","=""5s2.5p4.(3P<2>).4f""","=""2[3]*""","=""5/2""",,
"=""377.878""","=""377.8735+""","=""1-""","=""""",,"=""121628.82""","=""148085.19""","=""5s2.5p4.(3P<0>).6p""","=""2[1]*""","=""3/2""","=""5s2.5p4.(3P<1>).6d""","=""2[1]""","=""3/2""",,
"=""378.070""","=""378.0697+""","=""1H""","=""""",,"=""123254.60""","=""149697.24""","=""5s2.5p4.(3P<1>).6p""","=""2[2]*""","=""3/2""","=""5s2.5p4.(1D<2>).7s""","=""2[2]""","=""5/2""",,
"=""378.323""","=""378.3201+""","=""10h""","=""""",,"=""112703.64""","=""139128.78""","=""5s2.5p4.(3P<1>).5d""","=""2[2]""","=""5/2""","=""5s2.5p4.(3P<2>).7p""","=""2[2]*""","=""5/2""",,
"=""378.732""","=""378.7317+""","=""3""","=""""",,"=""96858.18""","=""123254.60""","=""5s2.5p4.(3P<2>).5d""","=""2[1]""","=""1/2""","=""5s2.5p4.(3P<1>).6p""","=""2[2]*""","=""3/2""",,
"=""380.099""","=""380.0967+""","=""15h""","=""""",,"=""112703.64""","=""139005.27""","=""5s2.5p4.(3P<1>).5d""","=""2[2]""","=""5/2""","=""5s2.5p4.(3P<2>).4f""","=""2[3]*""","=""7/2""",,
"=""380.568""","=""380.5694+""","=""1H""","=""""",,"=""112924.84""","=""139193.80""","=""5s2.5p4.(1D<2>).6s""","=""2[2]""","=""3/2""","=""5s2.5p4.(3P<2>).7p""","=""2[1]*""","=""3/2""",,
"=""380.729""","=""380.7320+""","=""10h""","=""""",,"=""112924.84""","=""139182.58""","=""5s2.5p4.(1D<2>).6s""","=""2[2]""","=""3/2""","=""5s2.5p4.(3P<2>).4f""","=""2[3]*""","=""5/2""",,
"=""381.067""","=""381.0503+""","=""0""","=""""",,"=""114751.08""","=""140986.89""","=""5s2.5p4.(3P<1>).5d""","=""2[3]""","=""5/2""","=""5s2.5p4.(3P<2>).7p""","=""2[2]*""","=""3/2""",,
"=""381.105""","=""381.1044+""","=""40""","=""""",,"=""95396.74""","=""121628.82""","=""5s2.5p4.(3P<2>).5d""","=""2[2]""","=""5/2""","=""5s2.5p4.(3P<0>).6p""","=""2[1]*""","=""3/2""",,
"=""381.516""","=""381.5137+""","=""1hw""","=""""",,"=""112924.84""","=""139128.78""","=""5s2.5p4.(1D<2>).6s""","=""2[2]""","=""3/2""","=""5s2.5p4.(3P<2>).7p""","=""2[2]*""","=""5/2""",,
"=""382.335""","=""382.3473+""","=""2""","=""""",,"=""116783.09""","=""142929.90""","=""5s2.5p4.(3P<2>).6p""","=""2[1]*""","=""3/2""","=""5s2.5p4.(3P<1>).7s""","=""2[1]""","=""1/2""",,
"=""382.627""","=""382.6216+""","=""2h""","=""""",,"=""113512.36""","=""139640.43""","=""5s2.5p4.(3P<2>).6p""","=""2[3]*""","=""5/2""","=""5s2.5p4.(3P<2>).6d""","=""2[1]""","=""3/2""",,
"=""382.977""","=""382.9788+""","=""10h""","=""""",,"=""111958.89""","=""138062.59""","=""5s2.5p4.(3P<2>).6p""","=""2[2]*""","=""5/2""","=""5s2.5p4.(1S<0>).5d""","=""2[2]""","=""3/2""",,
"=""384.858""","=""384.8580+""","=""6""","=""""",,"=""105947.55""","=""131923.79""","=""5s2.5p4.(3P<2>).5d""","=""2[0]""","=""1/2""","=""5s2.5p4.(1D<2>).6p""","=""2[2]*""","=""3/2""",,
"=""384.987""","=""384.9870+""","=""50Hl""","=""""",,"=""113672.89""","=""139640.43""","=""5s2.5p4.(3P<2>).6p""","=""2[1]*""","=""1/2""","=""5s2.5p4.(3P<2>).6d""","=""2[1]""","=""3/2""",,
"=""385.853""","=""385.8530+""","=""20""","=""""",,"=""90873.83""","=""116783.09""","=""5s.5p6""","=""2S""","=""1/2""","=""5s2.5p4.(3P<2>).6p""","=""2[1]*""","=""3/2""",,
"=""386.963""","=""386.9617+""","=""20""","=""""",,"=""106906.12""","=""132741.15""","=""5s2.5p4.(3P<1>).6s""","=""2[1]""","=""1/2""","=""5s2.5p4.(1D<2>).6p""","=""2[1]*""","=""1/2""",,
"=""388.367""","=""388.3772+""","=""1H""","=""""",,"=""128867.20""","=""154608.07""","=""5s2.5p4.(1D<2>).6p""","=""2[3]*""","=""5/2""","=""5s2.5p4.(1D<2>).6d""","=""2[2]""","=""3/2""",,
"=""388.500""","=""388.5028+""","=""20""","=""""",,"=""106475.21""","=""132207.76""","=""5s2.5p4.(3P<2>).5d""","=""2[3]""","=""5/2""","=""5s2.5p4.(1D<2>).6p""","=""2[2]*""","=""5/2""",,
"=""388.545""","=""388.5392+""","=""4Hl""","=""""",,"=""124070.06""","=""149800.20""","=""5s2.5p4.(1D<2>).5d""","=""2[1]""","=""3/2""","=""5s2.5p4.(3P<1>).4f""","=""2[3]*""","=""5/2""",,
"=""390.534""","=""390.5290+""","=""1""","=""""",,"=""116783.09""","=""142382.13""","=""5s2.5p4.(3P<2>).6p""","=""2[1]*""","=""3/2""","=""5s2.5p4.(3P<1>).7s""","=""2[1]""","=""3/2""",,
"=""390.585""","=""390.5855+""","=""10""","=""""",,"=""96033.48""","=""121628.82""","=""5s2.5p4.(3P<2>).5d""","=""2[2]""","=""3/2""","=""5s2.5p4.(3P<0>).6p""","=""2[1]*""","=""3/2""",,
"=""390.791""","=""390.7904+""","=""100h""","=""""",,"=""113512.36""","=""139094.28""","=""5s2.5p4.(3P<2>).6p""","=""2[3]*""","=""5/2""","=""5s2.5p4.(3P<2>).6d""","=""2[3]""","=""5/2""",,
"=""391.660""","=""391.6546+""","=""1h""","=""""",,"=""120414.87""","=""145940.34""","=""5s2.5p4.(3P<0>).6p""","=""2[1]*""","=""1/2""","=""5s2.5p4.(3P<1>).6d""","=""2[2]""","=""3/2""",,
"=""392.078""","=""392.0729+""","=""1h""","=""""",,"=""124301.96""","=""149800.20""","=""5s2.5p4.(1D<2>).5d""","=""2[2]""","=""5/2""","=""5s2.5p4.(3P<1>).4f""","=""2[3]*""","=""5/2""",,
"=""392.680""","=""392.6786+""","=""1""","=""""",,"=""114751.08""","=""140209.99""","=""5s2.5p4.(3P<1>).5d""","=""2[3]""","=""5/2""","=""5s2.5p4.(3P<2>).4f""","=""2[2]*""","=""5/2""",,
"=""392.842""","=""392.8380+""","=""""","=""""",,"=""106475.21""","=""131923.79""","=""5s2.5p4.(3P<2>).5d""","=""2[3]""","=""5/2""","=""5s2.5p4.(1D<2>).6p""","=""2[2]*""","=""3/2""",,
"=""393.322""","=""393.3216+""","=""1""","=""""",,"=""104250.06""","=""129667.35""","=""5s2.5p4.(3P<1>).5d""","=""2[1]""","=""1/2""","=""5s2.5p4.(1D<2>).6p""","=""2[1]*""","=""3/2""",,
"=""393.766""","=""393.7618+""","=""2""","=""""",,"=""113705.40""","=""139094.28""","=""5s2.5p4.(3P<2>).6p""","=""2[3]*""","=""7/2""","=""5s2.5p4.(3P<2>).6d""","=""2[3]""","=""5/2""",,
"=""393.892""","=""393.8888+""","=""15h""","=""""",,"=""124301.96""","=""149682.65""","=""5s2.5p4.(1D<2>).5d""","=""2[2]""","=""5/2""","=""5s2.5p4.(3P<1>).4f""","=""2[3]*""","=""7/2""",,
"=""394.221""","=""394.2194+""","=""3""","=""""",,"=""107381.74""","=""132741.15""","=""5s2.5p4.(3P<0>).5d""","=""2[2]""","=""3/2""","=""5s2.5p4.(1D<2>).6p""","=""2[1]*""","=""1/2""",,
"=""394.357""","=""394.3581+""","=""20""","=""""",,"=""95064.38""","=""120414.87""","=""5s2.5p4.(3P<2>).6s""","=""2[2]""","=""3/2""","=""5s2.5p4.(3P<0>).6p""","=""2[1]*""","=""1/2""",,
"=""395.161""","=""395.1601+""","=""5Hl""","=""""",,"=""121628.82""","=""146927.86""","=""5s2.5p4.(3P<0>).6p""","=""2[1]*""","=""3/2""","=""5s2.5p4.(3P<1>).6d""","=""2[3]""","=""5/2""",,
"=""395.473""","=""395.4748+""","=""20hl""","=""""",,"=""114751.08""","=""140029.99""","=""5s2.5p4.(3P<1>).5d""","=""2[3]""","=""5/2""","=""5s2.5p4.(3P<2>).4f""","=""2[4]*""","=""7/2""",,
"=""396.215""","=""396.2146+""","=""0""","=""""",,"=""124571.09""","=""149802.80""","=""5s2.5p4.(3P<1>).6p""","=""2[1]*""","=""1/2""","=""5s2.5p4.(1D<2>).7s""","=""2[2]""","=""3/2""",,
"=""397.258""","=""397.2615+""","=""50Hl""","=""""",,"=""128867.20""","=""154032.42""","=""5s2.5p4.(1D<2>).6p""","=""2[3]*""","=""5/2""","=""5s2.5p4.(1D<2>).6d""","=""2[2]""","=""5/2""",,
"=""397.559""","=""397.5600+""","=""4""","=""""",,"=""96033.48""","=""121179.80""","=""5s2.5p4.(3P<2>).5d""","=""2[2]""","=""3/2""","=""5s2.5p4.(3P<1>).6p""","=""2[0]*""","=""1/2""",,
"=""397.898""","=""397.8999+""","=""2h""","=""""",,"=""114905.15""","=""140029.99""","=""5s2.5p4.(1D<2>).5d""","=""2[4]""","=""9/2""","=""5s2.5p4.(3P<2>).4f""","=""2[4]*""","=""7/2""",,
"=""398.041""","=""398.0398+""","=""2h""","=""""",,"=""114913.98""","=""140029.99""","=""5s2.5p4.(1D<2>).5d""","=""2[4]""","=""7/2""","=""5s2.5p4.(3P<2>).4f""","=""2[4]*""","=""7/2""",,
"=""398.121""","=""398.1165+""","=""1h""","=""""",,"=""128867.20""","=""153978.37""","=""5s2.5p4.(1D<2>).6p""","=""2[3]*""","=""5/2""","=""5s2.5p4.(1D<2>).6d""","=""2[3]""","=""7/2""",,
"=""399.033""","=""399.0298+""","=""60Hl""","=""""",,"=""113672.89""","=""138726.59""","=""5s2.5p4.(3P<2>).6p""","=""2[1]*""","=""1/2""","=""5s2.5p4.(3P<2>).6d""","=""2[0]""","=""1/2""",,
"=""399.605""","=""399.6045+""","=""3""","=""""",,"=""106906.12""","=""131923.79""","=""5s2.5p4.(3P<1>).6s""","=""2[1]""","=""1/2""","=""5s2.5p4.(1D<2>).6p""","=""2[2]*""","=""3/2""",,
"=""400.055""","=""400.0526+""","=""5h""","=""""",,"=""114913.98""","=""139903.63""","=""5s2.5p4.(1D<2>).5d""","=""2[4]""","=""7/2""","=""5s2.5p4.(3P<2>).4f""","=""2[5]*""","=""9/2""",,
"=""400.235""","=""400.2321+""","=""80Hl""","=""""",,"=""124301.96""","=""149280.40""","=""5s2.5p4.(1D<2>).5d""","=""2[2]""","=""5/2""","=""5s2.5p4.(3P<1>).4f""","=""2[4]*""","=""7/2""",,
"=""400.309""","=""400.3249+""","=""1""","=""""",,"=""123112.54""","=""148085.19""","=""5s2.5p4.(3P<1>).6p""","=""2[2]*""","=""5/2""","=""5s2.5p4.(3P<1>).6d""","=""2[1]""","=""3/2""",,
"=""400.846""","=""400.8374+""","=""1H""","=""""",,"=""129667.35""","=""154608.07""","=""5s2.5p4.(1D<2>).6p""","=""2[1]*""","=""3/2""","=""5s2.5p4.(1D<2>).6d""","=""2[2]""","=""3/2""",,
"=""401.656""","=""401.6586+""","=""2h""","=""""",,"=""124301.96""","=""149191.69""","=""5s2.5p4.(1D<2>).5d""","=""2[2]""","=""5/2""","=""5s2.5p4.(1S<0>).6p""","=""2[1]*""","=""3/2""",,
"=""401.786""","=""401.7876+""","=""2h""","=""""",,"=""124070.06""","=""148951.80""","=""5s2.5p4.(1D<2>).5d""","=""2[1]""","=""3/2""","=""5s2.5p4.(3P<1>).4f""","=""2[2]*""","=""5/2""",,
"=""402.519""","=""402.5170+""","=""30""","=""""",,"=""107904.50""","=""132741.15""","=""5s2.5p4.(3P<1>).5d""","=""2[1]""","=""3/2""","=""5s2.5p4.(1D<2>).6p""","=""2[1]*""","=""1/2""",,
"=""402.620""","=""402.6153+""","=""5Hl""","=""""",,"=""123254.60""","=""148085.19""","=""5s2.5p4.(3P<1>).6p""","=""2[2]*""","=""3/2""","=""5s2.5p4.(3P<1>).6d""","=""2[1]""","=""3/2""",,
"=""402.682""","=""402.6894+""","=""0""","=""""",,"=""107381.74""","=""132207.76""","=""5s2.5p4.(3P<0>).5d""","=""2[2]""","=""3/2""","=""5s2.5p4.(1D<2>).6p""","=""2[2]*""","=""5/2""",,
"=""402.797""","=""402.7885+""","=""3h""","=""""",,"=""114913.98""","=""139733.89""","=""5s2.5p4.(1D<2>).5d""","=""2[4]""","=""7/2""","=""5s2.5p4.(3P<2>).7p""","=""2[3]*""","=""7/2""",,
"=""402.982""","=""402.9843+""","=""1-""","=""""",,"=""120414.87""","=""145222.72""","=""5s2.5p4.(3P<0>).6p""","=""2[1]*""","=""1/2""","=""5s2.5p4.(3P<1>).6d""","=""2[1]""","=""1/2""",,
"=""403.587""","=""403.5897+""","=""1""","=""""",,"=""96858.18""","=""121628.82""","=""5s2.5p4.(3P<2>).5d""","=""2[1]""","=""1/2""","=""5s2.5p4.(3P<0>).6p""","=""2[1]*""","=""3/2""",,
"=""403.729""","=""403.7315+""","=""100""","=""""",,"=""111792.17""","=""136554.11""","=""5s2.5p4.(3P<2>).6p""","=""2[2]*""","=""3/2""","=""5s2.5p4.(3P<2>).6d""","=""2[1]""","=""1/2""",,
"=""403.759""","=""403.7543+""","=""200""","=""""",,"=""121179.80""","=""145940.34""","=""5s2.5p4.(3P<1>).6p""","=""2[0]*""","=""1/2""","=""5s2.5p4.(3P<1>).6d""","=""2[2]""","=""3/2""",,
"=""403.969""","=""403.9690+""","=""1-""","=""""",,"=""114751.08""","=""139498.46""","=""5s2.5p4.(3P<1>).5d""","=""2[3]""","=""5/2""","=""5s2.5p4.(3P<2>).4f""","=""2[2]*""","=""3/2""",,
"=""404.464""","=""404.4674+""","=""6H""","=""""",,"=""128867.20""","=""153584.09""","=""5s2.5p4.(1D<2>).6p""","=""2[3]*""","=""5/2""","=""5s2.5p4.(1D<2>).6d""","=""2[1]""","=""3/2""",,
"=""404.490""","=""404.4905+""","=""8H""","=""""",,"=""129667.35""","=""154382.83""","=""5s2.5p4.(1D<2>).6p""","=""2[1]*""","=""3/2""","=""5s2.5p4.(1D<2>).6d""","=""2[1]""","=""1/2""",,
"=""405.127""","=""405.1258+""","=""10h""","=""""",,"=""121628.82""","=""146305.54""","=""5s2.5p4.(3P<0>).6p""","=""2[1]*""","=""3/2""","=""5s2.5p4.(3P<1>).6d""","=""2[2]""","=""5/2""",,
"=""405.746""","=""405.7473+""","=""200H""","=""""",,"=""111958.89""","=""136597.81""","=""5s2.5p4.(3P<2>).6p""","=""2[2]*""","=""5/2""","=""5s2.5p4.(3P<2>).6d""","=""2[4]""","=""7/2""",,
"=""406.212""","=""406.2119+""","=""6""","=""""",,"=""111958.89""","=""136569.63""","=""5s2.5p4.(3P<2>).6p""","=""2[2]*""","=""5/2""","=""5s2.5p4.(1S<0>).5d""","=""2[2]""","=""5/2""",,
"=""406.653""","=""406.6581+""","=""""","=""""",,"=""132518.82""","=""157102.56""","=""5s2.5p4.(3P<2>).7s""","=""2[2]""","=""5/2""","=""5s2.5p4.(1D<2>).4f""","=""2[3]*""","=""7/2""",,
"=""407.210""","=""407.2132+""","=""6h""","=""""",,"=""113512.36""","=""138062.59""","=""5s2.5p4.(3P<2>).6p""","=""2[3]*""","=""5/2""","=""5s2.5p4.(1S<0>).5d""","=""2[2]""","=""3/2""",,
"=""407.350""","=""407.3489+""","=""15""","=""""",,"=""107381.74""","=""131923.79""","=""5s2.5p4.(3P<0>).5d""","=""2[2]""","=""3/2""","=""5s2.5p4.(1D<2>).6p""","=""2[2]*""","=""3/2""",,
"=""409.188""","=""409.1922+""","=""3h""","=""""",,"=""114751.08""","=""139182.58""","=""5s2.5p4.(3P<1>).5d""","=""2[3]""","=""5/2""","=""5s2.5p4.(3P<2>).4f""","=""2[3]*""","=""5/2""",,
"=""409.889""","=""409.8935+""","=""100h""","=""""",,"=""113672.89""","=""138062.59""","=""5s2.5p4.(3P<2>).6p""","=""2[1]*""","=""1/2""","=""5s2.5p4.(1S<0>).5d""","=""2[2]""","=""3/2""",,
"=""410.034""","=""410.0332+""","=""20""","=""""",,"=""96033.48""","=""120414.87""","=""5s2.5p4.(3P<2>).5d""","=""2[2]""","=""3/2""","=""5s2.5p4.(3P<0>).6p""","=""2[1]*""","=""1/2""",,
"=""410.097""","=""410.0952+""","=""1h""","=""""",,"=""114751.08""","=""139128.78""","=""5s2.5p4.(3P<1>).5d""","=""2[3]""","=""5/2""","=""5s2.5p4.(3P<2>).7p""","=""2[2]*""","=""5/2""",,
"=""410.310""","=""410.3078+""","=""8hl""","=""""",,"=""129667.35""","=""154032.42""","=""5s2.5p4.(1D<2>).6p""","=""2[1]*""","=""3/2""","=""5s2.5p4.(1D<2>).6d""","=""2[2]""","=""5/2""",,
"=""410.495""","=""410.4940+""","=""40""","=""""",,"=""105313.33""","=""129667.35""","=""5s2.5p4.(3P<2>).5d""","=""2[1]""","=""3/2""","=""5s2.5p4.(1D<2>).6p""","=""2[1]*""","=""3/2""",,
"=""411.041""","=""411.0408+""","=""30""","=""""",,"=""96858.18""","=""121179.80""","=""5s2.5p4.(3P<2>).5d""","=""2[1]""","=""1/2""","=""5s2.5p4.(3P<1>).6p""","=""2[0]*""","=""1/2""",,
"=""411.214""","=""411.2116+""","=""30Hl""","=""""",,"=""121628.82""","=""145940.34""","=""5s2.5p4.(3P<0>).6p""","=""2[1]*""","=""3/2""","=""5s2.5p4.(3P<1>).6d""","=""2[2]""","=""3/2""",,
"=""411.242""","=""411.2410+""","=""0""","=""""",,"=""123254.60""","=""147564.38""","=""5s2.5p4.(3P<1>).6p""","=""2[2]*""","=""3/2""","=""5s2.5p4.(3P<2>).8s""","=""2[2]""","=""3/2""",,
"=""411.326""","=""411.3212+""","=""2""","=""""",,"=""124070.06""","=""148375.10""","=""5s2.5p4.(1D<2>).5d""","=""2[1]""","=""3/2""","=""5s2.5p4.(3P<1>).4f""","=""2[2]*""","=""3/2""",,
"=""411.352""","=""411.3514+""","=""2""","=""""",,"=""107904.50""","=""132207.76""","=""5s2.5p4.(3P<1>).5d""","=""2[1]""","=""3/2""","=""5s2.5p4.(1D<2>).6p""","=""2[2]*""","=""5/2""",,
"=""412.186""","=""412.1836+""","=""5h""","=""""",,"=""114751.08""","=""139005.27""","=""5s2.5p4.(3P<1>).5d""","=""2[3]""","=""5/2""","=""5s2.5p4.(3P<2>).4f""","=""2[3]*""","=""7/2""",,
"=""413.101""","=""413.0984+""","=""20""","=""""",,"=""108007.28""","=""132207.76""","=""5s2.5p4.(3P<0>).5d""","=""2[2]""","=""5/2""","=""5s2.5p4.(1D<2>).6p""","=""2[2]*""","=""5/2""",,
"=""413.124""","=""413.1408+""","=""0""","=""""",,"=""123112.54""","=""147310.54""","=""5s2.5p4.(3P<1>).6p""","=""2[2]*""","=""5/2""","=""5s2.5p4.(3P<2>).8s""","=""2[2]""","=""5/2""",,
"=""413.881""","=""413.8826+""","=""3h""","=""""",,"=""124070.06""","=""148224.69""","=""5s2.5p4.(1D<2>).5d""","=""2[1]""","=""3/2""","=""5s2.5p4.(1S<0>).6p""","=""2[1]*""","=""1/2""",,
"=""414.819""","=""414.8151+""","=""2h*""","=""""",,"=""116783.09""","=""140883.42""","=""5s2.5p4.(3P<2>).6p""","=""2[1]*""","=""3/2""","=""5s2.5p4.(3P<0>).7s""","=""2[0]""","=""1/2""",,
"=""414.819""","=""414.8187+""","=""2h*""","=""""",,"=""114905.15""","=""139005.27""","=""5s2.5p4.(1D<2>).5d""","=""2[4]""","=""9/2""","=""5s2.5p4.(3P<2>).4f""","=""2[3]*""","=""7/2""",,
"=""415.274""","=""415.2836+""","=""1""","=""""",,"=""124301.96""","=""148375.10""","=""5s2.5p4.(1D<2>).5d""","=""2[2]""","=""5/2""","=""5s2.5p4.(3P<1>).4f""","=""2[2]*""","=""3/2""",,
"=""415.465""","=""415.4635+""","=""2""","=""""",,"=""114905.15""","=""138967.87""","=""5s2.5p4.(1D<2>).5d""","=""2[4]""","=""9/2""","=""5s2.5p4.(3P<2>).4f""","=""2[4]*""","=""9/2""",,
"=""415.617""","=""415.6160+""","=""2h""","=""""",,"=""114913.98""","=""138967.87""","=""5s2.5p4.(1D<2>).5d""","=""2[4]""","=""7/2""","=""5s2.5p4.(3P<2>).4f""","=""2[4]*""","=""9/2""",,
"=""415.804""","=""415.8056+""","=""200H""","=""""",,"=""121179.80""","=""145222.72""","=""5s2.5p4.(3P<1>).6p""","=""2[0]*""","=""1/2""","=""5s2.5p4.(3P<1>).6d""","=""2[1]""","=""1/2""",,
"=""416.216""","=""416.2147+""","=""60""","=""""",,"=""107904.50""","=""131923.79""","=""5s2.5p4.(3P<1>).5d""","=""2[1]""","=""3/2""","=""5s2.5p4.(1D<2>).6p""","=""2[2]*""","=""3/2""",,
"=""417.099""","=""417.0974+""","=""8Hl""","=""""",,"=""130063.96""","=""154032.42""","=""5s2.5p4.(1D<2>).6p""","=""2[3]*""","=""7/2""","=""5s2.5p4.(1D<2>).6d""","=""2[2]""","=""5/2""",,
"=""418.010""","=""417.9994+""","=""1000*""","=""""",,"=""129667.35""","=""153584.09""","=""5s2.5p4.(1D<2>).6p""","=""2[1]*""","=""3/2""","=""5s2.5p4.(1D<2>).6d""","=""2[1]""","=""3/2""",,
"=""418.010""","=""418.0097+""","=""1000*""","=""""",,"=""111792.17""","=""135708.32""","=""5s2.5p4.(3P<2>).6p""","=""2[2]*""","=""3/2""","=""5s2.5p4.(3P<2>).6d""","=""2[2]""","=""3/2""",,
"=""418.029""","=""418.0401+""","=""1""","=""""",,"=""130063.96""","=""153978.37""","=""5s2.5p4.(1D<2>).6p""","=""2[3]*""","=""7/2""","=""5s2.5p4.(1D<2>).6d""","=""2[3]""","=""7/2""",,
"=""419.315""","=""419.3147+""","=""500h""","=""""",,"=""128867.20""","=""152708.92""","=""5s2.5p4.(1D<2>).6p""","=""2[3]*""","=""5/2""","=""5s2.5p4.(1D<2>).6d""","=""2[4]""","=""7/2""",,
"=""419.781""","=""419.7795+""","=""10H""","=""""",,"=""123112.54""","=""146927.86""","=""5s2.5p4.(3P<1>).6p""","=""2[2]*""","=""5/2""","=""5s2.5p4.(3P<1>).6d""","=""2[3]""","=""5/2""",,
"=""420.125""","=""420.1249+""","=""15H""","=""""",,"=""124289.45""","=""148085.19""","=""5s2.5p4.(3P<1>).6p""","=""2[1]*""","=""3/2""","=""5s2.5p4.(3P<1>).6d""","=""2[1]""","=""3/2""",,
"=""420.322""","=""420.3201+""","=""5""","=""""",,"=""108423.07""","=""132207.76""","=""5s2.5p4.(3P<1>).5d""","=""2[3]""","=""7/2""","=""5s2.5p4.(1D<2>).6p""","=""2[2]*""","=""5/2""",,
"=""420.848""","=""420.846+""","=""400h""","=""""",,"=""111792.17""","=""135547.13""","=""5s2.5p4.(3P<2>).6p""","=""2[2]*""","=""3/2""","=""5s2.5p4.(3P<2>).6d""","=""2[2]""","=""5/2""",,
"=""420.947""","=""420.944+""","=""200h""","=""""",,"=""111958.89""","=""135708.32""","=""5s2.5p4.(3P<2>).6p""","=""2[2]*""","=""5/2""","=""5s2.5p4.(3P<2>).6d""","=""2[2]""","=""3/2""",,
"=""421.372""","=""421.372+""","=""400h""","=""""",,"=""120414.87""","=""144140.16""","=""5s2.5p4.(3P<0>).6p""","=""2[1]*""","=""1/2""","=""5s2.5p4.(3P<0>).6d""","=""2[2]""","=""3/2""",,
"=""421.469""","=""421.470+""","=""6""","=""""",,"=""105947.55""","=""129667.35""","=""5s2.5p4.(3P<2>).5d""","=""2[0]""","=""1/2""","=""5s2.5p4.(1D<2>).6p""","=""2[1]*""","=""3/2""",,
"=""421.530""","=""421.520+""","=""0""","=""""",,"=""132518.82""","=""156235.80""","=""5s2.5p4.(3P<2>).7s""","=""2[2]""","=""5/2""","=""5s2.5p4.(1D<2>).4f""","=""2[2]*""","=""5/2""",,
"=""421.560""","=""421.562+""","=""200""","=""""",,"=""93068.44""","=""116783.09""","=""5s2.5p4.(3P<2>).6s""","=""2[2]""","=""5/2""","=""5s2.5p4.(3P<2>).6p""","=""2[1]*""","=""3/2""",,
"=""422.300""","=""422.299+""","=""400h""","=""""",,"=""123254.60""","=""146927.86""","=""5s2.5p4.(3P<1>).6p""","=""2[2]*""","=""3/2""","=""5s2.5p4.(3P<1>).6d""","=""2[3]""","=""5/2""",,
"=""423.720""","=""423.719+""","=""""","=""""",,"=""121628.82""","=""145222.72""","=""5s2.5p4.(3P<0>).6p""","=""2[1]*""","=""3/2""","=""5s2.5p4.(3P<1>).6d""","=""2[1]""","=""1/2""",,
"=""423.796""","=""423.812+""","=""3bl""","=""""",,"=""106475.21""","=""130063.96""","=""5s2.5p4.(3P<2>).5d""","=""2[3]""","=""5/2""","=""5s2.5p4.(1D<2>).6p""","=""2[3]*""","=""7/2""",,
"=""423.825""","=""423.821+""","=""500h""","=""""",,"=""111958.89""","=""135547.13""","=""5s2.5p4.(3P<2>).6p""","=""2[2]*""","=""5/2""","=""5s2.5p4.(3P<2>).6d""","=""2[2]""","=""5/2""",,
"=""424.388""","=""424.388+""","=""10""","=""""",,"=""96858.18""","=""120414.87""","=""5s2.5p4.(3P<2>).5d""","=""2[1]""","=""1/2""","=""5s2.5p4.(3P<0>).6p""","=""2[1]*""","=""1/2""",,
"=""424.441""","=""424.439+""","=""30""","=""""",,"=""105313.33""","=""128867.20""","=""5s2.5p4.(3P<2>).5d""","=""2[1]""","=""3/2""","=""5s2.5p4.(1D<2>).6p""","=""2[3]*""","=""5/2""",,
"=""424.538""","=""424.537+""","=""500h""","=""""",,"=""111958.89""","=""135507.32""","=""5s2.5p4.(3P<2>).6p""","=""2[2]*""","=""5/2""","=""5s2.5p4.(3P<2>).6d""","=""2[3]""","=""7/2""",,
"=""425.016""","=""425.019+""","=""""","=""""",,"=""130063.96""","=""153585.71""","=""5s2.5p4.(1D<2>).6p""","=""2[3]*""","=""7/2""","=""5s2.5p4.(1D<2>).6d""","=""2[3]""","=""5/2""",,
"=""425.157""","=""425.157+""","=""100H""","=""""",,"=""124571.09""","=""148085.19""","=""5s2.5p4.(3P<1>).6p""","=""2[1]*""","=""1/2""","=""5s2.5p4.(3P<1>).6d""","=""2[1]""","=""3/2""",,
"=""426.357""","=""426.362+""","=""10h^""","=""""",,"=""124070.06""","=""147517.71""","=""5s2.5p4.(1D<2>).5d""","=""2[1]""","=""3/2""","=""5s2.5p4.(3P<0>).4f""","=""2[3]*""","=""5/2""",,
"=""426.984""","=""426.982+""","=""40""","=""""",,"=""101157.48""","=""124571.09""","=""5s2.5p4.(3P<0>).6s""","=""2[0]""","=""1/2""","=""5s2.5p4.(3P<1>).6p""","=""2[1]*""","=""1/2""",,
"=""429.517""","=""429.526+""","=""1a""","=""""",,"=""124289.45""","=""147564.38""","=""5s2.5p4.(3P<1>).6p""","=""2[1]*""","=""3/2""","=""5s2.5p4.(3P<2>).8s""","=""2[2]""","=""3/2""",,
"=""429.640""","=""429.639+""","=""500h""","=""""",,"=""111792.17""","=""135060.97""","=""5s2.5p4.(3P<2>).6p""","=""2[2]*""","=""3/2""","=""5s2.5p4.(1D<2>).5d""","=""2[0]""","=""1/2""",,
"=""429.675""","=""429.670+""","=""2""","=""""",,"=""124301.96""","=""147569.10""","=""5s2.5p4.(1D<2>).5d""","=""2[2]""","=""5/2""","=""5s2.5p4.(3P<0>).4f""","=""2[3]*""","=""7/2""",,
"=""430.621""","=""430.621+""","=""1h""","=""""",,"=""124301.96""","=""147517.71""","=""5s2.5p4.(1D<2>).5d""","=""2[2]""","=""5/2""","=""5s2.5p4.(3P<0>).4f""","=""2[3]*""","=""5/2""",,
"=""431.051""","=""431.043+""","=""500h""","=""""",,"=""123112.54""","=""146305.54""","=""5s2.5p4.(3P<1>).6p""","=""2[2]*""","=""5/2""","=""5s2.5p4.(3P<1>).6d""","=""2[2]""","=""5/2""",,
"=""432.182""","=""432.181+""","=""40""","=""""",,"=""101157.48""","=""124289.45""","=""5s2.5p4.(3P<0>).6s""","=""2[0]""","=""1/2""","=""5s2.5p4.(3P<1>).6p""","=""2[1]*""","=""3/2""",,
"=""433.052""","=""433.052+""","=""1000""","=""1.4e+08""",,"=""113512.36""","=""136597.81""","=""5s2.5p4.(3P<2>).6p""","=""2[3]*""","=""5/2""","=""5s2.5p4.(3P<2>).6d""","=""2[4]""","=""7/2""",,
"=""433.581""","=""433.581+""","=""10""","=""""",,"=""113512.36""","=""136569.63""","=""5s2.5p4.(3P<2>).6p""","=""2[3]*""","=""5/2""","=""5s2.5p4.(1S<0>).5d""","=""2[2]""","=""5/2""",,
"=""433.707""","=""433.700+""","=""30Hl""","=""""",,"=""123254.60""","=""146305.54""","=""5s2.5p4.(3P<1>).6p""","=""2[2]*""","=""3/2""","=""5s2.5p4.(3P<1>).6d""","=""2[2]""","=""5/2""",,
"=""434.256""","=""434.262+""","=""6Hl""","=""""",,"=""124289.45""","=""147310.54""","=""5s2.5p4.(3P<1>).6p""","=""2[1]*""","=""3/2""","=""5s2.5p4.(3P<2>).8s""","=""2[2]""","=""5/2""",,
"=""435.728""","=""435.710+""","=""0""","=""""",,"=""132518.82""","=""155463.41""","=""5s2.5p4.(3P<2>).7s""","=""2[2]""","=""5/2""","=""5s2.5p4.(1D<2>).4f""","=""2[1]*""","=""3/2""",,
"=""436.705""","=""436.703+""","=""30H""","=""""",,"=""113705.40""","=""136597.81""","=""5s2.5p4.(3P<2>).6p""","=""2[3]*""","=""7/2""","=""5s2.5p4.(3P<2>).6d""","=""2[4]""","=""7/2""",,
"=""436.920""","=""436.917+""","=""200H""","=""""",,"=""113672.89""","=""136554.11""","=""5s2.5p4.(3P<2>).6p""","=""2[1]*""","=""1/2""","=""5s2.5p4.(3P<2>).6d""","=""2[1]""","=""1/2""",,
"=""437.246""","=""437.242+""","=""2h""","=""""",,"=""113705.40""","=""136569.63""","=""5s2.5p4.(3P<2>).6p""","=""2[3]*""","=""7/2""","=""5s2.5p4.(1S<0>).5d""","=""2[2]""","=""5/2""",,
"=""437.378""","=""437.373+""","=""100H""","=""""",,"=""116783.09""","=""139640.43""","=""5s2.5p4.(3P<2>).6p""","=""2[1]*""","=""3/2""","=""5s2.5p4.(3P<2>).6d""","=""2[1]""","=""3/2""",,
"=""437.944""","=""437.939+""","=""10Hl""","=""""",,"=""123112.54""","=""145940.34""","=""5s2.5p4.(3P<1>).6p""","=""2[2]*""","=""5/2""","=""5s2.5p4.(3P<1>).6d""","=""2[2]""","=""3/2""",,
"=""438.493""","=""438.491+""","=""60""","=""""",,"=""90873.83""","=""113672.89""","=""5s.5p6""","=""2S""","=""1/2""","=""5s2.5p4.(3P<2>).6p""","=""2[1]*""","=""1/2""",,
"=""439.209""","=""439.220+""","=""0""","=""""",,"=""106906.12""","=""129667.35""","=""5s2.5p4.(3P<1>).6s""","=""2[1]""","=""1/2""","=""5s2.5p4.(1D<2>).6p""","=""2[1]*""","=""3/2""",,
"=""439.320""","=""439.320+""","=""500H""","=""""",,"=""121628.82""","=""144384.90""","=""5s2.5p4.(3P<0>).6p""","=""2[1]*""","=""3/2""","=""5s2.5p4.(3P<0>).6d""","=""2[2]""","=""5/2""",,
"=""439.577""","=""439.577+""","=""500H""","=""""",,"=""130063.96""","=""152806.73""","=""5s2.5p4.(1D<2>).6p""","=""2[3]*""","=""7/2""","=""5s2.5p4.(1D<2>).6d""","=""2[4]""","=""9/2""",,
"=""440.454""","=""440.455+""","=""1""","=""""",,"=""128867.20""","=""151564.61""","=""5s2.5p4.(1D<2>).6p""","=""2[3]*""","=""5/2""","=""5s2.5p4.(3P<2>).5g""","=""2[2]""","=""5/2""",,
"=""440.688""","=""440.682+""","=""200H""","=""""",,"=""123254.60""","=""145940.34""","=""5s2.5p4.(3P<1>).6p""","=""2[2]*""","=""3/2""","=""5s2.5p4.(3P<1>).6d""","=""2[2]""","=""3/2""",,
"=""441.484""","=""441.475+""","=""300*""","=""""",,"=""130063.96""","=""152708.92""","=""5s2.5p4.(1D<2>).6p""","=""2[3]*""","=""7/2""","=""5s2.5p4.(1D<2>).6d""","=""2[4]""","=""7/2""",,
"=""441.484""","=""441.482+""","=""300*""","=""1.0e+08""",,"=""109563.14""","=""132207.76""","=""5s2.5p4.(1D<2>).6s""","=""2[2]""","=""5/2""","=""5s2.5p4.(1D<2>).6p""","=""2[2]*""","=""5/2""",,
"=""441.607""","=""441.603+""","=""150H""","=""""",,"=""124289.45""","=""146927.86""","=""5s2.5p4.(3P<1>).6p""","=""2[1]*""","=""3/2""","=""5s2.5p4.(3P<1>).6d""","=""2[3]""","=""5/2""",,
"=""442.752""","=""442.757+""","=""2h""","=""""",,"=""128867.20""","=""151446.61""","=""5s2.5p4.(1D<2>).6p""","=""2[3]*""","=""5/2""","=""5s2.5p4.(3P<2>).5g""","=""2[4]""","=""7/2""",,
"=""444.095""","=""444.096+""","=""50H""","=""""",,"=""121628.82""","=""144140.16""","=""5s2.5p4.(3P<0>).6p""","=""2[1]*""","=""3/2""","=""5s2.5p4.(3P<0>).6d""","=""2[2]""","=""3/2""",,
"=""444.813""","=""444.813+""","=""500H""","=""""",,"=""123112.54""","=""145587.61""","=""5s2.5p4.(3P<1>).6p""","=""2[2]*""","=""5/2""","=""5s2.5p4.(3P<1>).6d""","=""2[3]""","=""7/2""",,
"=""445.132""","=""445.130+""","=""1H""","=""""",,"=""131923.79""","=""154382.83""","=""5s2.5p4.(1D<2>).6p""","=""2[2]*""","=""3/2""","=""5s2.5p4.(1D<2>).6d""","=""2[1]""","=""1/2""",,
"=""446.219""","=""446.219+""","=""1000""","=""""",,"=""113705.40""","=""136109.65""","=""5s2.5p4.(3P<2>).6p""","=""2[3]*""","=""7/2""","=""5s2.5p4.(3P<2>).6d""","=""2[4]""","=""9/2""",,
"=""446.460""","=""446.463+""","=""1^""","=""""",,"=""106475.21""","=""128867.20""","=""5s2.5p4.(3P<2>).5d""","=""2[3]""","=""5/2""","=""5s2.5p4.(1D<2>).6p""","=""2[3]*""","=""5/2""",,
"=""446.577""","=""446.564+""","=""""","=""""",,"=""138967.87""","=""161354.8""","=""5s2.5p4.(3P<2>).4f""","=""2[4]*""","=""9/2""","=""5s2.5p4.(3P<1>).5g""","=""2[4]""","=""9/2""",,
"=""447.090""","=""447.089+""","=""30""","=""""",,"=""109563.14""","=""131923.79""","=""5s2.5p4.(1D<2>).6s""","=""2[2]""","=""5/2""","=""5s2.5p4.(1D<2>).6p""","=""2[2]*""","=""3/2""",,
"=""448.086""","=""448.080+""","=""500H""","=""""",,"=""116783.09""","=""139094.28""","=""5s2.5p4.(3P<2>).6p""","=""2[1]*""","=""3/2""","=""5s2.5p4.(3P<2>).6d""","=""2[3]""","=""5/2""",,
"=""448.595""","=""448.594+""","=""20""","=""""",,"=""107381.74""","=""129667.35""","=""5s2.5p4.(3P<0>).5d""","=""2[2]""","=""3/2""","=""5s2.5p4.(1D<2>).6p""","=""2[1]*""","=""3/2""",,
"=""448.860""","=""448.850+""","=""4H""","=""""",,"=""127527.30""","=""149800.20""","=""5s2.5p4.(1D<2>).5d""","=""2[2]""","=""3/2""","=""5s2.5p4.(3P<1>).4f""","=""2[3]*""","=""5/2""",,
"=""448.897""","=""448.902+""","=""0""","=""""",,"=""138967.87""","=""161238.22""","=""5s2.5p4.(3P<2>).4f""","=""2[4]*""","=""9/2""","=""5s2.5p4.(3P<1>).5g""","=""2[3]""","=""7/2""",,
"=""450.711""","=""450.712+""","=""5h""","=""""",,"=""127010.80""","=""149191.69""","=""5s2.5p4.(1D<2>).5d""","=""2[1]""","=""1/2""","=""5s2.5p4.(1S<0>).6p""","=""2[1]*""","=""3/2""",,
"=""450.897""","=""450.902+""","=""0a""","=""""",,"=""139182.58""","=""161354.15""","=""5s2.5p4.(3P<2>).4f""","=""2[3]*""","=""5/2""","=""5s2.5p4.(3P<1>).5g""","=""2[4]""","=""7/2""",,
"=""452.186""","=""452.185+""","=""100h""","=""""",,"=""131923.79""","=""154032.42""","=""5s2.5p4.(1D<2>).6p""","=""2[2]*""","=""3/2""","=""5s2.5p4.(1D<2>).6d""","=""2[2]""","=""5/2""",,
"=""452.421""","=""452.421+""","=""200""","=""""",,"=""101157.48""","=""123254.60""","=""5s2.5p4.(3P<0>).6s""","=""2[0]""","=""1/2""","=""5s2.5p4.(3P<1>).6p""","=""2[2]*""","=""3/2""",,
"=""453.249""","=""453.250+""","=""200""","=""""",,"=""108007.28""","=""130063.96""","=""5s2.5p4.(3P<0>).5d""","=""2[2]""","=""5/2""","=""5s2.5p4.(1D<2>).6p""","=""2[3]*""","=""7/2""",,
"=""453.509""","=""453.505+""","=""1h""","=""""",,"=""139193.80""","=""161238.07""","=""5s2.5p4.(3P<2>).7p""","=""2[1]*""","=""3/2""","=""5s2.5p4.(3P<1>).5g""","=""2[3]""","=""5/2""",,
"=""453.692""","=""453.687+""","=""80H*""","=""""",,"=""113672.89""","=""135708.32""","=""5s2.5p4.(3P<2>).6p""","=""2[1]*""","=""1/2""","=""5s2.5p4.(3P<2>).6d""","=""2[2]""","=""3/2""",,
"=""453.692""","=""453.701+""","=""80H*""","=""""",,"=""113512.36""","=""135547.13""","=""5s2.5p4.(3P<2>).6p""","=""2[3]*""","=""5/2""","=""5s2.5p4.(3P<2>).6d""","=""2[2]""","=""5/2""",,
"=""454.089""","=""454.086+""","=""400h""","=""""",,"=""124289.45""","=""146305.54""","=""5s2.5p4.(3P<1>).6p""","=""2[1]*""","=""3/2""","=""5s2.5p4.(3P<1>).6d""","=""2[2]""","=""5/2""",,
"=""454.523""","=""454.522+""","=""400H""","=""""",,"=""113512.36""","=""135507.32""","=""5s2.5p4.(3P<2>).6p""","=""2[3]*""","=""5/2""","=""5s2.5p4.(3P<2>).6d""","=""2[3]""","=""7/2""",,
"=""455.079""","=""455.078+""","=""10H""","=""""",,"=""123254.60""","=""145222.72""","=""5s2.5p4.(3P<1>).6p""","=""2[2]*""","=""3/2""","=""5s2.5p4.(3P<1>).6d""","=""2[1]""","=""1/2""",,
"=""455.091""","=""455.095+""","=""2bl""","=""""",,"=""120414.87""","=""142382.13""","=""5s2.5p4.(3P<0>).6p""","=""2[1]*""","=""1/2""","=""5s2.5p4.(3P<1>).7s""","=""2[1]""","=""3/2""",,
"=""455.594""","=""455.588+""","=""200H""","=""""",,"=""116783.09""","=""138726.59""","=""5s2.5p4.(3P<2>).6p""","=""2[1]*""","=""3/2""","=""5s2.5p4.(3P<2>).6d""","=""2[0]""","=""1/2""",,
"=""456.300""","=""456.300+""","=""2H""","=""""",,"=""135507.32""","=""157416.58""","=""5s2.5p4.(3P<2>).6d""","=""2[3]""","=""7/2""","=""5s2.5p4.(1D<2>).4f""","=""2[4]*""","=""9/2""",,
"=""456.791""","=""456.796+""","=""""","=""""",,"=""135547.13""","=""157432.63""","=""5s2.5p4.(3P<2>).6d""","=""2[2]""","=""5/2""","=""5s2.5p4.(1D<2>).4f""","=""2[4]*""","=""7/2""",,
"=""457.185""","=""457.184+""","=""30Hd""","=""""",,"=""132741.15""","=""154608.07""","=""5s2.5p4.(1D<2>).6p""","=""2[1]*""","=""1/2""","=""5s2.5p4.(1D<2>).6d""","=""2[2]""","=""3/2""",,
"=""457.706""","=""457.711+""","=""200H""","=""""",,"=""113705.40""","=""135547.13""","=""5s2.5p4.(3P<2>).6p""","=""2[3]*""","=""7/2""","=""5s2.5p4.(3P<2>).6d""","=""2[2]""","=""5/2""",,
"=""458.070""","=""458.069+""","=""80Hl""","=""""",,"=""132207.76""","=""154032.42""","=""5s2.5p4.(1D<2>).6p""","=""2[2]*""","=""5/2""","=""5s2.5p4.(1D<2>).6d""","=""2[2]""","=""5/2""",,
"=""458.548""","=""458.547+""","=""500H""","=""""",,"=""113705.40""","=""135507.32""","=""5s2.5p4.(3P<2>).6p""","=""2[3]*""","=""7/2""","=""5s2.5p4.(3P<2>).6d""","=""2[3]""","=""7/2""",,
"=""459.180""","=""459.176+""","=""1""","=""""",,"=""102799.07""","=""124571.09""","=""5s2.5p4.(3P<1>).6s""","=""2[1]""","=""3/2""","=""5s2.5p4.(3P<1>).6p""","=""2[1]*""","=""1/2""",,
"=""459.205""","=""459.206+""","=""300H""","=""""",,"=""132207.76""","=""153978.37""","=""5s2.5p4.(1D<2>).6p""","=""2[2]*""","=""5/2""","=""5s2.5p4.(1D<2>).6d""","=""2[3]""","=""7/2""",,
"=""459.370""","=""459.370+""","=""6""","=""""",,"=""107904.50""","=""129667.35""","=""5s2.5p4.(3P<1>).5d""","=""2[1]""","=""3/2""","=""5s2.5p4.(1D<2>).6p""","=""2[1]*""","=""3/2""",,
"=""459.630""","=""459.639+""","=""1""","=""""",,"=""121179.80""","=""142929.90""","=""5s2.5p4.(3P<1>).6p""","=""2[0]*""","=""1/2""","=""5s2.5p4.(3P<1>).7s""","=""2[1]""","=""1/2""",,
"=""460.303""","=""460.304+""","=""600h""","=""8.2e+07""",,"=""95064.38""","=""116783.09""","=""5s2.5p4.(3P<2>).6s""","=""2[2]""","=""3/2""","=""5s2.5p4.(3P<2>).6p""","=""2[1]*""","=""3/2""",,
"=""461.506""","=""461.510+""","=""100h""","=""""",,"=""131923.79""","=""153585.71""","=""5s2.5p4.(1D<2>).6p""","=""2[2]*""","=""3/2""","=""5s2.5p4.(1D<2>).6d""","=""2[3]""","=""5/2""",,
"=""461.550""","=""461.545+""","=""200*""","=""""",,"=""131923.79""","=""153584.09""","=""5s2.5p4.(1D<2>).6p""","=""2[2]*""","=""3/2""","=""5s2.5p4.(1D<2>).6d""","=""2[1]""","=""3/2""",,
"=""461.550""","=""461.550+""","=""200*""","=""""",,"=""108007.28""","=""129667.35""","=""5s2.5p4.(3P<0>).5d""","=""2[2]""","=""5/2""","=""5s2.5p4.(1D<2>).6p""","=""2[1]*""","=""3/2""",,
"=""461.750""","=""461.745+""","=""90hl""","=""""",,"=""124289.45""","=""145940.34""","=""5s2.5p4.(3P<1>).6p""","=""2[1]*""","=""3/2""","=""5s2.5p4.(3P<1>).6d""","=""2[2]""","=""3/2""",,
"=""461.957""","=""461.942+""","=""1*""","=""""",,"=""132741.15""","=""154382.83""","=""5s2.5p4.(1D<2>).6p""","=""2[1]*""","=""1/2""","=""5s2.5p4.(1D<2>).6d""","=""2[1]""","=""1/2""",,
"=""461.957""","=""461.959+""","=""1*""","=""""",,"=""108423.07""","=""130063.96""","=""5s2.5p4.(3P<1>).5d""","=""2[3]""","=""7/2""","=""5s2.5p4.(1D<2>).6p""","=""2[3]*""","=""7/2""",,
"=""462.999""","=""463.000+""","=""5*""","=""""",,"=""139645.98""","=""161238.22""","=""5s2.5p4.(3P<2>).7p""","=""2[3]*""","=""5/2""","=""5s2.5p4.(3P<1>).5g""","=""2[3]""","=""7/2""",,
"=""462.999""","=""463.003+""","=""5*""","=""""",,"=""139645.98""","=""161238.07""","=""5s2.5p4.(3P<2>).7p""","=""2[3]*""","=""5/2""","=""5s2.5p4.(3P<1>).5g""","=""2[3]""","=""5/2""",,
"=""463.330""","=""463.329+""","=""50""","=""""",,"=""101535.67""","=""123112.54""","=""5s2.5p4.(3P<2>).5d""","=""2[4]""","=""7/2""","=""5s2.5p4.(3P<1>).6p""","=""2[2]*""","=""5/2""",,
"=""465.194""","=""465.194+""","=""200""","=""""",,"=""102799.07""","=""124289.45""","=""5s2.5p4.(3P<1>).6s""","=""2[1]""","=""3/2""","=""5s2.5p4.(3P<1>).6p""","=""2[1]*""","=""3/2""",,
"=""465.300""","=""465.301+""","=""40""","=""""",,"=""107381.74""","=""128867.20""","=""5s2.5p4.(3P<0>).5d""","=""2[2]""","=""3/2""","=""5s2.5p4.(1D<2>).6p""","=""2[3]*""","=""5/2""",,
"=""465.533""","=""465.518+""","=""""","=""""",,"=""139782.0""","=""161257.45""","=""5s2.5p4.(3P<2>).4f""","=""2[5]*""","=""11/2""","=""5s2.5p4.(3P<1>).5g""","=""2[5]""","=""11/2""",,
"=""466.628""","=""466.625+""","=""40Hl""","=""""",,"=""127527.30""","=""148951.80""","=""5s2.5p4.(1D<2>).5d""","=""2[2]""","=""3/2""","=""5s2.5p4.(3P<1>).4f""","=""2[2]*""","=""5/2""",,
"=""466.849""","=""466.849+""","=""100""","=""""",,"=""111326.96""","=""132741.15""","=""5s2.5p4.(3P<1>).5d""","=""2[2]""","=""3/2""","=""5s2.5p4.(1D<2>).6p""","=""2[1]*""","=""1/2""",,
"=""467.220""","=""467.219+""","=""100H""","=""""",,"=""111792.17""","=""133189.42""","=""5s2.5p4.(3P<2>).6p""","=""2[2]*""","=""3/2""","=""5s2.5p4.(3P<2>).7s""","=""2[2]""","=""3/2""",,
"=""467.394""","=""467.407+""","=""1w""","=""""",,"=""130063.96""","=""151452.61""","=""5s2.5p4.(1D<2>).6p""","=""2[3]*""","=""7/2""","=""5s2.5p4.(3P<2>).5g""","=""2[4]""","=""9/2""",,
"=""467.456""","=""467.457+""","=""40""","=""""",,"=""95396.74""","=""116783.09""","=""5s2.5p4.(3P<2>).5d""","=""2[2]""","=""5/2""","=""5s2.5p4.(3P<2>).6p""","=""2[1]*""","=""3/2""",,
"=""467.542""","=""467.538+""","=""3""","=""""",,"=""130063.96""","=""151446.61""","=""5s2.5p4.(1D<2>).6p""","=""2[3]*""","=""7/2""","=""5s2.5p4.(3P<2>).5g""","=""2[4]""","=""7/2""",,
"=""467.646""","=""467.641+""","=""200H""","=""""",,"=""132207.76""","=""153585.71""","=""5s2.5p4.(1D<2>).6p""","=""2[2]*""","=""5/2""","=""5s2.5p4.(1D<2>).6d""","=""2[3]""","=""5/2""",,
"=""467.675""","=""467.676+""","=""2""","=""""",,"=""132207.76""","=""153584.09""","=""5s2.5p4.(1D<2>).6p""","=""2[2]*""","=""5/2""","=""5s2.5p4.(1D<2>).6d""","=""2[1]""","=""3/2""",,
"=""467.831""","=""467.831+""","=""2h""","=""""",,"=""124571.09""","=""145940.34""","=""5s2.5p4.(3P<1>).6p""","=""2[1]*""","=""1/2""","=""5s2.5p4.(3P<1>).6d""","=""2[2]""","=""3/2""",,
"=""467.945""","=""467.940+""","=""3hl""","=""""",,"=""127010.80""","=""148375.10""","=""5s2.5p4.(1D<2>).5d""","=""2[1]""","=""1/2""","=""5s2.5p4.(3P<1>).4f""","=""2[2]*""","=""3/2""",,
"=""468.165""","=""468.169+""","=""1w""","=""""",,"=""139903.63""","=""161257.45""","=""5s2.5p4.(3P<2>).4f""","=""2[5]*""","=""9/2""","=""5s2.5p4.(3P<1>).5g""","=""2[5]""","=""11/2""",,
"=""468.586""","=""468.591+""","=""0""","=""""",,"=""139903.63""","=""161238.22""","=""5s2.5p4.(3P<2>).4f""","=""2[5]*""","=""9/2""","=""5s2.5p4.(3P<1>).5g""","=""2[3]""","=""7/2""",,
"=""468.820""","=""468.820+""","=""""","=""""",,"=""140029.99""","=""161354.15""","=""5s2.5p4.(3P<2>).4f""","=""2[4]*""","=""7/2""","=""5s2.5p4.(3P<1>).5g""","=""2[4]""","=""7/2""",,
"=""469.205""","=""469.200+""","=""1bl""","=""""",,"=""136109.65""","=""157416.58""","=""5s2.5p4.(3P<2>).6d""","=""2[4]""","=""9/2""","=""5s2.5p4.(1D<2>).4f""","=""2[4]*""","=""9/2""",,
"=""469.334""","=""469.328+""","=""15hl""","=""""",,"=""121628.82""","=""142929.90""","=""5s2.5p4.(3P<0>).6p""","=""2[1]*""","=""3/2""","=""5s2.5p4.(3P<1>).7s""","=""2[1]""","=""1/2""",,
"=""469.801""","=""469.804+""","=""300h""","=""""",,"=""116783.09""","=""138062.59""","=""5s2.5p4.(3P<2>).6p""","=""2[1]*""","=""3/2""","=""5s2.5p4.(1S<0>).5d""","=""2[2]""","=""3/2""",,
"=""469.962""","=""469.962+""","=""3Hl""","=""""",,"=""123112.54""","=""144384.90""","=""5s2.5p4.(3P<1>).6p""","=""2[2]*""","=""5/2""","=""5s2.5p4.(3P<0>).6d""","=""2[2]""","=""5/2""",,
"=""470.467""","=""470.465+""","=""10Hl""","=""""",,"=""119085.49""","=""140335.09""","=""5s2.5p4.(1D<2>).5d""","=""2[3]""","=""5/2""","=""5s2.5p4.(3P<2>).4f""","=""2[1]*""","=""3/2""",,
"=""470.892""","=""470.888+""","=""8hl""","=""""",,"=""111958.89""","=""133189.42""","=""5s2.5p4.(3P<2>).6p""","=""2[2]*""","=""5/2""","=""5s2.5p4.(3P<2>).7s""","=""2[2]""","=""3/2""",,
"=""471.263""","=""471.257+""","=""40""","=""""",,"=""127010.80""","=""148224.69""","=""5s2.5p4.(1D<2>).5d""","=""2[1]""","=""1/2""","=""5s2.5p4.(1S<0>).6p""","=""2[1]*""","=""1/2""",,
"=""471.376""","=""471.383+""","=""0*""","=""""",,"=""140029.99""","=""161238.22""","=""5s2.5p4.(3P<2>).4f""","=""2[4]*""","=""7/2""","=""5s2.5p4.(3P<1>).5g""","=""2[3]""","=""7/2""",,
"=""471.376""","=""471.387+""","=""0*""","=""""",,"=""140029.99""","=""161238.07""","=""5s2.5p4.(3P<2>).4f""","=""2[4]*""","=""7/2""","=""5s2.5p4.(3P<1>).5g""","=""2[3]""","=""5/2""",,
"=""471.518""","=""471.514+""","=""100""","=""""",,"=""121179.80""","=""142382.13""","=""5s2.5p4.(3P<1>).6p""","=""2[0]*""","=""1/2""","=""5s2.5p4.(3P<1>).7s""","=""2[1]""","=""3/2""",,
"=""472.100""","=""472.100+""","=""2Hl""","=""""",,"=""138967.87""","=""160143.92""","=""5s2.5p4.(3P<2>).4f""","=""2[4]*""","=""9/2""","=""5s2.5p4.(3P<2>).7g""","=""2[5]""","=""11/2""",,
"=""473.119""","=""473.122+""","=""100h""","=""""",,"=""123254.60""","=""144384.90""","=""5s2.5p4.(3P<1>).6p""","=""2[2]*""","=""3/2""","=""5s2.5p4.(3P<0>).6d""","=""2[2]""","=""5/2""",,
"=""473.251""","=""473.252+""","=""15Hl""","=""""",,"=""119085.49""","=""140209.99""","=""5s2.5p4.(1D<2>).5d""","=""2[3]""","=""5/2""","=""5s2.5p4.(3P<2>).4f""","=""2[2]*""","=""5/2""",,
"=""476.905""","=""476.904+""","=""150""","=""""",,"=""107904.50""","=""128867.20""","=""5s2.5p4.(3P<1>).5d""","=""2[1]""","=""3/2""","=""5s2.5p4.(1D<2>).6p""","=""2[3]*""","=""5/2""",,
"=""477.319""","=""477.319+""","=""80h""","=""""",,"=""119085.49""","=""140029.99""","=""5s2.5p4.(1D<2>).5d""","=""2[3]""","=""5/2""","=""5s2.5p4.(3P<2>).4f""","=""2[4]*""","=""7/2""",,
"=""477.518""","=""477.522+""","=""5Hl""","=""""",,"=""128867.20""","=""149802.80""","=""5s2.5p4.(1D<2>).6p""","=""2[3]*""","=""5/2""","=""5s2.5p4.(1D<2>).7s""","=""2[2]""","=""3/2""",,
"=""477.576""","=""477.575+""","=""8Hl""","=""""",,"=""124289.45""","=""145222.72""","=""5s2.5p4.(3P<1>).6p""","=""2[1]*""","=""3/2""","=""5s2.5p4.(3P<1>).6d""","=""2[1]""","=""1/2""",,
"=""477.918""","=""477.916+""","=""80""","=""""",,"=""90873.83""","=""111792.17""","=""5s.5p6""","=""2S""","=""1/2""","=""5s2.5p4.(3P<2>).6p""","=""2[2]*""","=""3/2""",,
"=""478.665""","=""478.666+""","=""10Hl""","=""""",,"=""123254.60""","=""144140.16""","=""5s2.5p4.(3P<1>).6p""","=""2[2]*""","=""3/2""","=""5s2.5p4.(3P<0>).6d""","=""2[2]""","=""3/2""",,
"=""478.777""","=""478.775+""","=""100""","=""""",,"=""111326.96""","=""132207.76""","=""5s2.5p4.(3P<1>).5d""","=""2[2]""","=""3/2""","=""5s2.5p4.(1D<2>).6p""","=""2[2]*""","=""5/2""",,
"=""479.184""","=""479.183+""","=""2h^""","=""""",,"=""136569.63""","=""157432.63""","=""5s2.5p4.(1S<0>).5d""","=""2[2]""","=""5/2""","=""5s2.5p4.(1D<2>).4f""","=""2[4]*""","=""7/2""",,
"=""479.256""","=""479.254+""","=""40""","=""""",,"=""108007.28""","=""128867.20""","=""5s2.5p4.(3P<0>).5d""","=""2[2]""","=""5/2""","=""5s2.5p4.(1D<2>).6p""","=""2[3]*""","=""5/2""",,
"=""479.540""","=""479.533+""","=""3h^""","=""""",,"=""127527.30""","=""148375.10""","=""5s2.5p4.(1D<2>).5d""","=""2[2]""","=""3/2""","=""5s2.5p4.(3P<1>).4f""","=""2[2]*""","=""3/2""",,
"=""479.648""","=""479.645+""","=""6Hl""","=""""",,"=""132741.15""","=""153584.09""","=""5s2.5p4.(1D<2>).6p""","=""2[1]*""","=""1/2""","=""5s2.5p4.(1D<2>).6d""","=""2[1]""","=""3/2""",,
"=""479.835""","=""479.832+""","=""1a""","=""""",,"=""136597.81""","=""157432.63""","=""5s2.5p4.(3P<2>).6d""","=""2[4]""","=""7/2""","=""5s2.5p4.(1D<2>).4f""","=""2[4]*""","=""7/2""",,
"=""479.945""","=""479.942+""","=""15Hl""","=""""",,"=""128867.20""","=""149697.24""","=""5s2.5p4.(1D<2>).6p""","=""2[3]*""","=""5/2""","=""5s2.5p4.(1D<2>).7s""","=""2[2]""","=""5/2""",,
"=""480.210""","=""480.202+""","=""1""","=""""",,"=""136597.81""","=""157416.58""","=""5s2.5p4.(3P<2>).6d""","=""2[4]""","=""7/2""","=""5s2.5p4.(1D<2>).4f""","=""2[4]*""","=""9/2""",,
"=""481.714""","=""481.716+""","=""40Hl""","=""""",,"=""121628.82""","=""142382.13""","=""5s2.5p4.(3P<0>).6p""","=""2[1]*""","=""3/2""","=""5s2.5p4.(3P<1>).7s""","=""2[1]""","=""3/2""",,
"=""481.802""","=""481.802+""","=""200""","=""""",,"=""96033.48""","=""116783.09""","=""5s2.5p4.(3P<2>).5d""","=""2[2]""","=""3/2""","=""5s2.5p4.(3P<2>).6p""","=""2[1]*""","=""3/2""",,
"=""482.335""","=""482.336+""","=""300h""","=""""",,"=""111792.17""","=""132518.82""","=""5s2.5p4.(3P<2>).6p""","=""2[2]*""","=""3/2""","=""5s2.5p4.(3P<2>).7s""","=""2[2]""","=""5/2""",,
"=""483.025""","=""483.018+""","=""2H""","=""""",,"=""127527.30""","=""148224.69""","=""5s2.5p4.(1D<2>).5d""","=""2[2]""","=""3/2""","=""5s2.5p4.(1S<0>).6p""","=""2[1]*""","=""1/2""",,
"=""483.108""","=""483.085+""","=""2bl""","=""""",,"=""135507.32""","=""156201.84""","=""5s2.5p4.(3P<2>).6d""","=""2[3]""","=""7/2""","=""5s2.5p4.(1D<2>).4f""","=""2[5]*""","=""9/2""",,
"=""483.220""","=""483.221+""","=""2""","=""""",,"=""135547.13""","=""156235.80""","=""5s2.5p4.(3P<2>).6d""","=""2[2]""","=""5/2""","=""5s2.5p4.(1D<2>).4f""","=""2[2]*""","=""5/2""",,
"=""484.087""","=""484.088+""","=""1*""","=""""",,"=""124571.09""","=""145222.72""","=""5s2.5p4.(3P<1>).6p""","=""2[1]*""","=""1/2""","=""5s2.5p4.(3P<1>).6d""","=""2[1]""","=""1/2""",,
"=""484.087""","=""484.093+""","=""1*""","=""""",,"=""136569.63""","=""157221.03""","=""5s2.5p4.(1S<0>).5d""","=""2[2]""","=""5/2""","=""5s2.5p4.(1D<2>).4f""","=""2[3]*""","=""5/2""",,
"=""484.185""","=""484.164+""","=""1bl""","=""""",,"=""119085.49""","=""139733.89""","=""5s2.5p4.(1D<2>).5d""","=""2[3]""","=""5/2""","=""5s2.5p4.(3P<2>).7p""","=""2[3]*""","=""7/2""",,
"=""484.433""","=""484.432+""","=""2000""","=""1.1e+08""",,"=""93068.44""","=""113705.40""","=""5s2.5p4.(3P<2>).6s""","=""2[2]""","=""5/2""","=""5s2.5p4.(3P<2>).6p""","=""2[3]*""","=""7/2""",,
"=""484.782""","=""484.755+""","=""3""","=""""",,"=""136597.81""","=""157221.03""","=""5s2.5p4.(3P<2>).6d""","=""2[4]""","=""7/2""","=""5s2.5p4.(1D<2>).4f""","=""2[3]*""","=""5/2""",,
"=""485.02""","=""485.012+""","=""2h^*""","=""""",,"=""139005.27""","=""159617.54""","=""5s2.5p4.(3P<2>).4f""","=""2[3]*""","=""7/2""","=""5s2.5p4.(3P<0>).5g""","=""2[4]""","=""9/2""",,
"=""485.02""","=""485.023+""","=""2h^*""","=""""",,"=""139005.27""","=""159617.11""","=""5s2.5p4.(3P<2>).4f""","=""2[3]*""","=""7/2""","=""5s2.5p4.(3P<0>).5g""","=""2[4]""","=""7/2""",,
"=""485.377""","=""485.376+""","=""40""","=""""",,"=""111326.96""","=""131923.79""","=""5s2.5p4.(3P<1>).5d""","=""2[2]""","=""3/2""","=""5s2.5p4.(1D<2>).6p""","=""2[2]*""","=""3/2""",,
"=""486.245""","=""486.247+""","=""800h""","=""""",,"=""111958.89""","=""132518.82""","=""5s2.5p4.(3P<2>).6p""","=""2[2]*""","=""5/2""","=""5s2.5p4.(3P<2>).7s""","=""2[2]""","=""5/2""",,
"=""486.887""","=""486.887+""","=""1h""","=""""",,"=""136569.63""","=""157102.56""","=""5s2.5p4.(1S<0>).5d""","=""2[2]""","=""5/2""","=""5s2.5p4.(1D<2>).4f""","=""2[3]*""","=""7/2""",,
"=""487.650""","=""487.649+""","=""500h""","=""6.3e+07""",,"=""109563.14""","=""130063.96""","=""5s2.5p4.(1D<2>).6s""","=""2[2]""","=""5/2""","=""5s2.5p4.(1D<2>).6p""","=""2[3]*""","=""7/2""",,
"=""488.353""","=""488.351+""","=""600h""","=""""",,"=""101157.48""","=""121628.82""","=""5s2.5p4.(3P<0>).6s""","=""2[0]""","=""1/2""","=""5s2.5p4.(3P<0>).6p""","=""2[1]*""","=""3/2""",,
"=""488.415""","=""488.418+""","=""100H""","=""""",,"=""120414.87""","=""140883.42""","=""5s2.5p4.(3P<0>).6p""","=""2[1]*""","=""1/2""","=""5s2.5p4.(3P<0>).7s""","=""2[0]""","=""1/2""",,
"=""488.730""","=""488.729+""","=""300h""","=""""",,"=""102799.07""","=""123254.60""","=""5s2.5p4.(3P<1>).6s""","=""2[1]""","=""3/2""","=""5s2.5p4.(3P<1>).6p""","=""2[2]*""","=""3/2""",,
"=""489.009""","=""489.001+""","=""300h*""","=""""",,"=""108423.07""","=""128867.20""","=""5s2.5p4.(3P<1>).5d""","=""2[3]""","=""7/2""","=""5s2.5p4.(1D<2>).6p""","=""2[3]*""","=""5/2""",,
"=""489.009""","=""489.006+""","=""300h*""","=""""",,"=""93068.44""","=""113512.36""","=""5s2.5p4.(3P<2>).6s""","=""2[2]""","=""5/2""","=""5s2.5p4.(3P<2>).6p""","=""2[3]*""","=""5/2""",,
"=""489.218""","=""489.231+""","=""2^""","=""""",,"=""139182.58""","=""159617.11""","=""5s2.5p4.(3P<2>).4f""","=""2[3]*""","=""5/2""","=""5s2.5p4.(3P<0>).5g""","=""2[4]""","=""7/2""",,
"=""489.99""","=""490.001+""","=""1^""","=""""",,"=""135060.97""","=""155463.41""","=""5s2.5p4.(1D<2>).5d""","=""2[0]""","=""1/2""","=""5s2.5p4.(1D<2>).4f""","=""2[1]*""","=""3/2""",,
"=""490.520""","=""490.52+""","=""2H""","=""""",,"=""139782.0""","=""160162.9""","=""5s2.5p4.(3P<2>).4f""","=""2[5]*""","=""11/2""","=""5s2.5p4.(3P<2>).7g""","=""2[6]""","=""13/2""",,
"=""491.966""","=""491.964+""","=""200""","=""""",,"=""104250.06""","=""124571.09""","=""5s2.5p4.(3P<1>).5d""","=""2[1]""","=""1/2""","=""5s2.5p4.(3P<1>).6p""","=""2[1]*""","=""1/2""",,
"=""492.148""","=""492.147+""","=""800""","=""""",,"=""102799.07""","=""123112.54""","=""5s2.5p4.(3P<1>).6s""","=""2[1]""","=""3/2""","=""5s2.5p4.(3P<1>).6p""","=""2[2]*""","=""5/2""",,
"=""493.43""","=""493.432+""","=""1""","=""""",,"=""139903.63""","=""160164.2""","=""5s2.5p4.(3P<2>).4f""","=""2[5]*""","=""9/2""","=""5s2.5p4.(3P<2>).7g""","=""2[6]""","=""11/2""",,
"=""496.500""","=""496.498+""","=""4Hl""","=""""",,"=""129667.35""","=""149802.80""","=""5s2.5p4.(1D<2>).6p""","=""2[1]*""","=""3/2""","=""5s2.5p4.(1D<2>).7s""","=""2[2]""","=""3/2""",,
"=""497.171""","=""497.168+""","=""200H""","=""""",,"=""119085.49""","=""139193.80""","=""5s2.5p4.(1D<2>).5d""","=""2[3]""","=""5/2""","=""5s2.5p4.(3P<2>).7p""","=""2[1]*""","=""3/2""",,
"=""497.271""","=""497.270+""","=""400h""","=""""",,"=""109563.14""","=""129667.35""","=""5s2.5p4.(1D<2>).6s""","=""2[2]""","=""5/2""","=""5s2.5p4.(1D<2>).6p""","=""2[1]*""","=""3/2""",,
"=""497.441""","=""497.446+""","=""1^""","=""""",,"=""119085.49""","=""139182.58""","=""5s2.5p4.(1D<2>).5d""","=""2[3]""","=""5/2""","=""5s2.5p4.(3P<2>).4f""","=""2[3]*""","=""5/2""",,
"=""497.487""","=""497.486+""","=""2h""","=""""",,"=""124289.45""","=""144384.90""","=""5s2.5p4.(3P<1>).6p""","=""2[1]*""","=""3/2""","=""5s2.5p4.(3P<0>).6d""","=""2[2]""","=""5/2""",,
"=""498.795""","=""498.781+""","=""0""","=""""",,"=""119085.49""","=""139128.78""","=""5s2.5p4.(1D<2>).5d""","=""2[3]""","=""5/2""","=""5s2.5p4.(3P<2>).7p""","=""2[2]*""","=""5/2""",,
"=""498.877""","=""498.878+""","=""300h""","=""""",,"=""104250.06""","=""124289.45""","=""5s2.5p4.(3P<1>).5d""","=""2[1]""","=""1/2""","=""5s2.5p4.(3P<1>).6p""","=""2[1]*""","=""3/2""",,
"=""499.117""","=""499.115+""","=""100H""","=""""",,"=""129667.35""","=""149697.24""","=""5s2.5p4.(1D<2>).6p""","=""2[1]*""","=""3/2""","=""5s2.5p4.(1D<2>).7s""","=""2[2]""","=""5/2""",,
"=""499.303""","=""499.303+""","=""10""","=""""",,"=""101157.48""","=""121179.80""","=""5s2.5p4.(3P<0>).6s""","=""2[0]""","=""1/2""","=""5s2.5p4.(3P<1>).6p""","=""2[0]*""","=""1/2""",,
"=""499.393""","=""499.391+""","=""5Hl""","=""""",,"=""136109.65""","=""156128.46""","=""5s2.5p4.(3P<2>).6d""","=""2[4]""","=""9/2""","=""5s2.5p4.(1D<2>).4f""","=""2[5]*""","=""11/2""",,
"=""500.101""","=""500.100+""","=""3h""","=""""",,"=""127527.30""","=""147517.71""","=""5s2.5p4.(1D<2>).5d""","=""2[2]""","=""3/2""","=""5s2.5p4.(3P<0>).4f""","=""2[3]*""","=""5/2""",,
"=""501.283""","=""501.282+""","=""50Hl""","=""""",,"=""129248.39""","=""149191.69""","=""5s2.5p4.(1S<0>).6s""","=""2[0]""","=""1/2""","=""5s2.5p4.(1S<0>).6p""","=""2[1]*""","=""3/2""",,
"=""501.741""","=""501.744+""","=""1""","=""""",,"=""96858.18""","=""116783.09""","=""5s2.5p4.(3P<2>).5d""","=""2[1]""","=""1/2""","=""5s2.5p4.(3P<2>).6p""","=""2[1]*""","=""3/2""",,
"=""501.875""","=""501.874+""","=""1^""","=""""",,"=""119085.49""","=""139005.27""","=""5s2.5p4.(1D<2>).5d""","=""2[3]""","=""5/2""","=""5s2.5p4.(3P<2>).4f""","=""2[3]*""","=""7/2""",,
"=""503.615""","=""503.620+""","=""3Hl""","=""""",,"=""124289.45""","=""144140.16""","=""5s2.5p4.(3P<1>).6p""","=""2[1]*""","=""3/2""","=""5s2.5p4.(3P<0>).6d""","=""2[2]""","=""3/2""",,
"=""504.006""","=""504.01+""","=""0bl""","=""""",,"=""139782.0""","=""159617.54""","=""5s2.5p4.(3P<2>).4f""","=""2[5]*""","=""11/2""","=""5s2.5p4.(3P<0>).5g""","=""2[4]""","=""9/2""",,
"=""504.492""","=""504.494+""","=""150h""","=""""",,"=""112924.84""","=""132741.15""","=""5s2.5p4.(1D<2>).6s""","=""2[2]""","=""3/2""","=""5s2.5p4.(1D<2>).6p""","=""2[1]*""","=""1/2""",,
"=""505.254""","=""505.253+""","=""30h""","=""""",,"=""116783.09""","=""136569.63""","=""5s2.5p4.(3P<2>).6p""","=""2[1]*""","=""3/2""","=""5s2.5p4.(1S<0>).5d""","=""2[2]""","=""5/2""",,
"=""506.633""","=""506.640+""","=""3Hl""","=""""",,"=""136109.65""","=""155842.04""","=""5s2.5p4.(3P<2>).6d""","=""2[4]""","=""9/2""","=""5s2.5p4.(3P<2>).6f""","=""2[5]*""","=""9/2""",,
"=""506.982""","=""506.982+""","=""10Hw""","=""""",,"=""136109.65""","=""155828.73""","=""5s2.5p4.(3P<2>).6d""","=""2[4]""","=""9/2""","=""5s2.5p4.(3P<2>).6f""","=""2[5]*""","=""11/2""",,
"=""507.38""","=""507.380+""","=""1h^""","=""""",,"=""121179.80""","=""140883.42""","=""5s2.5p4.(3P<1>).6p""","=""2[0]*""","=""1/2""","=""5s2.5p4.(3P<0>).7s""","=""2[0]""","=""1/2""",,
"=""508.062""","=""508.064+""","=""600h""","=""""",,"=""113512.36""","=""133189.42""","=""5s2.5p4.(3P<2>).6p""","=""2[3]*""","=""5/2""","=""5s2.5p4.(3P<2>).7s""","=""2[2]""","=""3/2""",,
"=""508.107""","=""508.110+""","=""30""","=""""",,"=""123254.60""","=""142929.90""","=""5s2.5p4.(3P<1>).6p""","=""2[2]*""","=""3/2""","=""5s2.5p4.(3P<1>).7s""","=""2[1]""","=""1/2""",,
"=""509.193""","=""509.197+""","=""60Hl""","=""""",,"=""130063.96""","=""149697.24""","=""5s2.5p4.(1D<2>).6p""","=""2[3]*""","=""7/2""","=""5s2.5p4.(1D<2>).7s""","=""2[2]""","=""5/2""",,
"=""509.959""","=""509.957+""","=""5H""","=""""",,"=""136597.81""","=""156201.84""","=""5s2.5p4.(3P<2>).6d""","=""2[4]""","=""7/2""","=""5s2.5p4.(1D<2>).4f""","=""2[5]*""","=""9/2""",,
"=""510.40""","=""510.386+""","=""1Hw*""","=""""",,"=""140029.99""","=""159617.54""","=""5s2.5p4.(3P<2>).4f""","=""2[4]*""","=""7/2""","=""5s2.5p4.(3P<0>).5g""","=""2[4]""","=""9/2""",,
"=""510.40""","=""510.397+""","=""1Hw*""","=""""",,"=""140029.99""","=""159617.11""","=""5s2.5p4.(3P<2>).4f""","=""2[4]*""","=""7/2""","=""5s2.5p4.(3P<0>).5g""","=""2[4]""","=""7/2""",,
"=""510.858""","=""510.868+""","=""2h""","=""""",,"=""124571.09""","=""144140.16""","=""5s2.5p4.(3P<1>).6p""","=""2[1]*""","=""1/2""","=""5s2.5p4.(3P<0>).6d""","=""2[2]""","=""3/2""",,
"=""512.242""","=""512.243+""","=""200h""","=""""",,"=""113672.89""","=""133189.42""","=""5s2.5p4.(3P<2>).6p""","=""2[1]*""","=""1/2""","=""5s2.5p4.(3P<2>).7s""","=""2[2]""","=""3/2""",,
"=""512.570""","=""512.569+""","=""30""","=""""",,"=""112703.64""","=""132207.76""","=""5s2.5p4.(3P<1>).5d""","=""2[2]""","=""5/2""","=""5s2.5p4.(1D<2>).6p""","=""2[2]*""","=""5/2""",,
"=""516.47""","=""516.470+""","=""1H-""","=""""",,"=""120853.16""","=""140209.99""","=""5s2.5p4.(1D<2>).5d""","=""2[3]""","=""7/2""","=""5s2.5p4.(3P<2>).4f""","=""2[2]*""","=""5/2""",,
"=""517.882""","=""517.882+""","=""50h""","=""""",,"=""109563.14""","=""128867.20""","=""5s2.5p4.(1D<2>).6s""","=""2[2]""","=""5/2""","=""5s2.5p4.(1D<2>).6p""","=""2[3]*""","=""5/2""",,
"=""518.225""","=""518.228+""","=""0""","=""""",,"=""132207.76""","=""151498.90""","=""5s2.5p4.(1D<2>).6p""","=""2[2]*""","=""5/2""","=""5s2.5p4.(3P<2>).5g""","=""2[3]""","=""7/2""",,
"=""518.448""","=""518.449+""","=""50""","=""""",,"=""112924.84""","=""132207.76""","=""5s2.5p4.(1D<2>).6s""","=""2[2]""","=""3/2""","=""5s2.5p4.(1D<2>).6p""","=""2[2]*""","=""5/2""",,
"=""518.804""","=""518.808+""","=""200""","=""""",,"=""123112.54""","=""142382.13""","=""5s2.5p4.(3P<1>).6p""","=""2[2]*""","=""5/2""","=""5s2.5p4.(3P<1>).7s""","=""2[1]""","=""3/2""",,
"=""519.137""","=""519.137+""","=""300""","=""""",,"=""101157.48""","=""120414.87""","=""5s2.5p4.(3P<0>).6s""","=""2[0]""","=""1/2""","=""5s2.5p4.(3P<0>).6p""","=""2[1]*""","=""1/2""",,
"=""519.210""","=""519.212+""","=""80""","=""""",,"=""121628.82""","=""140883.42""","=""5s2.5p4.(3P<0>).6p""","=""2[1]*""","=""3/2""","=""5s2.5p4.(3P<0>).7s""","=""2[0]""","=""1/2""",,
"=""519.492""","=""519.492+""","=""5H""","=""""",,"=""136597.81""","=""155842.04""","=""5s2.5p4.(3P<2>).6d""","=""2[4]""","=""7/2""","=""5s2.5p4.(3P<2>).6f""","=""2[5]*""","=""9/2""",,
"=""519.99""","=""519.996+""","=""1h^""","=""""",,"=""120414.87""","=""139640.43""","=""5s2.5p4.(3P<0>).6p""","=""2[1]*""","=""1/2""","=""5s2.5p4.(3P<2>).6d""","=""2[1]""","=""3/2""",,
"=""520.142""","=""520.142+""","=""20""","=""""",,"=""112703.64""","=""131923.79""","=""5s2.5p4.(3P<1>).5d""","=""2[2]""","=""5/2""","=""5s2.5p4.(1D<2>).6p""","=""2[2]*""","=""3/2""",,
"=""520.188""","=""520.201+""","=""10H""","=""""",,"=""128867.20""","=""148085.19""","=""5s2.5p4.(1D<2>).6p""","=""2[3]*""","=""5/2""","=""5s2.5p4.(3P<1>).6d""","=""2[1]""","=""3/2""",,
"=""521.317""","=""521.317+""","=""1h""","=""""",,"=""120853.16""","=""140029.99""","=""5s2.5p4.(1D<2>).5d""","=""2[3]""","=""7/2""","=""5s2.5p4.(3P<2>).4f""","=""2[4]*""","=""7/2""",,
"=""521.820""","=""521.818+""","=""1H""","=""""",,"=""138062.59""","=""157221.03""","=""5s2.5p4.(1S<0>).5d""","=""2[2]""","=""3/2""","=""5s2.5p4.(1D<2>).4f""","=""2[3]*""","=""5/2""",,
"=""522.657""","=""522.661+""","=""20hl""","=""""",,"=""123254.60""","=""142382.13""","=""5s2.5p4.(3P<1>).6p""","=""2[2]*""","=""3/2""","=""5s2.5p4.(3P<1>).7s""","=""2[1]""","=""3/2""",,
"=""522.690""","=""522.684+""","=""10hl""","=""""",,"=""129248.39""","=""148375.10""","=""5s2.5p4.(1S<0>).6s""","=""2[0]""","=""1/2""","=""5s2.5p4.(3P<1>).4f""","=""2[2]*""","=""3/2""",,
"=""524.775""","=""524.775+""","=""20h""","=""""",,"=""120853.16""","=""139903.63""","=""5s2.5p4.(1D<2>).5d""","=""2[3]""","=""7/2""","=""5s2.5p4.(3P<2>).4f""","=""2[5]*""","=""9/2""",,
"=""525.989""","=""525.991+""","=""30""","=""""",,"=""113512.36""","=""132518.82""","=""5s2.5p4.(3P<2>).6p""","=""2[3]*""","=""5/2""","=""5s2.5p4.(3P<2>).7s""","=""2[2]""","=""5/2""",,
"=""526.044""","=""526.044+""","=""200""","=""2.2e+07""",,"=""104250.06""","=""123254.60""","=""5s2.5p4.(3P<1>).5d""","=""2[1]""","=""1/2""","=""5s2.5p4.(3P<1>).6p""","=""2[2]*""","=""3/2""",,
"=""526.195""","=""526.198+""","=""200""","=""8.5e+07""",,"=""112924.84""","=""131923.79""","=""5s2.5p4.(1D<2>).6s""","=""2[2]""","=""3/2""","=""5s2.5p4.(1D<2>).6p""","=""2[2]*""","=""3/2""",,
"=""526.831""","=""526.827+""","=""50*""","=""""",,"=""129248.39""","=""148224.69""","=""5s2.5p4.(1S<0>).6s""","=""2[0]""","=""1/2""","=""5s2.5p4.(1S<0>).6p""","=""2[1]*""","=""1/2""",,
"=""526.831""","=""526.831+""","=""50*""","=""""",,"=""105313.33""","=""124289.45""","=""5s2.5p4.(3P<2>).5d""","=""2[1]""","=""3/2""","=""5s2.5p4.(3P<1>).6p""","=""2[1]*""","=""3/2""",,
"=""528.246""","=""528.248+""","=""2h""","=""""",,"=""116783.09""","=""135708.32""","=""5s2.5p4.(3P<2>).6p""","=""2[1]*""","=""3/2""","=""5s2.5p4.(3P<2>).6d""","=""2[2]""","=""3/2""",,
"=""529.13""","=""529.127+""","=""2h""","=""""",,"=""136569.63""","=""155463.41""","=""5s2.5p4.(1S<0>).5d""","=""2[2]""","=""5/2""","=""5s2.5p4.(1D<2>).4f""","=""2[1]*""","=""3/2""",,
"=""529.222""","=""529.221+""","=""1000""","=""8.9e+07""",,"=""93068.44""","=""111958.89""","=""5s2.5p4.(3P<2>).6s""","=""2[2]""","=""5/2""","=""5s2.5p4.(3P<2>).6p""","=""2[2]*""","=""5/2""",,
"=""530.927""","=""530.927+""","=""200""","=""""",,"=""102799.07""","=""121628.82""","=""5s2.5p4.(3P<1>).6s""","=""2[1]""","=""3/2""","=""5s2.5p4.(3P<0>).6p""","=""2[1]*""","=""3/2""",,
"=""531.387""","=""531.388+""","=""800""","=""""",,"=""113705.40""","=""132518.82""","=""5s2.5p4.(3P<2>).6p""","=""2[3]*""","=""7/2""","=""5s2.5p4.(3P<2>).7s""","=""2[2]""","=""5/2""",,
"=""531.983""","=""531.970+""","=""3^""","=""""",,"=""120853.16""","=""139645.98""","=""5s2.5p4.(1D<2>).5d""","=""2[3]""","=""7/2""","=""5s2.5p4.(3P<2>).7p""","=""2[3]*""","=""5/2""",,
"=""532.783""","=""532.786+""","=""3""","=""""",,"=""116783.09""","=""135547.13""","=""5s2.5p4.(3P<2>).6p""","=""2[1]*""","=""3/2""","=""5s2.5p4.(3P<2>).6d""","=""2[2]""","=""5/2""",,
"=""533.933""","=""533.933+""","=""1000""","=""""",,"=""93068.44""","=""111792.17""","=""5s2.5p4.(3P<2>).6s""","=""2[2]""","=""5/2""","=""5s2.5p4.(3P<2>).6p""","=""2[2]*""","=""3/2""",,
"=""536.320""","=""536.319+""","=""150""","=""""",,"=""124289.45""","=""142929.90""","=""5s2.5p4.(3P<1>).6p""","=""2[1]*""","=""3/2""","=""5s2.5p4.(3P<1>).7s""","=""2[1]""","=""1/2""",,
"=""536.807""","=""536.806+""","=""100""","=""""",,"=""105947.55""","=""124571.09""","=""5s2.5p4.(3P<2>).5d""","=""2[0]""","=""1/2""","=""5s2.5p4.(3P<1>).6p""","=""2[1]*""","=""1/2""",,
"=""537.239""","=""537.239+""","=""300""","=""7.1e+07""",,"=""95064.38""","=""113672.89""","=""5s2.5p4.(3P<2>).6s""","=""2[2]""","=""3/2""","=""5s2.5p4.(3P<2>).6p""","=""2[1]*""","=""1/2""",,
"=""541.536""","=""541.543+""","=""50H^""","=""""",,"=""121179.80""","=""139640.43""","=""5s2.5p4.(3P<1>).6p""","=""2[0]*""","=""1/2""","=""5s2.5p4.(3P<2>).6d""","=""2[1]""","=""3/2""",,
"=""541.915""","=""541.914+""","=""2000""","=""6.2e+07""",,"=""95064.38""","=""113512.36""","=""5s2.5p4.(3P<2>).6s""","=""2[2]""","=""3/2""","=""5s2.5p4.(3P<2>).6p""","=""2[3]*""","=""5/2""",,
"=""542.807""","=""542.801+""","=""2hs^""","=""""",,"=""129667.35""","=""148085.19""","=""5s2.5p4.(1D<2>).6p""","=""2[1]*""","=""3/2""","=""5s2.5p4.(3P<1>).6d""","=""2[1]""","=""3/2""",,
"=""543.896""","=""543.897+""","=""400""","=""7.4e+07""",,"=""102799.07""","=""121179.80""","=""5s2.5p4.(3P<1>).6s""","=""2[1]""","=""3/2""","=""5s2.5p4.(3P<1>).6p""","=""2[0]*""","=""1/2""",,
"=""544.545""","=""544.546+""","=""150""","=""""",,"=""124571.09""","=""142929.90""","=""5s2.5p4.(3P<1>).6p""","=""2[1]*""","=""1/2""","=""5s2.5p4.(3P<1>).7s""","=""2[1]""","=""1/2""",,
"=""545.045""","=""545.048+""","=""100""","=""""",,"=""105947.55""","=""124289.45""","=""5s2.5p4.(3P<2>).5d""","=""2[0]""","=""1/2""","=""5s2.5p4.(3P<1>).6p""","=""2[1]*""","=""3/2""",,
"=""545.090""","=""545.093+""","=""20""","=""""",,"=""111326.96""","=""129667.35""","=""5s2.5p4.(3P<1>).5d""","=""2[2]""","=""3/2""","=""5s2.5p4.(1D<2>).6p""","=""2[1]*""","=""3/2""",,
"=""546.039""","=""546.038+""","=""300""","=""""",,"=""95396.74""","=""113705.40""","=""5s2.5p4.(3P<2>).5d""","=""2[2]""","=""5/2""","=""5s2.5p4.(3P<2>).6p""","=""2[3]*""","=""7/2""",,
"=""546.954""","=""546.957+""","=""20h""","=""""",,"=""116783.09""","=""135060.97""","=""5s2.5p4.(3P<2>).6p""","=""2[1]*""","=""3/2""","=""5s2.5p4.(1D<2>).5d""","=""2[0]""","=""1/2""",,
"=""547.261""","=""547.261+""","=""500""","=""9.9e+06""",,"=""95437.67""","=""113705.40""","=""5s2.5p4.(3P<2>).5d""","=""2[3]""","=""7/2""","=""5s2.5p4.(3P<2>).6p""","=""2[3]*""","=""7/2""",,
"=""548.113""","=""548.107+""","=""1h""","=""""",,"=""138062.59""","=""156302.13""","=""5s2.5p4.(1S<0>).5d""","=""2[2]""","=""3/2""","=""5s2.5p4.(1D<2>).4f""","=""2[2]*""","=""3/2""",,
"=""550.746""","=""550.747+""","=""2h""","=""""",,"=""120853.16""","=""139005.27""","=""5s2.5p4.(1D<2>).5d""","=""2[3]""","=""7/2""","=""5s2.5p4.(3P<2>).4f""","=""2[3]*""","=""7/2""",,
"=""551.856""","=""551.857+""","=""1""","=""""",,"=""95396.74""","=""113512.36""","=""5s2.5p4.(3P<2>).5d""","=""2[2]""","=""5/2""","=""5s2.5p4.(3P<2>).6p""","=""2[3]*""","=""5/2""",,
"=""551.877""","=""551.884+""","=""1""","=""""",,"=""120853.16""","=""138967.87""","=""5s2.5p4.(1D<2>).5d""","=""2[3]""","=""7/2""","=""5s2.5p4.(3P<2>).4f""","=""2[4]*""","=""9/2""",,
"=""552.553""","=""552.556+""","=""50""","=""""",,"=""124289.45""","=""142382.13""","=""5s2.5p4.(3P<1>).6p""","=""2[1]*""","=""3/2""","=""5s2.5p4.(3P<1>).7s""","=""2[1]""","=""3/2""",,
"=""553.107""","=""553.106+""","=""400""","=""8.8e+06""",,"=""95437.67""","=""113512.36""","=""5s2.5p4.(3P<2>).5d""","=""2[3]""","=""7/2""","=""5s2.5p4.(3P<2>).6p""","=""2[3]*""","=""5/2""",,
"=""555.150""","=""555.146+""","=""4Hs^""","=""""",,"=""139094.28""","=""157102.56""","=""5s2.5p4.(3P<2>).6d""","=""2[3]""","=""5/2""","=""5s2.5p4.(1D<2>).4f""","=""2[3]*""","=""7/2""",,
"=""557.091""","=""557.078+""","=""1""","=""""",,"=""138967.87""","=""156913.68""","=""5s2.5p4.(3P<2>).4f""","=""2[4]*""","=""9/2""","=""5s2.5p4.(3P<2>).6g""","=""2[6]""","=""11/2""",,
"=""557.219""","=""557.219+""","=""50""","=""""",,"=""105313.33""","=""123254.60""","=""5s2.5p4.(3P<2>).5d""","=""2[1]""","=""3/2""","=""5s2.5p4.(3P<1>).6p""","=""2[2]*""","=""3/2""",,
"=""558.35""","=""558.35+""","=""2H""","=""""",,"=""138967.87""","=""156872.9""","=""5s2.5p4.(3P<2>).4f""","=""2[4]*""","=""9/2""","=""5s2.5p4.(3P<2>).6g""","=""2[5]""","=""11/2""",,
"=""559.161""","=""559.160+""","=""2H""","=""""",,"=""131923.79""","=""149802.80""","=""5s2.5p4.(1D<2>).6p""","=""2[2]*""","=""3/2""","=""5s2.5p4.(1D<2>).7s""","=""2[2]""","=""3/2""",,
"=""559.487""","=""559.487+""","=""15Hw""","=""""",,"=""139005.27""","=""156873.84""","=""5s2.5p4.(3P<2>).4f""","=""2[3]*""","=""7/2""","=""5s2.5p4.(3P<2>).6g""","=""2[5]""","=""9/2""",,
"=""561.289""","=""561.294+""","=""1h-""","=""""",,"=""124571.09""","=""142382.13""","=""5s2.5p4.(3P<1>).6p""","=""2[1]*""","=""1/2""","=""5s2.5p4.(3P<1>).7s""","=""2[1]""","=""3/2""",,
"=""561.667""","=""561.667+""","=""150""","=""""",,"=""105313.33""","=""123112.54""","=""5s2.5p4.(3P<2>).5d""","=""2[1]""","=""3/2""","=""5s2.5p4.(3P<1>).6p""","=""2[2]*""","=""5/2""",,
"=""562.478""","=""562.47+""","=""1Hl*""","=""""",,"=""139128.78""","=""156902.5""","=""5s2.5p4.(3P<2>).7p""","=""2[2]*""","=""5/2""","=""5s2.5p4.(3P<2>).6g""","=""2[3]""","=""5/2""",,
"=""562.478""","=""562.481+""","=""1Hl*""","=""""",,"=""131923.79""","=""149697.24""","=""5s2.5p4.(1D<2>).6p""","=""2[2]*""","=""3/2""","=""5s2.5p4.(1D<2>).7s""","=""2[2]""","=""5/2""",,
"=""563.324""","=""563.327+""","=""3H""","=""""",,"=""139128.78""","=""156875.52""","=""5s2.5p4.(3P<2>).7p""","=""2[2]*""","=""5/2""","=""5s2.5p4.(3P<2>).6g""","=""2[4]""","=""7/2""",,
"=""565.053""","=""565.040+""","=""1h""","=""""",,"=""139182.58""","=""156875.52""","=""5s2.5p4.(3P<2>).4f""","=""2[3]*""","=""5/2""","=""5s2.5p4.(3P<2>).6g""","=""2[4]""","=""7/2""",,
"=""565.938""","=""565.935+""","=""150""","=""""",,"=""106906.12""","=""124571.09""","=""5s2.5p4.(3P<1>).6s""","=""2[1]""","=""1/2""","=""5s2.5p4.(3P<1>).6p""","=""2[1]*""","=""1/2""",,
"=""566.756""","=""566.755+""","=""300""","=""""",,"=""96033.48""","=""113672.89""","=""5s2.5p4.(3P<2>).5d""","=""2[2]""","=""3/2""","=""5s2.5p4.(3P<2>).6p""","=""2[1]*""","=""1/2""",,
"=""567.091""","=""567.096+""","=""50""","=""""",,"=""123254.60""","=""140883.42""","=""5s2.5p4.(3P<1>).6p""","=""2[2]*""","=""3/2""","=""5s2.5p4.(3P<0>).7s""","=""2[0]""","=""1/2""",,
"=""567.515""","=""567.515+""","=""1""","=""""",,"=""102799.07""","=""120414.87""","=""5s2.5p4.(3P<1>).6s""","=""2[1]""","=""3/2""","=""5s2.5p4.(3P<0>).6p""","=""2[1]*""","=""1/2""",,
"=""568.187""","=""568.184+""","=""1h""","=""""",,"=""132207.76""","=""149802.80""","=""5s2.5p4.(1D<2>).6p""","=""2[2]*""","=""5/2""","=""5s2.5p4.(1D<2>).7s""","=""2[2]""","=""3/2""",,
"=""568.649""","=""568.651+""","=""2h""","=""""",,"=""139640.43""","=""157221.03""","=""5s2.5p4.(3P<2>).6d""","=""2[1]""","=""3/2""","=""5s2.5p4.(1D<2>).4f""","=""2[3]*""","=""5/2""",,
"=""568.820""","=""568.815+""","=""2^""","=""""",,"=""138726.59""","=""156302.13""","=""5s2.5p4.(3P<2>).6d""","=""2[0]""","=""1/2""","=""5s2.5p4.(1D<2>).4f""","=""2[2]*""","=""3/2""",,
"=""569.961""","=""569.959+""","=""100""","=""""",,"=""111326.96""","=""128867.20""","=""5s2.5p4.(3P<1>).5d""","=""2[2]""","=""3/2""","=""5s2.5p4.(1D<2>).6p""","=""2[3]*""","=""5/2""",,
"=""571.610""","=""571.614+""","=""100H""","=""""",,"=""132207.76""","=""149697.24""","=""5s2.5p4.(1D<2>).6p""","=""2[2]*""","=""5/2""","=""5s2.5p4.(1D<2>).7s""","=""2[2]""","=""5/2""",,
"=""571.961""","=""571.960+""","=""200""","=""6.1e+06""",,"=""96033.48""","=""113512.36""","=""5s2.5p4.(3P<2>).5d""","=""2[2]""","=""3/2""","=""5s2.5p4.(3P<2>).6p""","=""2[3]*""","=""5/2""",,
"=""572.691""","=""572.688+""","=""200""","=""""",,"=""114751.08""","=""132207.76""","=""5s2.5p4.(3P<1>).5d""","=""2[3]""","=""5/2""","=""5s2.5p4.(1D<2>).6p""","=""2[2]*""","=""5/2""",,
"=""573.056""","=""573.04+""","=""0""","=""""",,"=""139645.98""","=""157091.9""","=""5s2.5p4.(3P<2>).7p""","=""2[3]*""","=""5/2""","=""5s2.5p4.(3P<1>).8s""","=""2[1]""","=""3/2""",,
"=""574.42""","=""574.42+""","=""1^""","=""""",,"=""139498.46""","=""156902.5""","=""5s2.5p4.(3P<2>).4f""","=""2[2]*""","=""3/2""","=""5s2.5p4.(3P<2>).6g""","=""2[3]""","=""5/2""",,
"=""575.103""","=""575.104+""","=""200""","=""""",,"=""106906.12""","=""124289.45""","=""5s2.5p4.(3P<1>).6s""","=""2[1]""","=""1/2""","=""5s2.5p4.(3P<1>).6p""","=""2[1]*""","=""3/2""",,
"=""575.256""","=""575.255+""","=""10""","=""""",,"=""104250.06""","=""121628.82""","=""5s2.5p4.(3P<1>).5d""","=""2[1]""","=""1/2""","=""5s2.5p4.(3P<0>).6p""","=""2[1]*""","=""3/2""",,
"=""575.865""","=""575.867+""","=""100""","=""""",,"=""112703.64""","=""130063.96""","=""5s2.5p4.(3P<1>).5d""","=""2[2]""","=""5/2""","=""5s2.5p4.(1D<2>).6p""","=""2[3]*""","=""7/2""",,
"=""577.639""","=""577.639+""","=""100""","=""""",,"=""105947.55""","=""123254.60""","=""5s2.5p4.(3P<2>).5d""","=""2[0]""","=""1/2""","=""5s2.5p4.(3P<1>).6p""","=""2[2]*""","=""3/2""",,
"=""578.083""","=""578.082+""","=""1-""","=""""",,"=""114913.98""","=""132207.76""","=""5s2.5p4.(1D<2>).5d""","=""2[4]""","=""7/2""","=""5s2.5p4.(1D<2>).6p""","=""2[2]*""","=""5/2""",,
"=""579.188""","=""579.197+""","=""1hl""","=""""",,"=""129667.35""","=""146927.86""","=""5s2.5p4.(1D<2>).6p""","=""2[1]*""","=""3/2""","=""5s2.5p4.(3P<1>).6d""","=""2[3]""","=""5/2""",,
"=""580.95""","=""580.969+""","=""1Hw""","=""""",,"=""139094.28""","=""156302.13""","=""5s2.5p4.(3P<2>).6d""","=""2[3]""","=""5/2""","=""5s2.5p4.(1D<2>).4f""","=""2[2]*""","=""3/2""",,
"=""581.596""","=""581.594+""","=""50""","=""""",,"=""107381.74""","=""124571.09""","=""5s2.5p4.(3P<0>).5d""","=""2[2]""","=""3/2""","=""5s2.5p4.(3P<1>).6p""","=""2[1]*""","=""1/2""",,
"=""582.157""","=""582.158+""","=""1-""","=""""",,"=""114751.08""","=""131923.79""","=""5s2.5p4.(3P<1>).5d""","=""2[3]""","=""5/2""","=""5s2.5p4.(1D<2>).6p""","=""2[2]*""","=""3/2""",,
"=""582.479""","=""582.459+""","=""1-""","=""""",,"=""132518.82""","=""149682.65""","=""5s2.5p4.(3P<2>).7s""","=""2[2]""","=""5/2""","=""5s2.5p4.(3P<1>).4f""","=""2[3]*""","=""7/2""",,
"=""583.55""","=""583.55+""","=""5Hw""","=""""",,"=""139782.0""","=""156913.8""","=""5s2.5p4.(3P<2>).4f""","=""2[5]*""","=""11/2""","=""5s2.5p4.(3P<2>).6g""","=""2[6]""","=""13/2""",,
"=""584.928""","=""584.94+""","=""0""","=""""",,"=""139782.0""","=""156872.9""","=""5s2.5p4.(3P<2>).4f""","=""2[5]*""","=""11/2""","=""5s2.5p4.(3P<2>).6g""","=""2[5]""","=""11/2""",,
"=""585.547""","=""585.553+""","=""1""","=""""",,"=""128867.20""","=""145940.34""","=""5s2.5p4.(1D<2>).6p""","=""2[3]*""","=""5/2""","=""5s2.5p4.(3P<1>).6d""","=""2[2]""","=""3/2""",,
"=""585.947""","=""585.947+""","=""2H""","=""""",,"=""132741.15""","=""149802.80""","=""5s2.5p4.(1D<2>).6p""","=""2[1]*""","=""1/2""","=""5s2.5p4.(1D<2>).7s""","=""2[2]""","=""3/2""",,
"=""587.725""","=""587.725+""","=""1-""","=""""",,"=""139903.63""","=""156913.68""","=""5s2.5p4.(3P<2>).4f""","=""2[5]*""","=""9/2""","=""5s2.5p4.(3P<2>).6g""","=""2[6]""","=""11/2""",,
"=""588.982""","=""588.996+""","=""4""","=""""",,"=""139903.63""","=""156876.96""","=""5s2.5p4.(3P<2>).4f""","=""2[5]*""","=""9/2""","=""5s2.5p4.(3P<2>).6g""","=""2[4]""","=""9/2""",,
"=""589.026""","=""589.046+""","=""0""","=""""",,"=""139903.63""","=""156875.52""","=""5s2.5p4.(3P<2>).4f""","=""2[5]*""","=""9/2""","=""5s2.5p4.(3P<2>).6g""","=""2[4]""","=""7/2""",,
"=""589.170""","=""589.14+""","=""4""","=""""",,"=""139903.63""","=""156872.9""","=""5s2.5p4.(3P<2>).4f""","=""2[5]*""","=""9/2""","=""5s2.5p4.(3P<2>).6g""","=""2[5]""","=""11/2""",,
"=""589.329""","=""589.330+""","=""150""","=""""",,"=""112703.64""","=""129667.35""","=""5s2.5p4.(3P<1>).5d""","=""2[2]""","=""5/2""","=""5s2.5p4.(1D<2>).6p""","=""2[1]*""","=""3/2""",,
"=""590.513""","=""590.513+""","=""200""","=""""",,"=""104250.06""","=""121179.80""","=""5s2.5p4.(3P<1>).5d""","=""2[1]""","=""1/2""","=""5s2.5p4.(3P<1>).6p""","=""2[0]*""","=""1/2""",,
"=""590.967""","=""590.964+""","=""30h""","=""""",,"=""124070.06""","=""140986.89""","=""5s2.5p4.(1D<2>).5d""","=""2[1]""","=""3/2""","=""5s2.5p4.(3P<2>).7p""","=""2[2]*""","=""3/2""",,
"=""591.280""","=""591.282+""","=""5h""","=""""",,"=""107381.74""","=""124289.45""","=""5s2.5p4.(3P<0>).5d""","=""2[2]""","=""3/2""","=""5s2.5p4.(3P<1>).6p""","=""2[1]*""","=""3/2""",,
"=""591.332""","=""591.33+""","=""1""","=""""",,"=""140185.67""","=""157091.9""","=""5s2.5p4.(3P<2>).4f""","=""2[1]*""","=""1/2""","=""5s2.5p4.(3P<1>).8s""","=""2[1]""","=""3/2""",,
"=""591.744""","=""591.744+""","=""50""","=""""",,"=""95064.38""","=""111958.89""","=""5s2.5p4.(3P<2>).6s""","=""2[2]""","=""3/2""","=""5s2.5p4.(3P<2>).6p""","=""2[2]*""","=""5/2""",,
"=""592.150""","=""592.155+""","=""1""","=""""",,"=""121179.80""","=""138062.59""","=""5s2.5p4.(3P<1>).6p""","=""2[0]*""","=""1/2""","=""5s2.5p4.(1S<0>).5d""","=""2[2]""","=""3/2""",,
"=""592.815""","=""592.818+""","=""3H^""","=""""",,"=""130063.96""","=""146927.86""","=""5s2.5p4.(1D<2>).6p""","=""2[3]*""","=""7/2""","=""5s2.5p4.(3P<1>).6d""","=""2[3]""","=""5/2""",,
"=""593.414""","=""593.414+""","=""2""","=""""",,"=""140029.99""","=""156876.96""","=""5s2.5p4.(3P<2>).4f""","=""2[4]*""","=""7/2""","=""5s2.5p4.(3P<2>).6g""","=""2[4]""","=""9/2""",,
"=""593.455""","=""593.465+""","=""1H""","=""""",,"=""140029.99""","=""156875.52""","=""5s2.5p4.(3P<2>).4f""","=""2[4]*""","=""7/2""","=""5s2.5p4.(3P<2>).6g""","=""2[4]""","=""7/2""",,
"=""593.499""","=""593.524+""","=""0""","=""""",,"=""140029.99""","=""156873.84""","=""5s2.5p4.(3P<2>).4f""","=""2[4]*""","=""7/2""","=""5s2.5p4.(3P<2>).6g""","=""2[5]""","=""9/2""",,
"=""594.553""","=""594.553+""","=""300""","=""""",,"=""96858.18""","=""113672.89""","=""5s2.5p4.(3P<2>).5d""","=""2[1]""","=""1/2""","=""5s2.5p4.(3P<2>).6p""","=""2[1]*""","=""1/2""",,
"=""595.803""","=""595.804+""","=""50""","=""""",,"=""106475.21""","=""123254.60""","=""5s2.5p4.(3P<2>).5d""","=""2[3]""","=""5/2""","=""5s2.5p4.(3P<1>).6p""","=""2[2]*""","=""3/2""",,
"=""596.452""","=""596.437+""","=""1-""","=""""",,"=""132518.82""","=""149280.40""","=""5s2.5p4.(3P<2>).7s""","=""2[2]""","=""5/2""","=""5s2.5p4.(3P<1>).4f""","=""2[4]*""","=""7/2""",,
"=""597.113""","=""597.117+""","=""200""","=""""",,"=""112924.84""","=""129667.35""","=""5s2.5p4.(1D<2>).6s""","=""2[2]""","=""3/2""","=""5s2.5p4.(1D<2>).6p""","=""2[1]*""","=""3/2""",,
"=""597.30""","=""597.320+""","=""1h""","=""""",,"=""138726.59""","=""155463.41""","=""5s2.5p4.(3P<2>).6d""","=""2[0]""","=""1/2""","=""5s2.5p4.(1D<2>).4f""","=""2[1]*""","=""3/2""",,
"=""597.646""","=""597.642+""","=""1000""","=""2.8e+07""",,"=""95064.38""","=""111792.17""","=""5s2.5p4.(3P<2>).6s""","=""2[2]""","=""3/2""","=""5s2.5p4.(3P<2>).6p""","=""2[2]*""","=""3/2""",,
"=""597.92""","=""597.906+""","=""1H""","=""""",,"=""128867.20""","=""145587.61""","=""5s2.5p4.(1D<2>).6p""","=""2[3]*""","=""5/2""","=""5s2.5p4.(3P<1>).6d""","=""2[3]""","=""7/2""",,
"=""598.844""","=""598.844+""","=""1""","=""""",,"=""140209.99""","=""156904.21""","=""5s2.5p4.(3P<2>).4f""","=""2[2]*""","=""5/2""","=""5s2.5p4.(3P<2>).6g""","=""2[3]""","=""7/2""",,
"=""599.186""","=""599.177+""","=""1H""","=""""",,"=""124301.96""","=""140986.89""","=""5s2.5p4.(1D<2>).5d""","=""2[2]""","=""5/2""","=""5s2.5p4.(3P<2>).7p""","=""2[2]*""","=""3/2""",,
"=""599.83""","=""599.837+""","=""1^""","=""""",,"=""107904.50""","=""124571.09""","=""5s2.5p4.(3P<1>).5d""","=""2[1]""","=""3/2""","=""5s2.5p4.(3P<1>).6p""","=""2[1]*""","=""1/2""",,
"=""599.867""","=""599.875+""","=""0bl""","=""""",,"=""140209.99""","=""156875.52""","=""5s2.5p4.(3P<2>).4f""","=""2[2]*""","=""5/2""","=""5s2.5p4.(3P<2>).6g""","=""2[4]""","=""7/2""",,
"=""600.03""","=""600.013+""","=""1-""","=""""",,"=""139640.43""","=""156302.13""","=""5s2.5p4.(3P<2>).6d""","=""2[1]""","=""3/2""","=""5s2.5p4.(1D<2>).4f""","=""2[2]*""","=""3/2""",,
"=""600.892""","=""600.892+""","=""100""","=""""",,"=""106475.21""","=""123112.54""","=""5s2.5p4.(3P<2>).5d""","=""2[3]""","=""5/2""","=""5s2.5p4.(3P<1>).6p""","=""2[2]*""","=""5/2""",,
"=""602.414""","=""602.411+""","=""2^""","=""""",,"=""139640.43""","=""156235.80""","=""5s2.5p4.(3P<2>).6d""","=""2[1]""","=""3/2""","=""5s2.5p4.(1D<2>).4f""","=""2[2]*""","=""5/2""",,
"=""602.458""","=""602.462+""","=""3H""","=""""",,"=""124289.45""","=""140883.42""","=""5s2.5p4.(3P<1>).6p""","=""2[1]*""","=""3/2""","=""5s2.5p4.(3P<0>).7s""","=""2[0]""","=""1/2""",,
"=""603.620""","=""603.619+""","=""500""","=""7.5e+06""",,"=""95396.74""","=""111958.89""","=""5s2.5p4.(3P<2>).5d""","=""2[2]""","=""5/2""","=""5s2.5p4.(3P<2>).6p""","=""2[2]*""","=""5/2""",,
"=""604.853""","=""604.870+""","=""5h^""","=""""",,"=""123112.54""","=""139640.43""","=""5s2.5p4.(3P<1>).6p""","=""2[2]*""","=""5/2""","=""5s2.5p4.(3P<2>).6d""","=""2[1]""","=""3/2""",,
"=""605.115""","=""605.115+""","=""1000""","=""1.7e+07""",,"=""95437.67""","=""111958.89""","=""5s2.5p4.(3P<2>).5d""","=""2[3]""","=""7/2""","=""5s2.5p4.(3P<2>).6p""","=""2[2]*""","=""5/2""",,
"=""608.321""","=""608.335+""","=""1h-""","=""""",,"=""121628.82""","=""138062.59""","=""5s2.5p4.(3P<0>).6p""","=""2[1]*""","=""3/2""","=""5s2.5p4.(1S<0>).5d""","=""2[2]""","=""3/2""",,
"=""609.350""","=""609.352+""","=""300""","=""""",,"=""116783.09""","=""133189.42""","=""5s2.5p4.(3P<2>).6p""","=""2[1]*""","=""3/2""","=""5s2.5p4.(3P<2>).7s""","=""2[2]""","=""3/2""",,
"=""609.759""","=""609.757+""","=""1000""","=""2.6e+07""",,"=""95396.74""","=""111792.17""","=""5s2.5p4.(3P<2>).5d""","=""2[2]""","=""5/2""","=""5s2.5p4.(3P<2>).6p""","=""2[2]*""","=""3/2""",,
"=""610.143""","=""610.147+""","=""200""","=""""",,"=""107904.50""","=""124289.45""","=""5s2.5p4.(3P<1>).5d""","=""2[1]""","=""3/2""","=""5s2.5p4.(3P<1>).6p""","=""2[1]*""","=""3/2""",,
"=""610.764""","=""610.737+""","=""0""","=""""",,"=""139094.28""","=""155463.41""","=""5s2.5p4.(3P<2>).6d""","=""2[3]""","=""5/2""","=""5s2.5p4.(1D<2>).4f""","=""2[1]*""","=""3/2""",,
"=""611.508""","=""611.508+""","=""50""","=""""",,"=""106906.12""","=""123254.60""","=""5s2.5p4.(3P<1>).6s""","=""2[1]""","=""1/2""","=""5s2.5p4.(3P<1>).6p""","=""2[2]*""","=""3/2""",,
"=""612.744""","=""612.745+""","=""2""","=""""",,"=""105313.33""","=""121628.82""","=""5s2.5p4.(3P<2>).5d""","=""2[1]""","=""3/2""","=""5s2.5p4.(3P<0>).6p""","=""2[1]*""","=""3/2""",,
"=""614.340""","=""614.345+""","=""1h""","=""""",,"=""129667.35""","=""145940.34""","=""5s2.5p4.(1D<2>).6p""","=""2[1]*""","=""3/2""","=""5s2.5p4.(3P<1>).6d""","=""2[2]""","=""3/2""",,
"=""614.645""","=""614.646+""","=""50""","=""""",,"=""124070.06""","=""140335.09""","=""5s2.5p4.(1D<2>).5d""","=""2[1]""","=""3/2""","=""5s2.5p4.(3P<2>).4f""","=""2[1]*""","=""3/2""",,
"=""615.528""","=""615.533+""","=""1Hw-""","=""""",,"=""130063.96""","=""146305.54""","=""5s2.5p4.(1D<2>).6p""","=""2[3]*""","=""7/2""","=""5s2.5p4.(3P<1>).6d""","=""2[2]""","=""5/2""",,
"=""618.457""","=""618.457+""","=""20""","=""""",,"=""104250.06""","=""120414.87""","=""5s2.5p4.(3P<1>).5d""","=""2[1]""","=""1/2""","=""5s2.5p4.(3P<0>).6p""","=""2[1]*""","=""1/2""",,
"=""618.503""","=""618.504+""","=""15""","=""""",,"=""112703.64""","=""128867.20""","=""5s2.5p4.(3P<1>).5d""","=""2[2]""","=""5/2""","=""5s2.5p4.(1D<2>).6p""","=""2[3]*""","=""5/2""",,
"=""618.579""","=""618.587+""","=""1H^""","=""""",,"=""131923.79""","=""148085.19""","=""5s2.5p4.(1D<2>).6p""","=""2[2]*""","=""3/2""","=""5s2.5p4.(3P<1>).6d""","=""2[1]""","=""3/2""",,
"=""619.407""","=""619.410+""","=""300""","=""""",,"=""124070.06""","=""140209.99""","=""5s2.5p4.(1D<2>).5d""","=""2[1]""","=""3/2""","=""5s2.5p4.(3P<2>).4f""","=""2[2]*""","=""5/2""",,
"=""620.345""","=""620.345+""","=""1h^""","=""""",,"=""124070.06""","=""140185.67""","=""5s2.5p4.(1D<2>).5d""","=""2[1]""","=""3/2""","=""5s2.5p4.(3P<2>).4f""","=""2[1]*""","=""1/2""",,
"=""623.540""","=""623.536+""","=""1h""","=""""",,"=""124301.96""","=""140335.09""","=""5s2.5p4.(1D<2>).5d""","=""2[2]""","=""5/2""","=""5s2.5p4.(3P<2>).4f""","=""2[1]*""","=""3/2""",,
"=""625.532""","=""625.541+""","=""2Hl^""","=""""",,"=""123112.54""","=""139094.28""","=""5s2.5p4.(3P<1>).6p""","=""2[2]*""","=""5/2""","=""5s2.5p4.(3P<2>).6d""","=""2[3]""","=""5/2""",,
"=""627.082""","=""627.086+""","=""400""","=""1.8e+07""",,"=""112924.84""","=""128867.20""","=""5s2.5p4.(1D<2>).6s""","=""2[2]""","=""3/2""","=""5s2.5p4.(1D<2>).6p""","=""2[3]*""","=""5/2""",,
"=""627.754""","=""627.754+""","=""300""","=""3.6e+06""",,"=""96033.48""","=""111958.89""","=""5s2.5p4.(3P<2>).5d""","=""2[2]""","=""3/2""","=""5s2.5p4.(3P<2>).6p""","=""2[2]*""","=""5/2""",,
"=""628.441""","=""628.440+""","=""50""","=""""",,"=""124301.96""","=""140209.99""","=""5s2.5p4.(1D<2>).5d""","=""2[2]""","=""5/2""","=""5s2.5p4.(3P<2>).4f""","=""2[2]*""","=""5/2""",,
"=""629.639""","=""629.651+""","=""10H^""","=""""",,"=""132207.76""","=""148085.19""","=""5s2.5p4.(1D<2>).6p""","=""2[2]*""","=""5/2""","=""5s2.5p4.(3P<1>).6d""","=""2[1]""","=""3/2""",,
"=""629.831""","=""629.832+""","=""20""","=""""",,"=""107381.74""","=""123254.60""","=""5s2.5p4.(3P<0>).5d""","=""2[2]""","=""3/2""","=""5s2.5p4.(3P<1>).6p""","=""2[2]*""","=""3/2""",,
"=""630.086""","=""630.086+""","=""100""","=""""",,"=""105313.33""","=""121179.80""","=""5s2.5p4.(3P<2>).5d""","=""2[1]""","=""3/2""","=""5s2.5p4.(3P<1>).6p""","=""2[0]*""","=""1/2""",,
"=""630.501""","=""630.491+""","=""1h""","=""""",,"=""132518.82""","=""148375.10""","=""5s2.5p4.(3P<2>).7s""","=""2[2]""","=""5/2""","=""5s2.5p4.(3P<1>).4f""","=""2[2]*""","=""3/2""",,
"=""631.146""","=""631.151+""","=""5Hw""","=""""",,"=""123254.60""","=""139094.28""","=""5s2.5p4.(3P<1>).6p""","=""2[2]*""","=""3/2""","=""5s2.5p4.(3P<2>).6d""","=""2[3]""","=""5/2""",,
"=""631.803""","=""631.817+""","=""5""","=""""",,"=""139640.43""","=""155463.41""","=""5s2.5p4.(3P<2>).6d""","=""2[1]""","=""3/2""","=""5s2.5p4.(1D<2>).4f""","=""2[1]*""","=""3/2""",,
"=""634.396""","=""634.395+""","=""300""","=""""",,"=""96033.48""","=""111792.17""","=""5s2.5p4.(3P<2>).5d""","=""2[2]""","=""3/2""","=""5s2.5p4.(3P<2>).6p""","=""2[2]*""","=""3/2""",,
"=""635.320""","=""635.321+""","=""50Hl""","=""""",,"=""116783.09""","=""132518.82""","=""5s2.5p4.(3P<2>).6p""","=""2[1]*""","=""3/2""","=""5s2.5p4.(3P<2>).7s""","=""2[2]""","=""5/2""",,
"=""635.635""","=""635.632+""","=""500""","=""""",,"=""124301.96""","=""140029.99""","=""5s2.5p4.(1D<2>).5d""","=""2[2]""","=""5/2""","=""5s2.5p4.(3P<2>).4f""","=""2[4]*""","=""7/2""",,
"=""637.528""","=""637.527+""","=""100""","=""""",,"=""105947.55""","=""121628.82""","=""5s2.5p4.(3P<2>).5d""","=""2[0]""","=""1/2""","=""5s2.5p4.(3P<0>).6p""","=""2[1]*""","=""3/2""",,
"=""639.799""","=""639.798+""","=""60""","=""""",,"=""101157.48""","=""116783.09""","=""5s2.5p4.(3P<0>).6s""","=""2[0]""","=""1/2""","=""5s2.5p4.(3P<2>).6p""","=""2[1]*""","=""3/2""",,
"=""641.858""","=""641.857+""","=""20""","=""""",,"=""113672.89""","=""129248.39""","=""5s2.5p4.(3P<2>).6p""","=""2[1]*""","=""1/2""","=""5s2.5p4.(1S<0>).6s""","=""2[0]""","=""1/2""",,
"=""642.147""","=""642.149+""","=""1^""","=""""",,"=""111958.89""","=""127527.30""","=""5s2.5p4.(3P<2>).6p""","=""2[2]*""","=""5/2""","=""5s2.5p4.(1D<2>).5d""","=""2[2]""","=""3/2""",,
"=""642.673""","=""642.687+""","=""2H^""","=""""",,"=""129667.35""","=""145222.72""","=""5s2.5p4.(1D<2>).6p""","=""2[1]*""","=""3/2""","=""5s2.5p4.(3P<1>).6d""","=""2[1]""","=""1/2""",,
"=""644.018""","=""644.000+""","=""2H^""","=""""",,"=""130063.96""","=""145587.61""","=""5s2.5p4.(1D<2>).6p""","=""2[3]*""","=""7/2""","=""5s2.5p4.(3P<1>).6d""","=""2[3]""","=""7/2""",,
"=""644.23""","=""644.247+""","=""1H^""","=""""",,"=""128867.20""","=""144384.90""","=""5s2.5p4.(1D<2>).6p""","=""2[3]*""","=""5/2""","=""5s2.5p4.(3P<0>).6d""","=""2[2]""","=""5/2""",,
"=""646.148""","=""646.151+""","=""10H^""","=""""",,"=""123254.60""","=""138726.59""","=""5s2.5p4.(3P<1>).6p""","=""2[2]*""","=""3/2""","=""5s2.5p4.(3P<2>).6d""","=""2[0]""","=""1/2""",,
"=""647.969""","=""647.976+""","=""2H""","=""""",,"=""124070.06""","=""139498.46""","=""5s2.5p4.(1D<2>).5d""","=""2[1]""","=""3/2""","=""5s2.5p4.(3P<2>).4f""","=""2[2]*""","=""3/2""",,
"=""648.397""","=""648.384+""","=""0""","=""""",,"=""140883.42""","=""156302.13""","=""5s2.5p4.(3P<0>).7s""","=""2[0]""","=""1/2""","=""5s2.5p4.(1D<2>).4f""","=""2[2]*""","=""3/2""",,
"=""650.247""","=""650.256+""","=""0""","=""""",,"=""121179.80""","=""136554.11""","=""5s2.5p4.(3P<1>).6p""","=""2[0]*""","=""1/2""","=""5s2.5p4.(3P<2>).6d""","=""2[1]""","=""1/2""",,
"=""651.006""","=""651.005+""","=""0""","=""""",,"=""132207.76""","=""147564.38""","=""5s2.5p4.(1D<2>).6p""","=""2[2]*""","=""5/2""","=""5s2.5p4.(3P<2>).8s""","=""2[2]""","=""3/2""",,
"=""651.228""","=""651.244+""","=""0""","=""""",,"=""124289.45""","=""139640.43""","=""5s2.5p4.(3P<1>).6p""","=""2[1]*""","=""3/2""","=""5s2.5p4.(3P<2>).6d""","=""2[1]""","=""3/2""",,
"=""651.283""","=""651.282+""","=""300h""","=""""",,"=""107904.50""","=""123254.60""","=""5s2.5p4.(3P<1>).5d""","=""2[1]""","=""3/2""","=""5s2.5p4.(3P<1>).6p""","=""2[2]*""","=""3/2""",,
"=""651.548""","=""651.539+""","=""1H*""","=""""",,"=""132741.15""","=""148085.19""","=""5s2.5p4.(1D<2>).6p""","=""2[1]*""","=""1/2""","=""5s2.5p4.(3P<1>).6d""","=""2[1]""","=""3/2""",,
"=""651.548""","=""651.540+""","=""1H*""","=""""",,"=""124301.96""","=""139645.98""","=""5s2.5p4.(1D<2>).5d""","=""2[2]""","=""5/2""","=""5s2.5p4.(3P<2>).7p""","=""2[3]*""","=""5/2""",,
"=""652.865""","=""652.865+""","=""200h""","=""""",,"=""114751.08""","=""130063.96""","=""5s2.5p4.(3P<1>).5d""","=""2[3]""","=""5/2""","=""5s2.5p4.(1D<2>).6p""","=""2[3]*""","=""7/2""",,
"=""654.558""","=""654.571+""","=""4w""","=""""",,"=""128867.20""","=""144140.16""","=""5s2.5p4.(1D<2>).6p""","=""2[3]*""","=""5/2""","=""5s2.5p4.(3P<0>).6d""","=""2[2]""","=""3/2""",,
"=""655.670""","=""655.672+""","=""4""","=""""",,"=""108007.28""","=""123254.60""","=""5s2.5p4.(3P<0>).5d""","=""2[2]""","=""5/2""","=""5s2.5p4.(3P<1>).6p""","=""2[2]*""","=""3/2""",,
"=""656.319""","=""656.321+""","=""15""","=""""",,"=""105947.55""","=""121179.80""","=""5s2.5p4.(3P<2>).5d""","=""2[0]""","=""1/2""","=""5s2.5p4.(3P<1>).6p""","=""2[0]*""","=""1/2""",,
"=""656.913""","=""656.908+""","=""5""","=""""",,"=""111792.17""","=""127010.80""","=""5s2.5p4.(3P<2>).6p""","=""2[2]*""","=""3/2""","=""5s2.5p4.(1D<2>).5d""","=""2[1]""","=""1/2""",,
"=""657.368""","=""657.365+""","=""30""","=""""",,"=""107904.50""","=""123112.54""","=""5s2.5p4.(3P<1>).5d""","=""2[1]""","=""3/2""","=""5s2.5p4.(3P<1>).6p""","=""2[2]*""","=""5/2""",,
"=""659.501""","=""659.500+""","=""800""","=""""",,"=""114905.15""","=""130063.96""","=""5s2.5p4.(1D<2>).5d""","=""2[4]""","=""9/2""","=""5s2.5p4.(1D<2>).6p""","=""2[3]*""","=""7/2""",,
"=""659.725""","=""659.727+""","=""300""","=""""",,"=""106475.21""","=""121628.82""","=""5s2.5p4.(3P<2>).5d""","=""2[3]""","=""5/2""","=""5s2.5p4.(3P<0>).6p""","=""2[1]*""","=""3/2""",,
"=""659.884""","=""659.885+""","=""80""","=""""",,"=""114913.98""","=""130063.96""","=""5s2.5p4.(1D<2>).5d""","=""2[4]""","=""7/2""","=""5s2.5p4.(1D<2>).6p""","=""2[3]*""","=""7/2""",,
"=""661.496""","=""661.520+""","=""10H""","=""""",,"=""124070.06""","=""139182.58""","=""5s2.5p4.(1D<2>).5d""","=""2[1]""","=""3/2""","=""5s2.5p4.(3P<2>).4f""","=""2[3]*""","=""5/2""",,
"=""661.840""","=""661.838+""","=""50""","=""""",,"=""108007.28""","=""123112.54""","=""5s2.5p4.(3P<0>).5d""","=""2[2]""","=""5/2""","=""5s2.5p4.(3P<1>).6p""","=""2[2]*""","=""5/2""",,
"=""661.933""","=""661.947+""","=""3""","=""""",,"=""132207.76""","=""147310.54""","=""5s2.5p4.(1D<2>).6p""","=""2[2]*""","=""5/2""","=""5s2.5p4.(3P<2>).8s""","=""2[2]""","=""5/2""",,
"=""662.002""","=""662.001+""","=""200h""","=""""",,"=""105313.33""","=""120414.87""","=""5s2.5p4.(3P<2>).5d""","=""2[1]""","=""3/2""","=""5s2.5p4.(3P<0>).6p""","=""2[1]*""","=""1/2""",,
"=""663.413""","=""663.416+""","=""6Hl""","=""""",,"=""124571.09""","=""139640.43""","=""5s2.5p4.(3P<1>).6p""","=""2[1]*""","=""1/2""","=""5s2.5p4.(3P<2>).6d""","=""2[1]""","=""3/2""",,
"=""663.885""","=""663.884+""","=""2h""","=""""",,"=""124070.06""","=""139128.78""","=""5s2.5p4.(1D<2>).5d""","=""2[1]""","=""3/2""","=""5s2.5p4.(3P<2>).7p""","=""2[2]*""","=""5/2""",,
"=""664.29""","=""664.256+""","=""1h""","=""""",,"=""132518.82""","=""147569.10""","=""5s2.5p4.(3P<2>).7s""","=""2[2]""","=""5/2""","=""5s2.5p4.(3P<0>).4f""","=""2[3]*""","=""7/2""",,
"=""666.31""","=""666.302+""","=""2""","=""""",,"=""131923.79""","=""146927.86""","=""5s2.5p4.(1D<2>).6p""","=""2[2]*""","=""3/2""","=""5s2.5p4.(3P<1>).6d""","=""2[3]""","=""5/2""",,
"=""666.559""","=""666.532+""","=""2""","=""""",,"=""132518.82""","=""147517.71""","=""5s2.5p4.(3P<2>).7s""","=""2[2]""","=""5/2""","=""5s2.5p4.(3P<0>).4f""","=""2[3]*""","=""5/2""",,
"=""669.122""","=""669.123+""","=""1""","=""""",,"=""121628.82""","=""136569.63""","=""5s2.5p4.(3P<0>).6p""","=""2[1]*""","=""3/2""","=""5s2.5p4.(1S<0>).5d""","=""2[2]""","=""5/2""",,
"=""669.432""","=""669.429+""","=""400h""","=""""",,"=""96858.18""","=""111792.17""","=""5s2.5p4.(3P<2>).5d""","=""2[1]""","=""1/2""","=""5s2.5p4.(3P<2>).6p""","=""2[2]*""","=""3/2""",,
"=""670.225""","=""670.224+""","=""80""","=""""",,"=""114751.08""","=""129667.35""","=""5s2.5p4.(3P<1>).5d""","=""2[3]""","=""5/2""","=""5s2.5p4.(1D<2>).6p""","=""2[1]*""","=""3/2""",,
"=""674.427""","=""674.431+""","=""0""","=""""",,"=""132741.15""","=""147564.38""","=""5s2.5p4.(1D<2>).6p""","=""2[1]*""","=""1/2""","=""5s2.5p4.(3P<2>).8s""","=""2[2]""","=""3/2""",,
"=""675.683""","=""675.681+""","=""0""","=""""",,"=""139182.58""","=""153978.37""","=""5s2.5p4.(3P<2>).4f""","=""2[3]*""","=""5/2""","=""5s2.5p4.(1D<2>).6d""","=""2[3]""","=""7/2""",,
"=""678.871""","=""678.869+""","=""100h""","=""""",,"=""109563.14""","=""124289.45""","=""5s2.5p4.(1D<2>).6s""","=""2[2]""","=""5/2""","=""5s2.5p4.(3P<1>).6p""","=""2[1]*""","=""3/2""",,
"=""679.037""","=""679.036+""","=""80h""","=""""",,"=""106906.12""","=""121628.82""","=""5s2.5p4.(3P<1>).6s""","=""2[1]""","=""1/2""","=""5s2.5p4.(3P<0>).6p""","=""2[1]*""","=""3/2""",,
"=""680.574""","=""680.572+""","=""1000""","=""6.1e+06""",,"=""108423.07""","=""123112.54""","=""5s2.5p4.(3P<1>).5d""","=""2[3]""","=""7/2""","=""5s2.5p4.(3P<1>).6p""","=""2[2]*""","=""5/2""",,
"=""691.022""","=""691.022+""","=""100""","=""""",,"=""105947.55""","=""120414.87""","=""5s2.5p4.(3P<2>).5d""","=""2[0]""","=""1/2""","=""5s2.5p4.(3P<0>).6p""","=""2[1]*""","=""1/2""",,
"=""699.088""","=""699.088+""","=""2000""","=""2.7e+07""",,"=""99404.99""","=""113705.40""","=""5s2.5p4.(3P<2>).5d""","=""2[4]""","=""9/2""","=""5s2.5p4.(3P<2>).6p""","=""2[3]*""","=""7/2""",,
"=""700.396""","=""700.397+""","=""50""","=""""",,"=""106906.12""","=""121179.80""","=""5s2.5p4.(3P<1>).6s""","=""2[1]""","=""1/2""","=""5s2.5p4.(3P<1>).6p""","=""2[0]*""","=""1/2""",,
"=""701.706""","=""701.705+""","=""80""","=""""",,"=""107381.74""","=""121628.82""","=""5s2.5p4.(3P<0>).5d""","=""2[2]""","=""3/2""","=""5s2.5p4.(3P<0>).6p""","=""2[1]*""","=""3/2""",,
"=""705.257""","=""705.256+""","=""3Hw""","=""""",,"=""135507.32""","=""149682.65""","=""5s2.5p4.(3P<2>).6d""","=""2[3]""","=""7/2""","=""5s2.5p4.(3P<1>).4f""","=""2[3]*""","=""7/2""",,
"=""707.243""","=""707.243+""","=""4Hw""","=""""",,"=""135547.13""","=""149682.65""","=""5s2.5p4.(3P<2>).6d""","=""2[2]""","=""5/2""","=""5s2.5p4.(3P<1>).4f""","=""2[3]*""","=""7/2""",,
"=""707.50""","=""707.483+""","=""2Hs""","=""""",,"=""135060.97""","=""149191.69""","=""5s2.5p4.(1D<2>).5d""","=""2[0]""","=""1/2""","=""5s2.5p4.(1S<0>).6p""","=""2[1]*""","=""3/2""",,
"=""708.215""","=""708.215+""","=""200""","=""""",,"=""114751.08""","=""128867.20""","=""5s2.5p4.(3P<1>).5d""","=""2[3]""","=""5/2""","=""5s2.5p4.(1D<2>).6p""","=""2[3]*""","=""5/2""",,
"=""709.47""","=""709.433+""","=""1Hw""","=""""",,"=""135708.32""","=""149800.20""","=""5s2.5p4.(3P<2>).6d""","=""2[2]""","=""3/2""","=""5s2.5p4.(3P<1>).4f""","=""2[3]*""","=""5/2""",,
"=""710.08""","=""710.057+""","=""5h^""","=""""",,"=""121628.82""","=""135708.32""","=""5s2.5p4.(3P<0>).6p""","=""2[1]*""","=""3/2""","=""5s2.5p4.(3P<2>).6d""","=""2[2]""","=""3/2""",,
"=""713.327""","=""713.328+""","=""10""","=""""",,"=""113512.36""","=""127527.30""","=""5s2.5p4.(3P<2>).6p""","=""2[3]*""","=""5/2""","=""5s2.5p4.(1D<2>).5d""","=""2[2]""","=""3/2""",,
"=""714.750""","=""714.742+""","=""100H""","=""""",,"=""136109.65""","=""150096.85""","=""5s2.5p4.(3P<2>).6d""","=""2[4]""","=""9/2""","=""5s2.5p4.(3P<2>).5f""","=""2[5]*""","=""11/2""",,
"=""714.903""","=""714.905+""","=""300h""","=""""",,"=""102799.07""","=""116783.09""","=""5s2.5p4.(3P<1>).6s""","=""2[1]""","=""3/2""","=""5s2.5p4.(3P<2>).6p""","=""2[1]*""","=""3/2""",,
"=""716.483""","=""716.483+""","=""800h""","=""""",,"=""114913.98""","=""128867.20""","=""5s2.5p4.(1D<2>).5d""","=""2[4]""","=""7/2""","=""5s2.5p4.(1D<2>).6p""","=""2[3]*""","=""5/2""",,
"=""721.597""","=""721.593+""","=""20h""","=""""",,"=""113672.89""","=""127527.30""","=""5s2.5p4.(3P<2>).6p""","=""2[1]*""","=""1/2""","=""5s2.5p4.(1D<2>).5d""","=""2[2]""","=""3/2""",,
"=""724.538""","=""724.540+""","=""2h""","=""""",,"=""107381.74""","=""121179.80""","=""5s2.5p4.(3P<0>).5d""","=""2[2]""","=""3/2""","=""5s2.5p4.(3P<1>).6p""","=""2[0]*""","=""1/2""",,
"=""725.86""","=""725.851+""","=""2H*""","=""""",,"=""124289.45""","=""138062.59""","=""5s2.5p4.(3P<1>).6p""","=""2[1]*""","=""3/2""","=""5s2.5p4.(1S<0>).5d""","=""2[2]""","=""3/2""",,
"=""725.86""","=""725.854+""","=""2H*""","=""""",,"=""135507.32""","=""149280.40""","=""5s2.5p4.(3P<2>).6d""","=""2[3]""","=""7/2""","=""5s2.5p4.(3P<1>).4f""","=""2[4]*""","=""7/2""",,
"=""727.975""","=""727.958+""","=""4Hws*""","=""""",,"=""135547.13""","=""149280.40""","=""5s2.5p4.(3P<2>).6d""","=""2[2]""","=""5/2""","=""5s2.5p4.(3P<1>).4f""","=""2[4]*""","=""7/2""",,
"=""727.975""","=""727.995+""","=""4Hws*""","=""""",,"=""132207.76""","=""145940.34""","=""5s2.5p4.(1D<2>).6p""","=""2[2]*""","=""5/2""","=""5s2.5p4.(3P<1>).6d""","=""2[2]""","=""3/2""",,
"=""728.434""","=""728.433+""","=""100""","=""""",,"=""107904.50""","=""121628.82""","=""5s2.5p4.(3P<1>).5d""","=""2[1]""","=""3/2""","=""5s2.5p4.(3P<0>).6p""","=""2[1]*""","=""3/2""",,
"=""730.180""","=""730.181+""","=""200""","=""""",,"=""109563.14""","=""123254.60""","=""5s2.5p4.(1D<2>).6s""","=""2[2]""","=""5/2""","=""5s2.5p4.(3P<1>).6p""","=""2[2]*""","=""3/2""",,
"=""733.930""","=""733.929+""","=""300h""","=""""",,"=""108007.28""","=""121628.82""","=""5s2.5p4.(3P<0>).5d""","=""2[2]""","=""5/2""","=""5s2.5p4.(3P<0>).6p""","=""2[1]*""","=""3/2""",,
"=""734.337""","=""734.338+""","=""30Hw""","=""""",,"=""136597.81""","=""150211.76""","=""5s2.5p4.(3P<2>).6d""","=""2[4]""","=""7/2""","=""5s2.5p4.(3P<2>).5f""","=""2[5]*""","=""9/2""",,
"=""737.838""","=""737.837+""","=""30""","=""""",,"=""109563.14""","=""123112.54""","=""5s2.5p4.(1D<2>).6s""","=""2[2]""","=""5/2""","=""5s2.5p4.(3P<1>).6p""","=""2[2]*""","=""5/2""",,
"=""740.05""","=""740.057+""","=""4h""","=""""",,"=""106906.12""","=""120414.87""","=""5s2.5p4.(3P<1>).6s""","=""2[1]""","=""1/2""","=""5s2.5p4.(3P<0>).6p""","=""2[1]*""","=""1/2""",,
"=""741.014""","=""741.003+""","=""4Hw""","=""""",,"=""124571.09""","=""138062.59""","=""5s2.5p4.(3P<1>).6p""","=""2[1]*""","=""1/2""","=""5s2.5p4.(1S<0>).5d""","=""2[2]""","=""3/2""",,
"=""745.80""","=""745.803+""","=""2H""","=""""",,"=""135547.13""","=""148951.80""","=""5s2.5p4.(3P<2>).6d""","=""2[2]""","=""5/2""","=""5s2.5p4.(3P<1>).4f""","=""2[2]*""","=""5/2""",,
"=""747.20""","=""747.187+""","=""1-""","=""""",,"=""132207.76""","=""145587.61""","=""5s2.5p4.(1D<2>).6p""","=""2[2]*""","=""5/2""","=""5s2.5p4.(3P<1>).6d""","=""2[3]""","=""7/2""",,
"=""749.536""","=""749.536+""","=""50""","=""""",,"=""113672.89""","=""127010.80""","=""5s2.5p4.(3P<2>).6p""","=""2[1]*""","=""1/2""","=""5s2.5p4.(1D<2>).5d""","=""2[1]""","=""1/2""",,
"=""750.300""","=""750.302+""","=""3h""","=""""",,"=""127010.80""","=""140335.09""","=""5s2.5p4.(1D<2>).5d""","=""2[1]""","=""1/2""","=""5s2.5p4.(3P<2>).4f""","=""2[1]*""","=""3/2""",,
"=""750.86""","=""750.824+""","=""1H*""","=""""",,"=""123254.60""","=""136569.63""","=""5s2.5p4.(3P<1>).6p""","=""2[2]*""","=""3/2""","=""5s2.5p4.(1S<0>).5d""","=""2[2]""","=""5/2""",,
"=""750.86""","=""750.875+""","=""1H*""","=""""",,"=""135060.97""","=""148375.10""","=""5s2.5p4.(1D<2>).5d""","=""2[0]""","=""1/2""","=""5s2.5p4.(3P<1>).4f""","=""2[2]*""","=""3/2""",,
"=""753.070""","=""753.071+""","=""50""","=""""",,"=""107904.50""","=""121179.80""","=""5s2.5p4.(3P<1>).5d""","=""2[1]""","=""3/2""","=""5s2.5p4.(3P<1>).6p""","=""2[0]*""","=""1/2""",,
"=""754.845""","=""754.844+""","=""300""","=""""",,"=""111326.96""","=""124571.09""","=""5s2.5p4.(3P<1>).5d""","=""2[2]""","=""3/2""","=""5s2.5p4.(3P<1>).6p""","=""2[1]*""","=""1/2""",,
"=""759.46""","=""759.455+""","=""1H""","=""""",,"=""135060.97""","=""148224.69""","=""5s2.5p4.(1D<2>).5d""","=""2[0]""","=""1/2""","=""5s2.5p4.(1S<0>).6p""","=""2[1]*""","=""1/2""",,
"=""761.857""","=""761.854+""","=""100""","=""""",,"=""119085.49""","=""132207.76""","=""5s2.5p4.(1D<2>).5d""","=""2[3]""","=""5/2""","=""5s2.5p4.(1D<2>).6p""","=""2[2]*""","=""5/2""",,
"=""767.066""","=""767.064+""","=""200""","=""""",,"=""107381.74""","=""120414.87""","=""5s2.5p4.(3P<0>).5d""","=""2[2]""","=""3/2""","=""5s2.5p4.(3P<0>).6p""","=""2[1]*""","=""1/2""",,
"=""771.242""","=""771.244+""","=""30""","=""""",,"=""111326.96""","=""124289.45""","=""5s2.5p4.(3P<1>).5d""","=""2[2]""","=""3/2""","=""5s2.5p4.(3P<1>).6p""","=""2[1]*""","=""3/2""",,
"=""777.212""","=""777.212+""","=""20hl""","=""""",,"=""148375.10""","=""161238.07""","=""5s2.5p4.(3P<1>).4f""","=""2[2]*""","=""3/2""","=""5s2.5p4.(3P<1>).5g""","=""2[3]""","=""5/2""",,
"=""778.704""","=""778.705+""","=""100""","=""""",,"=""119085.49""","=""131923.79""","=""5s2.5p4.(1D<2>).5d""","=""2[3]""","=""5/2""","=""5s2.5p4.(1D<2>).6p""","=""2[2]*""","=""3/2""",,
"=""780.58""","=""780.560+""","=""1""","=""""",,"=""127527.30""","=""140335.09""","=""5s2.5p4.(1D<2>).5d""","=""2[2]""","=""3/2""","=""5s2.5p4.(3P<2>).4f""","=""2[1]*""","=""3/2""",,
"=""782.61""","=""782.591+""","=""2""","=""""",,"=""120414.87""","=""133189.42""","=""5s2.5p4.(3P<0>).6p""","=""2[1]*""","=""1/2""","=""5s2.5p4.(3P<2>).7s""","=""2[2]""","=""3/2""",,
"=""786.27""","=""786.270+""","=""3""","=""""",,"=""129667.35""","=""142382.13""","=""5s2.5p4.(1D<2>).6p""","=""2[1]*""","=""3/2""","=""5s2.5p4.(3P<1>).7s""","=""2[1]""","=""3/2""",,
"=""788.271""","=""788.259+""","=""20*""","=""""",,"=""127527.30""","=""140209.99""","=""5s2.5p4.(1D<2>).5d""","=""2[2]""","=""3/2""","=""5s2.5p4.(3P<2>).4f""","=""2[2]*""","=""5/2""",,
"=""788.271""","=""788.266+""","=""20*""","=""""",,"=""136597.81""","=""149280.40""","=""5s2.5p4.(3P<2>).6d""","=""2[4]""","=""7/2""","=""5s2.5p4.(3P<1>).4f""","=""2[4]*""","=""7/2""",,
"=""788.94""","=""788.952+""","=""50h""","=""""",,"=""148585.89""","=""161257.45""","=""5s2.5p4.(3P<1>).4f""","=""2[4]*""","=""9/2""","=""5s2.5p4.(3P<1>).5g""","=""2[5]""","=""11/2""",,
"=""789.26""","=""789.249+""","=""8h""","=""""",,"=""135708.32""","=""148375.10""","=""5s2.5p4.(3P<2>).6d""","=""2[2]""","=""3/2""","=""5s2.5p4.(3P<1>).4f""","=""2[2]*""","=""3/2""",,
"=""789.77""","=""789.774+""","=""5Hs""","=""""",,"=""127527.30""","=""140185.67""","=""5s2.5p4.(1D<2>).5d""","=""2[2]""","=""3/2""","=""5s2.5p4.(3P<2>).4f""","=""2[1]*""","=""1/2""",,
"=""792.048""","=""792.046+""","=""10Hw""","=""""",,"=""136569.63""","=""149191.69""","=""5s2.5p4.(1S<0>).5d""","=""2[2]""","=""5/2""","=""5s2.5p4.(1S<0>).6p""","=""2[1]*""","=""3/2""",,
"=""797.64""","=""797.642+""","=""3Hw*""","=""""",,"=""142929.90""","=""155463.41""","=""5s2.5p4.(3P<1>).7s""","=""2[1]""","=""1/2""","=""5s2.5p4.(1D<2>).4f""","=""2[1]*""","=""3/2""",,
"=""797.64""","=""797.672+""","=""3Hw*""","=""""",,"=""104250.06""","=""116783.09""","=""5s2.5p4.(3P<1>).5d""","=""2[1]""","=""1/2""","=""5s2.5p4.(3P<2>).6p""","=""2[1]*""","=""3/2""",,
"=""798.799""","=""798.795+""","=""40""","=""""",,"=""101157.48""","=""113672.89""","=""5s2.5p4.(3P<0>).6s""","=""2[0]""","=""1/2""","=""5s2.5p4.(3P<2>).6p""","=""2[1]*""","=""1/2""",,
"=""799.15""","=""799.117+""","=""5H*""","=""""",,"=""107904.50""","=""120414.87""","=""5s2.5p4.(3P<1>).5d""","=""2[1]""","=""3/2""","=""5s2.5p4.(3P<0>).6p""","=""2[1]*""","=""1/2""",,
"=""799.15""","=""799.154+""","=""5H*""","=""""",,"=""111792.17""","=""124301.96""","=""5s2.5p4.(3P<2>).6p""","=""2[2]*""","=""3/2""","=""5s2.5p4.(1D<2>).5d""","=""2[2]""","=""5/2""",,
"=""800.195""","=""800.188+""","=""10hs""","=""""",,"=""139005.27""","=""151498.90""","=""5s2.5p4.(3P<2>).4f""","=""2[3]*""","=""7/2""","=""5s2.5p4.(3P<2>).5g""","=""2[3]""","=""7/2""",,
"=""800.58""","=""800.570+""","=""2""","=""""",,"=""127010.80""","=""139498.46""","=""5s2.5p4.(1D<2>).5d""","=""2[1]""","=""1/2""","=""5s2.5p4.(3P<2>).4f""","=""2[2]*""","=""3/2""",,
"=""800.845""","=""800.842+""","=""300h""","=""""",,"=""138967.87""","=""151451.30""","=""5s2.5p4.(3P<2>).4f""","=""2[4]*""","=""9/2""","=""5s2.5p4.(3P<2>).5g""","=""2[5]""","=""11/2""",,
"=""801.426""","=""801.421+""","=""50hs""","=""""",,"=""138967.87""","=""151442.28""","=""5s2.5p4.(3P<2>).4f""","=""2[4]*""","=""9/2""","=""5s2.5p4.(3P<2>).5g""","=""2[5]""","=""9/2""",,
"=""802.007""","=""802.006+""","=""5""","=""""",,"=""116783.09""","=""129248.39""","=""5s2.5p4.(3P<2>).6p""","=""2[1]*""","=""3/2""","=""5s2.5p4.(1S<0>).6s""","=""2[0]""","=""1/2""",,
"=""803.164""","=""803.164+""","=""100h""","=""""",,"=""139005.27""","=""151452.61""","=""5s2.5p4.(3P<2>).4f""","=""2[3]*""","=""7/2""","=""5s2.5p4.(3P<2>).5g""","=""2[4]""","=""9/2""",,
"=""803.540""","=""803.551+""","=""20h""","=""""",,"=""139005.27""","=""151446.61""","=""5s2.5p4.(3P<2>).4f""","=""2[3]*""","=""7/2""","=""5s2.5p4.(3P<2>).5g""","=""2[4]""","=""7/2""",,
"=""803.826""","=""803.831+""","=""100h""","=""""",,"=""139005.27""","=""151442.28""","=""5s2.5p4.(3P<2>).4f""","=""2[3]*""","=""7/2""","=""5s2.5p4.(3P<2>).5g""","=""2[5]""","=""9/2""",,
"=""808.031""","=""808.043+""","=""50hs""","=""""",,"=""139128.78""","=""151500.96""","=""5s2.5p4.(3P<2>).7p""","=""2[2]*""","=""5/2""","=""5s2.5p4.(3P<2>).5g""","=""2[3]""","=""5/2""",,
"=""811.594""","=""811.572+""","=""50h*""","=""""",,"=""139182.58""","=""151500.96""","=""5s2.5p4.(3P<2>).4f""","=""2[3]*""","=""5/2""","=""5s2.5p4.(3P<2>).5g""","=""2[3]""","=""5/2""",,
"=""811.594""","=""811.608+""","=""50h*""","=""""",,"=""139128.78""","=""151446.61""","=""5s2.5p4.(3P<2>).7p""","=""2[2]*""","=""5/2""","=""5s2.5p4.(3P<2>).5g""","=""2[4]""","=""7/2""",,
"=""813.683""","=""813.683+""","=""30h""","=""""",,"=""148951.80""","=""161238.22""","=""5s2.5p4.(3P<1>).4f""","=""2[2]*""","=""5/2""","=""5s2.5p4.(3P<1>).5g""","=""2[3]""","=""7/2""",,
"=""814.26""","=""814.248+""","=""5H""","=""""",,"=""111792.17""","=""124070.06""","=""5s2.5p4.(3P<2>).6p""","=""2[2]*""","=""3/2""","=""5s2.5p4.(1D<2>).5d""","=""2[1]""","=""3/2""",,
"=""815.180""","=""815.169+""","=""100""","=""""",,"=""139182.58""","=""151446.61""","=""5s2.5p4.(3P<2>).4f""","=""2[3]*""","=""5/2""","=""5s2.5p4.(3P<2>).5g""","=""2[4]""","=""7/2""",,
"=""821.485""","=""821.485+""","=""20""","=""""",,"=""101535.67""","=""113705.40""","=""5s2.5p4.(3P<2>).5d""","=""2[4]""","=""7/2""","=""5s2.5p4.(3P<2>).6p""","=""2[3]*""","=""7/2""",,
"=""826.273""","=""826.260+""","=""30h""","=""""",,"=""147517.71""","=""159617.11""","=""5s2.5p4.(3P<0>).4f""","=""2[3]*""","=""5/2""","=""5s2.5p4.(3P<0>).5g""","=""2[4]""","=""7/2""",,
"=""828.570""","=""828.569+""","=""15h""","=""""",,"=""109563.14""","=""121628.82""","=""5s2.5p4.(1D<2>).6s""","=""2[2]""","=""5/2""","=""5s2.5p4.(3P<0>).6p""","=""2[1]*""","=""3/2""",,
"=""829.755""","=""829.755+""","=""100h""","=""""",,"=""147569.10""","=""159617.54""","=""5s2.5p4.(3P<0>).4f""","=""2[3]*""","=""7/2""","=""5s2.5p4.(3P<0>).5g""","=""2[4]""","=""9/2""",,
"=""831.62""","=""831.582+""","=""10Hw""","=""""",,"=""135547.13""","=""147569.10""","=""5s2.5p4.(3P<2>).6d""","=""2[2]""","=""5/2""","=""5s2.5p4.(3P<0>).4f""","=""2[3]*""","=""7/2""",,
"=""832.944""","=""832.931+""","=""30Hw""","=""""",,"=""139498.46""","=""151500.96""","=""5s2.5p4.(3P<2>).4f""","=""2[2]*""","=""3/2""","=""5s2.5p4.(3P<2>).5g""","=""2[3]""","=""5/2""",,
"=""833.91""","=""833.933+""","=""1""","=""""",,"=""136597.81""","=""148585.89""","=""5s2.5p4.(3P<2>).6d""","=""2[4]""","=""7/2""","=""5s2.5p4.(3P<1>).4f""","=""2[4]*""","=""9/2""",,
"=""834.724""","=""834.726+""","=""100""","=""""",,"=""101535.67""","=""113512.36""","=""5s2.5p4.(3P<2>).5d""","=""2[4]""","=""7/2""","=""5s2.5p4.(3P<2>).6p""","=""2[3]*""","=""5/2""",,
"=""835.13""","=""835.111+""","=""3*""","=""""",,"=""127527.30""","=""139498.46""","=""5s2.5p4.(1D<2>).5d""","=""2[2]""","=""3/2""","=""5s2.5p4.(3P<2>).4f""","=""2[2]*""","=""3/2""",,
"=""835.13""","=""835.152+""","=""3*""","=""""",,"=""135547.13""","=""147517.71""","=""5s2.5p4.(3P<2>).6d""","=""2[2]""","=""5/2""","=""5s2.5p4.(3P<0>).4f""","=""2[3]*""","=""5/2""",,
"=""837.83""","=""837.824+""","=""5h""","=""""",,"=""132207.76""","=""144140.16""","=""5s2.5p4.(1D<2>).6p""","=""2[2]*""","=""5/2""","=""5s2.5p4.(3P<0>).6d""","=""2[2]""","=""3/2""",,
"=""846.57""","=""846.551+""","=""2h""","=""""",,"=""135708.32""","=""147517.71""","=""5s2.5p4.(3P<2>).6d""","=""2[2]""","=""3/2""","=""5s2.5p4.(3P<0>).4f""","=""2[3]*""","=""5/2""",,
"=""846.78""","=""846.768+""","=""1-""","=""""",,"=""123254.60""","=""135060.97""","=""5s2.5p4.(3P<1>).6p""","=""2[2]*""","=""3/2""","=""5s2.5p4.(1D<2>).5d""","=""2[0]""","=""1/2""",,
"=""848.264""","=""848.261+""","=""5h""","=""""",,"=""111326.96""","=""123112.54""","=""5s2.5p4.(3P<1>).5d""","=""2[2]""","=""3/2""","=""5s2.5p4.(3P<1>).6p""","=""2[2]*""","=""5/2""",,
"=""851.519""","=""851.52+""","=""50Hw""","=""""",,"=""139782.0""","=""151522.5""","=""5s2.5p4.(3P<2>).4f""","=""2[5]*""","=""11/2""","=""5s2.5p4.(3P<2>).5g""","=""2[6]""","=""13/2""",,
"=""856.51""","=""856.50+""","=""1h""","=""""",,"=""149682.65""","=""161354.8""","=""5s2.5p4.(3P<1>).4f""","=""2[3]*""","=""7/2""","=""5s2.5p4.(3P<1>).5g""","=""2[4]""","=""9/2""",,
"=""856.67""","=""856.71+""","=""2h""","=""""",,"=""139782.0""","=""151451.30""","=""5s2.5p4.(3P<2>).4f""","=""2[5]*""","=""11/2""","=""5s2.5p4.(3P<2>).5g""","=""2[5]""","=""11/2""",,
"=""858.40""","=""858.410+""","=""1""","=""""",,"=""112924.84""","=""124571.09""","=""5s2.5p4.(1D<2>).6s""","=""2[2]""","=""3/2""","=""5s2.5p4.(3P<1>).6p""","=""2[1]*""","=""1/2""",,
"=""860.423""","=""860.423+""","=""50Hw""","=""""",,"=""139903.63""","=""151522.63""","=""5s2.5p4.(3P<2>).4f""","=""2[5]*""","=""9/2""","=""5s2.5p4.(3P<2>).5g""","=""2[6]""","=""11/2""",,
"=""862.894""","=""862.888+""","=""25h""","=""""",,"=""112703.64""","=""124289.45""","=""5s2.5p4.(3P<1>).5d""","=""2[2]""","=""5/2""","=""5s2.5p4.(3P<1>).6p""","=""2[1]*""","=""3/2""",,
"=""871.619""","=""871.618+""","=""50h""","=""""",,"=""105313.33""","=""116783.09""","=""5s2.5p4.(3P<2>).5d""","=""2[1]""","=""3/2""","=""5s2.5p4.(3P<2>).6p""","=""2[1]*""","=""3/2""",,
"=""875.214""","=""875.216+""","=""7H""","=""""",,"=""140029.99""","=""151452.61""","=""5s2.5p4.(3P<2>).4f""","=""2[4]*""","=""7/2""","=""5s2.5p4.(3P<2>).5g""","=""2[4]""","=""9/2""",,
"=""876.014""","=""876.008+""","=""6H""","=""""",,"=""140029.99""","=""151442.28""","=""5s2.5p4.(3P<2>).4f""","=""2[4]*""","=""7/2""","=""5s2.5p4.(3P<2>).5g""","=""2[5]""","=""9/2""",,
"=""878.588""","=""878.588+""","=""4Hw""","=""""",,"=""140185.67""","=""151564.44""","=""5s2.5p4.(3P<2>).4f""","=""2[1]*""","=""1/2""","=""5s2.5p4.(3P<2>).5g""","=""2[2]""","=""3/2""",,
"=""879.692""","=""879.683+""","=""2h""","=""""",,"=""112924.84""","=""124289.45""","=""5s2.5p4.(1D<2>).6s""","=""2[2]""","=""3/2""","=""5s2.5p4.(3P<1>).6p""","=""2[1]*""","=""3/2""",,
"=""880.461""","=""880.457+""","=""30*""","=""""",,"=""140209.99""","=""151564.61""","=""5s2.5p4.(3P<2>).4f""","=""2[2]*""","=""5/2""","=""5s2.5p4.(3P<2>).5g""","=""2[2]""","=""5/2""",,
"=""880.461""","=""880.459+""","=""30*""","=""""",,"=""120853.16""","=""132207.76""","=""5s2.5p4.(1D<2>).5d""","=""2[3]""","=""7/2""","=""5s2.5p4.(1D<2>).6p""","=""2[2]*""","=""5/2""",,
"=""885.574""","=""885.582+""","=""5H""","=""""",,"=""140209.99""","=""151498.90""","=""5s2.5p4.(3P<2>).4f""","=""2[2]*""","=""5/2""","=""5s2.5p4.(3P<2>).5g""","=""2[3]""","=""7/2""",,
"=""889.67""","=""889.703+""","=""1h-""","=""""",,"=""140209.99""","=""151446.61""","=""5s2.5p4.(3P<2>).4f""","=""2[2]*""","=""5/2""","=""5s2.5p4.(3P<2>).5g""","=""2[4]""","=""7/2""",,
"=""890.266""","=""890.266+""","=""5H""","=""""",,"=""140335.09""","=""151564.61""","=""5s2.5p4.(3P<2>).4f""","=""2[1]*""","=""3/2""","=""5s2.5p4.(3P<2>).5g""","=""2[2]""","=""5/2""",,
"=""901.78""","=""901.734+""","=""1""","=""""",,"=""129248.39""","=""140335.09""","=""5s2.5p4.(1S<0>).6s""","=""2[0]""","=""1/2""","=""5s2.5p4.(3P<2>).4f""","=""2[1]*""","=""3/2""",,
"=""910.624""","=""910.624+""","=""1""","=""""",,"=""119085.49""","=""130063.96""","=""5s2.5p4.(1D<2>).5d""","=""2[3]""","=""5/2""","=""5s2.5p4.(1D<2>).6p""","=""2[3]*""","=""7/2""",,
"=""919.38""","=""919.388+""","=""2h""","=""""",,"=""102799.07""","=""113672.89""","=""5s2.5p4.(3P<1>).6s""","=""2[1]""","=""3/2""","=""5s2.5p4.(3P<2>).6p""","=""2[1]*""","=""1/2""",,
"=""922.639""","=""922.636+""","=""7h""","=""""",,"=""105947.55""","=""116783.09""","=""5s2.5p4.(3P<2>).5d""","=""2[0]""","=""1/2""","=""5s2.5p4.(3P<2>).6p""","=""2[1]*""","=""3/2""",,
"=""925.960""","=""925.927+""","=""1h""","=""""",,"=""146305.54""","=""157102.56""","=""5s2.5p4.(3P<1>).6d""","=""2[2]""","=""5/2""","=""5s2.5p4.(1D<2>).4f""","=""2[3]*""","=""7/2""",,
"=""926.567""","=""926.564+""","=""10h""","=""""",,"=""113512.36""","=""124301.96""","=""5s2.5p4.(3P<2>).6p""","=""2[3]*""","=""5/2""","=""5s2.5p4.(1D<2>).5d""","=""2[2]""","=""5/2""",,
"=""928.84""","=""928.838+""","=""5H""","=""""",,"=""129248.39""","=""140011.58""","=""5s2.5p4.(1S<0>).6s""","=""2[0]""","=""1/2""","=""5s2.5p4.(3P<2>).7p""","=""2[1]*""","=""1/2""",,
"=""930.477""","=""930.479+""","=""1h""","=""""",,"=""116783.09""","=""127527.30""","=""5s2.5p4.(3P<2>).6p""","=""2[1]*""","=""3/2""","=""5s2.5p4.(1D<2>).5d""","=""2[2]""","=""3/2""",,
"=""933.167""","=""933.164+""","=""4h""","=""""",,"=""102799.07""","=""113512.36""","=""5s2.5p4.(3P<1>).6s""","=""2[1]""","=""3/2""","=""5s2.5p4.(3P<2>).6p""","=""2[3]*""","=""5/2""",,
"=""940.059""","=""940.061+""","=""15h""","=""""",,"=""101157.48""","=""111792.17""","=""5s2.5p4.(3P<0>).6s""","=""2[0]""","=""1/2""","=""5s2.5p4.(3P<2>).6p""","=""2[2]*""","=""3/2""",,
"=""944.76""","=""944.754+""","=""1""","=""""",,"=""119085.49""","=""129667.35""","=""5s2.5p4.(1D<2>).5d""","=""2[3]""","=""5/2""","=""5s2.5p4.(1D<2>).6p""","=""2[1]*""","=""3/2""",,
"=""947.523""","=""947.521+""","=""3h""","=""""",,"=""112703.64""","=""123254.60""","=""5s2.5p4.(3P<1>).5d""","=""2[2]""","=""5/2""","=""5s2.5p4.(3P<1>).6p""","=""2[2]*""","=""3/2""",,
"=""959.135""","=""959.133+""","=""50h""","=""""",,"=""101535.67""","=""111958.89""","=""5s2.5p4.(3P<2>).5d""","=""2[4]""","=""7/2""","=""5s2.5p4.(3P<2>).6p""","=""2[2]*""","=""5/2""",,
"=""960.450""","=""960.453+""","=""7h""","=""""",,"=""112703.64""","=""123112.54""","=""5s2.5p4.(3P<1>).5d""","=""2[2]""","=""5/2""","=""5s2.5p4.(3P<1>).6p""","=""2[2]*""","=""5/2""",,
"=""961.571""","=""961.536+""","=""4h""","=""""",,"=""113672.89""","=""124070.06""","=""5s2.5p4.(3P<2>).6p""","=""2[1]*""","=""1/2""","=""5s2.5p4.(1D<2>).5d""","=""2[1]""","=""3/2""",,
"=""967.16""","=""967.161+""","=""1h-""","=""""",,"=""149280.40""","=""159617.11""","=""5s2.5p4.(3P<1>).4f""","=""2[4]*""","=""7/2""","=""5s2.5p4.(3P<0>).5g""","=""2[4]""","=""7/2""",,
"=""969.868""","=""969.866+""","=""50hl""","=""""",,"=""106475.21""","=""116783.09""","=""5s2.5p4.(3P<2>).5d""","=""2[3]""","=""5/2""","=""5s2.5p4.(3P<2>).6p""","=""2[1]*""","=""3/2""",,
"=""977.48""","=""977.468+""","=""1h""","=""""",,"=""116783.09""","=""127010.80""","=""5s2.5p4.(3P<2>).6p""","=""2[1]*""","=""3/2""","=""5s2.5p4.(1D<2>).5d""","=""2[1]""","=""1/2""",,
"=""983.78""","=""983.779+""","=""2h""","=""""",,"=""138062.59""","=""148224.69""","=""5s2.5p4.(1S<0>).5d""","=""2[2]""","=""3/2""","=""5s2.5p4.(1S<0>).6p""","=""2[1]*""","=""1/2""",,
"=""1022.08""","=""1022.036+""","=""3h""","=""""",,"=""119085.49""","=""128867.20""","=""5s2.5p4.(1D<2>).5d""","=""2[3]""","=""5/2""","=""5s2.5p4.(1D<2>).6p""","=""2[3]*""","=""5/2""",,
"=""1091.431""","=""1091.426+""","=""""","=""""",,"=""102799.07""","=""111958.89""","=""5s2.5p4.(3P<1>).6s""","=""2[1]""","=""3/2""","=""5s2.5p4.(3P<2>).6p""","=""2[2]*""","=""5/2""",,
