obs_wl_air(nm),unc_obs_wl,ritz_wl_air(nm),intens,Aki(s^-1),Acc,Ei(cm-1),Ek(cm-1),conf_i,term_i,J_i,conf_k,term_k,J_k,Type,
"=""250.1037""","=""0.005""","=""250.1063+""","=""12""","=""""",,"=""119026.03""","=""158996.98""","=""5s2.5p3.(2D*).5d""","=""1P*""","=""1""","=""5s2.5p3.(2D*).6p""","=""3D""","=""1""",,
"=""250.4907""","=""0.005""","=""250.4943+""","=""11""","=""""",,"=""138145.49""","=""178054.53""","=""5s2.5p3.(2D*).6s""","=""3D*""","=""1""","=""5s2.5p3.(2P*).6p""","=""3P""","=""0""",,
"=""250.974""","=""0.005""","=""250.9756+""","=""4""","=""""",,"=""163527.40""","=""203359.91""","=""5s.5p5""","=""1P*""","=""1""","=""5s2.5p3.(2P*).4f""","=""3D""","=""2""",,
"=""251.052""","=""0.005""","=""251.0525+""","=""3""","=""""",,"=""124691.33""","=""164511.65""","=""5s2.5p3.(2D*).5d""","=""3F*""","=""2""","=""5s2.5p3.(2D*).6p""","=""1P""","=""1""",,
"=""251.1288""","=""0.005""","=""251.1322+""","=""1""","=""""",,"=""146781.48""","=""186589.15""","=""5s2.5p3.(4S*).6p""","=""5P""","=""1""","=""5s2.5p3.(4S*).6d""","=""3D*""","=""1""",,
"=""251.3337""","=""0.005""","=""251.3340+""","=""1""","=""""",,"=""162259.97""","=""202035.68""","=""5s2.5p3.(2D*).6p""","=""3D""","=""2""","=""5s2.5p3.(2D*).6d""","=""3P*""","=""1""",,
"=""251.409""","=""0.005""","=""251.4110+""","=""0h""","=""""",,"=""156392.68""","=""196156.21""","=""5s2.5p3.(2P*).5d""","=""3D*""","=""3""","=""5s2.5p3.(2P*).4f""","=""3F""","=""3""",,
"=""251.5117""","=""0.005""","=""251.5136+""","=""6""","=""""",,"=""124691.33""","=""164438.64""","=""5s2.5p3.(2D*).5d""","=""3F*""","=""2""","=""5s2.5p3.(2D*).6p""","=""1F""","=""3""",,
"=""252.1428""","=""0.005""","=""252.1444+""","=""5""","=""""",,"=""138658.20""","=""178306.08""","=""5s2.5p3.(2D*).6s""","=""3D*""","=""3""","=""5s2.5p3.(2D*).4f""","=""3G""","=""3""",,
"=""252.3967""","=""0.005""","=""252.3995+""","=""7""","=""""",,"=""112449.90""","=""152057.72""","=""5s2.5p3.(4S*).5d""","=""5D*""","=""1""","=""5s2.5p3.(4S*).6p""","=""3P""","=""2""",,
"=""253.3318""","=""0.005""","=""253.3340+""","=""7""","=""""",,"=""121229.58""","=""160691.30""","=""5s2.5p3.(4S*).5d""","=""3D*""","=""3""","=""5s2.5p3.(2D*).6p""","=""3F""","=""2""",,
"=""253.6868""","=""0.005""","=""253.6876+""","=""7""","=""""",,"=""164438.64""","=""203845.36""","=""5s2.5p3.(2D*).6p""","=""1F""","=""3""","=""5s2.5p3.(2D*).6d""","=""1F*""","=""3""",,
"=""253.8918""","=""0.005""","=""253.8939+""","=""1""","=""""",,"=""150404.24""","=""189778.94""","=""5s2.5p3.(2P*).5d""","=""3P*""","=""2""","=""5s2.5p3.(2D*).4f""","=""1F""","=""3""",,
"=""254.1028""","=""0.005""","=""254.1040+""","=""1""","=""""",,"=""160691.30""","=""200033.45""","=""5s2.5p3.(2D*).6p""","=""3F""","=""2""","=""5s2.5p3.(2D*).7s""","=""3D*""","=""3""",,
"=""254.188""","=""0.005""","=""254.1902+""","=""3""","=""""",,"=""143048.20""","=""182377.01""","=""5s2.5p3.(2D*).6s""","=""1D*""","=""2""","=""5s2.5p3.(2D*).4f""","=""3D""","=""3""",,
"=""254.410""","=""0.005""","=""254.4133+""","=""2""","=""""",,"=""145300.13""","=""184594.45""","=""5s2.5p3.(2P*).5d""","=""3F*""","=""2""","=""5s2.5p3.(2P*).6p""","=""3D""","=""3""",,
"=""255.055""","=""0.005""","=""255.0506+""","=""3*""","=""""",,"=""150505.31""","=""189701.46""","=""5s2.5p3.(2P*).6s""","=""3P*""","=""0""","=""5s2.5p3.(2D*).4f""","=""3P""","=""1""",,
"=""255.055""","=""0.005""","=""255.0579+""","=""3*""","=""""",,"=""147797.41""","=""186992.43""","=""5s2.5p3.(2D*).5d""","=""3S*""","=""1""","=""5s2.5p3.(2D*).4f""","=""3D""","=""2""",,
"=""256.881""","=""0.005""","=""256.8776+""","=""9*""","=""""",,"=""162594.81""","=""201512.20""","=""5s2.5p3.(2D*).6p""","=""3F""","=""3""","=""5s2.5p3.(2D*).6d""","=""3D*""","=""2""",,
"=""256.881""","=""0.005""","=""256.8803+""","=""9*""","=""""",,"=""127782.14""","=""166699.11""","=""5s2.5p3.(2D*).5d""","=""3G*""","=""4""","=""5s2.5p3.(2D*).6p""","=""3D""","=""3""",,
"=""257.026""","=""0.005""","=""257.0282+""","=""5""","=""""",,"=""125617.06""","=""164511.65""","=""5s2.5p3.(4S*).6s""","=""3S*""","=""1""","=""5s2.5p3.(2D*).6p""","=""1P""","=""1""",,
"=""257.233""","=""0.005""","=""257.2279+""","=""7*""","=""""",,"=""164511.65""","=""203376.04""","=""5s2.5p3.(2D*).6p""","=""1P""","=""1""","=""5s2.5p3.(2D*).6d""","=""1D*""","=""2""",,
"=""257.233""","=""0.005""","=""257.2327+""","=""7*""","=""""",,"=""136367.48""","=""175231.15""","=""5s2.5p3.(2P*).5d""","=""1D*""","=""2""","=""5s2.5p3.(2P*).6p""","=""3D""","=""1""",,
"=""257.461""","=""0.005""","=""257.4592+""","=""2""","=""""",,"=""171989.82""","=""210819.29""","=""5s2.5p3.(2D*).6p""","=""1D""","=""2""","=""5s2.5p3.(2P*).6d""","=""3D*""","=""1""",,
"=""257.837""","=""0.005""","=""257.8364+""","=""13""","=""""",,"=""127782.14""","=""166554.82""","=""5s2.5p3.(2D*).5d""","=""3G*""","=""4""","=""5s2.5p3.(2D*).6p""","=""3F""","=""4""",,
"=""257.862""","=""0.005""","=""257.8638+""","=""9""","=""""",,"=""121922.75""","=""160691.30""","=""5s2.5p3.(4S*).5d""","=""3D*""","=""1""","=""5s2.5p3.(2D*).6p""","=""3F""","=""2""",,
"=""259.042""","=""0.005""","=""259.0441+""","=""12""","=""""",,"=""127782.14""","=""166374.06""","=""5s2.5p3.(2D*).5d""","=""3G*""","=""4""","=""5s2.5p3.(4S*).4f""","=""5F""","=""3""",,
"=""259.124""","=""0.005""","=""259.1269+""","=""8""","=""""",,"=""148412.84""","=""186992.43""","=""5s2.5p3.(2D*).5d""","=""1F*""","=""3""","=""5s2.5p3.(2D*).4f""","=""3D""","=""2""",,
"=""259.169""","=""0.005""","=""259.1703+""","=""10""","=""""",,"=""127782.14""","=""166355.27""","=""5s2.5p3.(2D*).5d""","=""3G*""","=""4""","=""5s2.5p3.(4S*).4f""","=""5F""","=""4""",,
"=""259.453""","=""0.005""","=""259.4541+""","=""7""","=""""",,"=""128349.15""","=""166880.09""","=""5s2.5p3.(2D*).5d""","=""3G*""","=""3""","=""5s2.5p3.(4S*).4f""","=""5F""","=""2""",,
"=""259.503""","=""0.005""","=""259.5044+""","=""7a""","=""""",,"=""147797.41""","=""186320.88""","=""5s2.5p3.(2D*).5d""","=""3S*""","=""1""","=""5s2.5p3.(2P*).6p""","=""3P""","=""2""",,
"=""260.012""","=""0.005""","=""260.0157+""","=""15a""","=""""",,"=""108333.76""","=""146781.48""","=""5s.5p5""","=""3P*""","=""0""","=""5s2.5p3.(4S*).6p""","=""5P""","=""1""",,
"=""260.750""","=""0.005""","=""260.7503+""","=""7bl""","=""""",,"=""146781.48""","=""185120.90""","=""5s2.5p3.(4S*).6p""","=""5P""","=""1""","=""5s2.5p3.(4S*).6d""","=""3D*""","=""2""",,
"=""260.833""","=""0.001""","=""260.8406+""","=""0""","=""""",,"=""158928.10""","=""197254.25""","=""5s2.5p3.(2P*).6s""","=""3P*""","=""2""","=""5s2.5p3.(2P*).4f""","=""3F""","=""2""",,
"=""260.890""","=""0.005""","=""260.8901+""","=""6""","=""""",,"=""126119.77""","=""164438.64""","=""5s2.5p3.(2D*).5d""","=""3F*""","=""3""","=""5s2.5p3.(2D*).6p""","=""1F""","=""3""",,
"=""261.057""","=""0.005""","=""261.0578+""","=""5""","=""""",,"=""164511.65""","=""202805.90""","=""5s2.5p3.(2D*).6p""","=""1P""","=""1""","=""5s2.5p3.(2D*).6d""","=""1P*""","=""1""",,
"=""261.103""","=""0.005""","=""261.1059+""","=""1""","=""""",,"=""150505.31""","=""188792.52""","=""5s2.5p3.(2P*).6s""","=""3P*""","=""0""","=""5s2.5p3.(2D*).4f""","=""3D""","=""1""",,
"=""261.399""","=""0.005""","=""261.4000+""","=""1""","=""""",,"=""148370.13""","=""186614.26""","=""5s2.5p3.(2D*).5d""","=""3P*""","=""2""","=""5s2.5p3.(2D*).4f""","=""3F""","=""3""",,
"=""261.540""","=""0.001""","=""261.5457+""","=""1""","=""""",,"=""159388.18""","=""197611.00""","=""5s2.5p3.(2P*).6s""","=""1P*""","=""1""","=""5s2.5p3.(4S*).5f""","=""5F""","=""1""",,
"=""261.663""","=""0.005""","=""261.6632+""","=""1""","=""""",,"=""128349.15""","=""166554.82""","=""5s2.5p3.(2D*).5d""","=""3G*""","=""3""","=""5s2.5p3.(2D*).6p""","=""3F""","=""4""",,
"=""261.690""","=""0.005""","=""261.6923+""","=""0""","=""""",,"=""148412.84""","=""186614.26""","=""5s2.5p3.(2D*).5d""","=""1F*""","=""3""","=""5s2.5p3.(2D*).4f""","=""3F""","=""3""",,
"=""261.985""","=""0.005""","=""261.9868+""","=""8w""","=""""",,"=""146962.42""","=""185120.90""","=""5s2.5p3.(4S*).6p""","=""5P""","=""2""","=""5s2.5p3.(4S*).6d""","=""3D*""","=""2""",,
"=""262.452""","=""0.005""","=""262.4535+""","=""4""","=""""",,"=""147797.41""","=""185888.03""","=""5s2.5p3.(2D*).5d""","=""3S*""","=""1""","=""5s2.5p3.(2P*).6p""","=""1P""","=""1""",,
"=""262.698""","=""0.005""","=""262.6963+""","=""7""","=""""",,"=""162594.81""","=""200650.23""","=""5s2.5p3.(2D*).6p""","=""3F""","=""3""","=""5s2.5p3.(2D*).6d""","=""3D*""","=""3""",,
"=""263.421""","=""0.005""","=""263.4209+""","=""13""","=""""",,"=""148370.13""","=""186320.88""","=""5s2.5p3.(2D*).5d""","=""3P*""","=""2""","=""5s2.5p3.(2P*).6p""","=""3P""","=""2""",,
"=""263.754""","=""0.005""","=""263.7494+""","=""3""","=""""",,"=""124691.33""","=""162594.81""","=""5s2.5p3.(2D*).5d""","=""3F*""","=""2""","=""5s2.5p3.(2D*).6p""","=""3F""","=""3""",,
"=""263.915""","=""0.005""","=""263.9154+""","=""9""","=""""",,"=""158996.98""","=""196876.63""","=""5s2.5p3.(2D*).6p""","=""3D""","=""1""","=""5s2.5p3.(2D*).6d""","=""3D*""","=""1""",,
"=""264.113""","=""0.005""","=""264.1137+""","=""2""","=""""",,"=""112449.90""","=""150301.10""","=""5s2.5p3.(4S*).5d""","=""5D*""","=""1""","=""5s2.5p3.(4S*).6p""","=""3P""","=""1""",,
"=""265.827""","=""0.005""","=""265.8278+""","=""9""","=""""",,"=""112693.95""","=""150301.10""","=""5s2.5p3.(4S*).5d""","=""5D*""","=""0""","=""5s2.5p3.(4S*).6p""","=""3P""","=""1""",,
"=""265.936""","=""0.005""","=""265.9382+""","=""5""","=""""",,"=""140437.79""","=""178029.33""","=""5s2.5p3.(2P*).5d""","=""3P*""","=""0""","=""5s2.5p3.(2P*).6p""","=""3P""","=""1""",,
"=""266.100""","=""0.005""","=""266.1003+""","=""7""","=""""",,"=""124691.33""","=""162259.97""","=""5s2.5p3.(2D*).5d""","=""3F*""","=""2""","=""5s2.5p3.(2D*).6p""","=""3D""","=""2""",,
"=""266.794""","=""0.005""","=""266.7916+""","=""10a""","=""""",,"=""166374.06""","=""203845.36""","=""5s2.5p3.(4S*).4f""","=""5F""","=""3""","=""5s2.5p3.(2D*).6d""","=""1F*""","=""3""",,
"=""266.901""","=""0.005""","=""266.8994+""","=""20*""","=""""",,"=""111605.41""","=""149061.57""","=""5s2.5p3.(4S*).5d""","=""5D*""","=""3""","=""5s2.5p3.(4S*).6p""","=""5P""","=""3""",,
"=""266.901""","=""0.005""","=""266.9021+""","=""20*""","=""""",,"=""162594.81""","=""200050.60""","=""5s2.5p3.(2D*).6p""","=""3F""","=""3""","=""5s2.5p3.(2D*).6d""","=""3G*""","=""4""",,
"=""267.025""","=""0.005""","=""267.0243+""","=""6""","=""""",,"=""162594.81""","=""200033.45""","=""5s2.5p3.(2D*).6p""","=""3F""","=""3""","=""5s2.5p3.(2D*).7s""","=""3D*""","=""3""",,
"=""267.855""","=""0.005""","=""267.8555+""","=""6*""","=""""",,"=""149061.57""","=""186384.04""","=""5s2.5p3.(4S*).6p""","=""5P""","=""3""","=""5s2.5p3.(4S*).6d""","=""3D*""","=""3""",,
"=""267.855""","=""0.005""","=""267.8560+""","=""6*""","=""""",,"=""134667.42""","=""171989.82""","=""5s2.5p3.(2D*).6s""","=""3D*""","=""2""","=""5s2.5p3.(2D*).6p""","=""1D""","=""2""",,
"=""268.551""","=""0.005""","=""268.5569+""","=""5""","=""""",,"=""140730.93""","=""177955.93""","=""5s2.5p3.(2P*).5d""","=""3P*""","=""1""","=""5s2.5p3.(2P*).6p""","=""3D""","=""2""",,
"=""268.703""","=""0.005""","=""268.6999+""","=""5""","=""""",,"=""111856.38""","=""149061.57""","=""5s2.5p3.(4S*).5d""","=""5D*""","=""2""","=""5s2.5p3.(4S*).6p""","=""5P""","=""3""",,
"=""269.122""","=""0.005""","=""269.1263+""","=""4""","=""""",,"=""166699.11""","=""203845.36""","=""5s2.5p3.(2D*).6p""","=""3D""","=""3""","=""5s2.5p3.(2D*).6d""","=""1F*""","=""3""",,
"=""269.144""","=""0.005""","=""269.1430+""","=""12a""","=""""",,"=""158996.98""","=""196140.93""","=""5s2.5p3.(2D*).6p""","=""3D""","=""1""","=""5s2.5p3.(2D*).7s""","=""3D*""","=""2""",,
"=""269.412""","=""0.005""","=""269.4122+""","=""5""","=""""",,"=""164511.65""","=""201618.48""","=""5s2.5p3.(2D*).6p""","=""1P""","=""1""","=""5s2.5p3.(2D*).6d""","=""3P*""","=""0""",,
"=""269.565""","=""0.005""","=""269.5660+""","=""3*""","=""""",,"=""138145.49""","=""175231.15""","=""5s2.5p3.(2D*).6s""","=""3D*""","=""1""","=""5s2.5p3.(2P*).6p""","=""3D""","=""1""",,
"=""269.565""","=""0.005""","=""269.5696+""","=""3*""","=""""",,"=""173734.12""","=""210819.29""","=""5s2.5p3.(4S*).4f""","=""3F""","=""2""","=""5s2.5p3.(2P*).6d""","=""3D*""","=""1""",,
"=""269.651""","=""0.005""","=""269.6491+""","=""15bl*""","=""""",,"=""121922.75""","=""158996.98""","=""5s2.5p3.(4S*).5d""","=""3D*""","=""1""","=""5s2.5p3.(2D*).6p""","=""3D""","=""1""",,
"=""269.651""","=""0.005""","=""269.6540+""","=""15bl*""","=""""",,"=""164438.64""","=""201512.20""","=""5s2.5p3.(2D*).6p""","=""1F""","=""3""","=""5s2.5p3.(2D*).6d""","=""3D*""","=""2""",,
"=""270.150""","=""0.005""","=""270.1554+""","=""5""","=""""",,"=""146781.48""","=""183786.24""","=""5s2.5p3.(4S*).6p""","=""5P""","=""1""","=""5s2.5p3.(4S*).7s""","=""3S*""","=""1""",,
"=""270.171""","=""0.005""","=""270.1757+""","=""0""","=""""",,"=""166374.06""","=""203376.04""","=""5s2.5p3.(4S*).4f""","=""5F""","=""3""","=""5s2.5p3.(2D*).6d""","=""1D*""","=""2""",,
"=""270.231""","=""0.005""","=""270.2347+""","=""2""","=""""",,"=""148412.84""","=""185406.74""","=""5s2.5p3.(2D*).5d""","=""1F*""","=""3""","=""5s2.5p3.(2D*).4f""","=""3F""","=""4""",,
"=""270.441""","=""0.005""","=""270.4440+""","=""3""","=""""",,"=""166880.09""","=""203845.36""","=""5s2.5p3.(4S*).4f""","=""5F""","=""2""","=""5s2.5p3.(2D*).6d""","=""1F*""","=""3""",,
"=""270.845""","=""0.005""","=""270.8485+""","=""12""","=""""",,"=""158996.98""","=""195907.04""","=""5s2.5p3.(2D*).6p""","=""3D""","=""1""","=""5s2.5p3.(2D*).7s""","=""3D*""","=""1""",,
"=""271.094""","=""0.005""","=""271.0897+""","=""6""","=""""",,"=""160733.77""","=""197611.00""","=""5s2.5p3.(2D*).5d""","=""3P*""","=""0""","=""5s2.5p3.(4S*).5f""","=""5F""","=""1""",,
"=""271.134""","=""0.005""","=""271.1339+""","=""0""","=""""",,"=""148535.52""","=""185406.74""","=""5s2.5p3.(2P*).5d""","=""3F*""","=""4""","=""5s2.5p3.(2D*).4f""","=""3F""","=""4""",,
"=""271.339""","=""0.005""","=""271.3331+""","=""10a""","=""""",,"=""162259.97""","=""199104.12""","=""5s2.5p3.(2D*).6p""","=""3D""","=""2""","=""5s2.5p3.(2D*).6d""","=""3S*""","=""1""",,
"=""271.405""","=""0.005""","=""271.4078+""","=""2""","=""""",,"=""145300.13""","=""182134.14""","=""5s2.5p3.(2P*).5d""","=""3F*""","=""2""","=""5s2.5p3.(2P*).6p""","=""3S""","=""1""",,
"=""271.735""","=""0.001""","=""271.7340+""","=""30""","=""""",,"=""112271.78""","=""149061.57""","=""5s2.5p3.(4S*).5d""","=""5D*""","=""4""","=""5s2.5p3.(4S*).6p""","=""5P""","=""3""",,
"=""271.810""","=""0.005""","=""271.8135+""","=""2""","=""""",,"=""167066.32""","=""203845.36""","=""5s2.5p3.(2D*).6p""","=""3P""","=""2""","=""5s2.5p3.(2D*).6d""","=""1F*""","=""3""",,
"=""272.569""","=""0.005""","=""272.5702+""","=""1wbl""","=""""",,"=""166699.11""","=""203376.04""","=""5s2.5p3.(2D*).6p""","=""3D""","=""3""","=""5s2.5p3.(2D*).6d""","=""1D*""","=""2""",,
"=""272.720""","=""0.005""","=""272.7222+""","=""11a""","=""""",,"=""127782.14""","=""164438.64""","=""5s2.5p3.(2D*).5d""","=""3G*""","=""4""","=""5s2.5p3.(2D*).6p""","=""1F""","=""3""",,
"=""272.820""","=""0.005""","=""272.8233+""","=""9""","=""""",,"=""125617.06""","=""162259.97""","=""5s2.5p3.(4S*).6s""","=""3S*""","=""1""","=""5s2.5p3.(2D*).6p""","=""3D""","=""2""",,
"=""273.699""","=""0.005""","=""273.7012+""","=""14""","=""""",,"=""130173.73""","=""166699.11""","=""5s2.5p3.(2D*).5d""","=""3F*""","=""4""","=""5s2.5p3.(2D*).6p""","=""3D""","=""3""",,
"=""273.919""","=""0.005""","=""273.9220+""","=""4""","=""""",,"=""166880.09""","=""203376.04""","=""5s2.5p3.(4S*).4f""","=""5F""","=""2""","=""5s2.5p3.(2D*).6d""","=""1D*""","=""2""",,
"=""274.078""","=""0.005""","=""274.0790+""","=""16""","=""""",,"=""126119.77""","=""162594.81""","=""5s2.5p3.(2D*).5d""","=""3F*""","=""3""","=""5s2.5p3.(2D*).6p""","=""3F""","=""3""",,
"=""274.786""","=""0.005""","=""274.7868+""","=""14""","=""""",,"=""130173.73""","=""166554.82""","=""5s2.5p3.(2D*).5d""","=""3F*""","=""4""","=""5s2.5p3.(2D*).6p""","=""3F""","=""4""",,
"=""275.488""","=""0.005""","=""275.4914+""","=""13""","=""""",,"=""150301.10""","=""186589.15""","=""5s2.5p3.(4S*).6p""","=""3P""","=""1""","=""5s2.5p3.(4S*).6d""","=""3D*""","=""1""",,
"=""275.756""","=""0.005""","=""275.7593+""","=""3""","=""""",,"=""145340.91""","=""181593.70""","=""5s2.5p3.(2P*).5d""","=""3F*""","=""3""","=""5s2.5p3.(2D*).4f""","=""3F""","=""2""",,
"=""275.919""","=""0.005""","=""275.9175+""","=""11""","=""""",,"=""162259.97""","=""198491.98""","=""5s2.5p3.(2D*).6p""","=""3D""","=""2""","=""5s2.5p3.(2D*).6d""","=""3P*""","=""2""",,
"=""276.072""","=""0.005""","=""276.0731+""","=""13""","=""""",,"=""164438.64""","=""200650.23""","=""5s2.5p3.(2D*).6p""","=""1F""","=""3""","=""5s2.5p3.(2D*).6d""","=""3D*""","=""3""",,
"=""276.158""","=""0.005""","=""276.1590+""","=""15""","=""""",,"=""130173.73""","=""166374.06""","=""5s2.5p3.(2D*).5d""","=""3F*""","=""4""","=""5s2.5p3.(4S*).4f""","=""5F""","=""3""",,
"=""276.273""","=""0.005""","=""276.2735+""","=""9bl""","=""""",,"=""160691.30""","=""196876.63""","=""5s2.5p3.(2D*).6p""","=""3F""","=""2""","=""5s2.5p3.(2D*).6d""","=""3D*""","=""1""",,
"=""276.301""","=""0.005""","=""276.3019+""","=""6*""","=""""",,"=""148412.84""","=""184594.45""","=""5s2.5p3.(2D*).5d""","=""1F*""","=""3""","=""5s2.5p3.(2P*).6p""","=""3D""","=""3""",,
"=""276.301""","=""0.005""","=""276.3024+""","=""6*""","=""""",,"=""130173.73""","=""166355.27""","=""5s2.5p3.(2D*).5d""","=""3F*""","=""4""","=""5s2.5p3.(4S*).4f""","=""5F""","=""4""",,
"=""276.595""","=""0.005""","=""276.5947+""","=""5""","=""""",,"=""161809.98""","=""197953.29""","=""5s2.5p3.(2D*).5d""","=""1D*""","=""2""","=""5s2.5p3.(2P*).4f""","=""3G""","=""3""",,
"=""276.618""","=""0.005""","=""276.6185+""","=""15""","=""""",,"=""126119.77""","=""162259.97""","=""5s2.5p3.(2D*).5d""","=""3F*""","=""3""","=""5s2.5p3.(2D*).6p""","=""3D""","=""2""",,
"=""276.917""","=""0.005""","=""276.9183+""","=""10""","=""""",,"=""164438.64""","=""200539.71""","=""5s2.5p3.(2D*).6p""","=""1F""","=""3""","=""5s2.5p3.(2D*).7s""","=""1D*""","=""2""",,
"=""277.240""","=""0.005""","=""277.2420+""","=""16""","=""""",,"=""148535.52""","=""184594.45""","=""5s2.5p3.(2P*).5d""","=""3F*""","=""4""","=""5s2.5p3.(2P*).6p""","=""3D""","=""3""",,
"=""277.444""","=""0.005""","=""277.4451+""","=""0""","=""""",,"=""156392.68""","=""192425.21""","=""5s2.5p3.(2P*).5d""","=""3D*""","=""3""","=""5s2.5p3.(2D*).4f""","=""1G""","=""4""",,
"=""277.479""","=""0.005""","=""277.4795+""","=""6a""","=""""",,"=""164511.65""","=""200539.71""","=""5s2.5p3.(2D*).6p""","=""1P""","=""1""","=""5s2.5p3.(2D*).7s""","=""1D*""","=""2""",,
"=""277.696""","=""0.005""","=""277.6960+""","=""16""","=""""",,"=""124691.33""","=""160691.30""","=""5s2.5p3.(2D*).5d""","=""3F*""","=""2""","=""5s2.5p3.(2D*).6p""","=""3F""","=""2""",,
"=""277.794""","=""0.005""","=""277.7958+""","=""13""","=""""",,"=""164438.64""","=""200425.68""","=""5s2.5p3.(2D*).6p""","=""1F""","=""3""","=""5s2.5p3.(2D*).6d""","=""3F*""","=""4""",,
"=""277.964""","=""0.005""","=""277.9656+""","=""11""","=""""",,"=""142064.27""","=""178029.33""","=""5s2.5p3.(2D*).5d""","=""3D*""","=""2""","=""5s2.5p3.(2P*).6p""","=""3P""","=""1""",,
"=""278.230""","=""0.005""","=""278.2301+""","=""4""","=""""",,"=""153893.20""","=""189824.07""","=""5s2.5p3.(2P*).5d""","=""3D*""","=""2""","=""5s2.5p3.(2D*).4f""","=""1D""","=""2""",,
"=""278.269""","=""0.005""","=""278.2693+""","=""10""","=""""",,"=""166880.09""","=""202805.90""","=""5s2.5p3.(4S*).4f""","=""5F""","=""2""","=""5s2.5p3.(2D*).6d""","=""1P*""","=""1""",,
"=""278.333""","=""0.005""","=""278.3328+""","=""17""","=""""",,"=""160691.30""","=""196608.91""","=""5s2.5p3.(2D*).6p""","=""3F""","=""2""","=""5s2.5p3.(2D*).6d""","=""3F*""","=""3""",,
"=""278.493""","=""0.005""","=""278.4913+""","=""7""","=""""",,"=""162594.81""","=""198491.98""","=""5s2.5p3.(2D*).6p""","=""3F""","=""3""","=""5s2.5p3.(2D*).6d""","=""3P*""","=""2""",,
"=""278.533""","=""0.005""","=""278.5341+""","=""6""","=""""",,"=""142064.27""","=""177955.93""","=""5s2.5p3.(2D*).5d""","=""3D*""","=""2""","=""5s2.5p3.(2P*).6p""","=""3D""","=""2""",,
"=""278.580""","=""0.005""","=""278.5800+""","=""7""","=""""",,"=""153893.20""","=""189778.94""","=""5s2.5p3.(2P*).5d""","=""3D*""","=""2""","=""5s2.5p3.(2D*).4f""","=""1F""","=""3""",,
"=""279.247""","=""0.005""","=""279.2393+""","=""3""","=""""",,"=""161809.98""","=""197611.00""","=""5s2.5p3.(2D*).5d""","=""1D*""","=""2""","=""5s2.5p3.(4S*).5f""","=""5F""","=""1""",,
"=""279.484""","=""0.005""","=""279.4827+""","=""14""","=""""",,"=""146781.48""","=""182551.32""","=""5s2.5p3.(4S*).6p""","=""5P""","=""1""","=""5s2.5p3.(4S*).6d""","=""5D*""","=""1""",,
"=""279.712""","=""0.005""","=""279.7125+""","=""12*""","=""""",,"=""146781.48""","=""182521.94""","=""5s2.5p3.(4S*).6p""","=""5P""","=""1""","=""5s2.5p3.(4S*).6d""","=""5D*""","=""0""",,
"=""279.712""","=""0.005""","=""279.7194+""","=""12*""","=""""",,"=""167066.32""","=""202805.90""","=""5s2.5p3.(2D*).6p""","=""3P""","=""2""","=""5s2.5p3.(2D*).6d""","=""1P*""","=""1""",,
"=""279.787""","=""0.005""","=""279.7871+""","=""9""","=""""",,"=""143156.24""","=""178887.17""","=""5s2.5p3.(2D*).5d""","=""3D*""","=""3""","=""5s2.5p3.(2D*).4f""","=""3G""","=""4""",,
"=""280.020""","=""0.005""","=""280.0196+""","=""17""","=""""",,"=""146781.48""","=""182482.74""","=""5s2.5p3.(4S*).6p""","=""5P""","=""1""","=""5s2.5p3.(4S*).7s""","=""5S*""","=""2""",,
"=""280.219""","=""0.005""","=""280.2215+""","=""3""","=""""",,"=""147797.41""","=""183472.95""","=""5s2.5p3.(2D*).5d""","=""3S*""","=""1""","=""5s2.5p3.(2D*).4f""","=""1P""","=""1""",,
"=""280.509""","=""0.005""","=""280.5091+""","=""4""","=""""",,"=""148370.13""","=""184009.10""","=""5s2.5p3.(2D*).5d""","=""3P*""","=""2""","=""5s2.5p3.(2P*).6p""","=""1D""","=""2""",,
"=""280.561""","=""0.001""","=""280.5611+""","=""1""","=""""",,"=""167173.54""","=""202805.90""","=""5s2.5p3.(4S*).4f""","=""5F""","=""1""","=""5s2.5p3.(2D*).6d""","=""1P*""","=""1""",,
"=""280.640""","=""0.005""","=""280.6400+""","=""6""","=""""",,"=""136367.48""","=""171989.82""","=""5s2.5p3.(2P*).5d""","=""1D*""","=""2""","=""5s2.5p3.(2D*).6p""","=""1D""","=""2""",,
"=""280.722""","=""0.005""","=""280.7218+""","=""12""","=""""",,"=""164438.64""","=""200050.60""","=""5s2.5p3.(2D*).6p""","=""1F""","=""3""","=""5s2.5p3.(2D*).6d""","=""3G*""","=""4""",,
"=""280.846""","=""0.005""","=""280.8457+""","=""7""","=""""",,"=""148412.84""","=""184009.10""","=""5s2.5p3.(2D*).5d""","=""1F*""","=""3""","=""5s2.5p3.(2P*).6p""","=""1D""","=""2""",,
"=""280.857""","=""0.005""","=""280.8571+""","=""7""","=""""",,"=""164438.64""","=""200033.45""","=""5s2.5p3.(2D*).6p""","=""1F""","=""3""","=""5s2.5p3.(2D*).7s""","=""3D*""","=""3""",,
"=""280.906""","=""0.005""","=""280.9037+""","=""10a*""","=""""",,"=""146962.42""","=""182551.32""","=""5s2.5p3.(4S*).6p""","=""5P""","=""2""","=""5s2.5p3.(4S*).6d""","=""5D*""","=""1""",,
"=""280.906""","=""0.005""","=""280.9059+""","=""10a*""","=""""",,"=""138145.49""","=""173734.12""","=""5s2.5p3.(2D*).6s""","=""3D*""","=""1""","=""5s2.5p3.(4S*).4f""","=""3F""","=""2""",,
"=""280.906""","=""0.005""","=""280.9097+""","=""10a*""","=""""",,"=""175231.15""","=""210819.29""","=""5s2.5p3.(2P*).6p""","=""3D""","=""1""","=""5s2.5p3.(2P*).6d""","=""3D*""","=""1""",,
"=""280.953""","=""0.005""","=""280.9525+""","=""3""","=""""",,"=""134667.42""","=""170250.15""","=""5s2.5p3.(2D*).6s""","=""3D*""","=""2""","=""5s2.5p3.(4S*).4f""","=""3F""","=""3""",,
"=""281.046""","=""0.005""","=""281.0514+""","=""7bl""","=""""",,"=""160691.30""","=""196261.50""","=""5s2.5p3.(2D*).6p""","=""3F""","=""2""","=""5s2.5p3.(2D*).6d""","=""3G*""","=""3""",,
"=""281.161""","=""0.005""","=""281.1605+""","=""8""","=""""",,"=""146781.48""","=""182337.88""","=""5s2.5p3.(4S*).6p""","=""5P""","=""1""","=""5s2.5p3.(4S*).6d""","=""5D*""","=""2""",,
"=""281.446""","=""0.005""","=""281.4461+""","=""13a""","=""""",,"=""146962.42""","=""182482.74""","=""5s2.5p3.(4S*).6p""","=""5P""","=""2""","=""5s2.5p3.(4S*).7s""","=""5S*""","=""2""",,
"=""281.527""","=""0.005""","=""281.5279+""","=""1""","=""""",,"=""151482.43""","=""186992.43""","=""5s2.5p3.(2P*).6s""","=""3P*""","=""1""","=""5s2.5p3.(2D*).4f""","=""3D""","=""2""",,
"=""281.592""","=""0.005""","=""281.5909+""","=""16""","=""""",,"=""146962.42""","=""182464.48""","=""5s2.5p3.(4S*).6p""","=""5P""","=""2""","=""5s2.5p3.(4S*).6d""","=""5D*""","=""3""",,
"=""281.736""","=""0.005""","=""281.7359+""","=""8bl""","=""""",,"=""150404.24""","=""185888.03""","=""5s2.5p3.(2P*).5d""","=""3P*""","=""2""","=""5s2.5p3.(2P*).6p""","=""1P""","=""1""",,
"=""282.599""","=""0.005""","=""282.5987+""","=""14""","=""""",,"=""146962.42""","=""182337.88""","=""5s2.5p3.(4S*).6p""","=""5P""","=""2""","=""5s2.5p3.(4S*).6d""","=""5D*""","=""2""",,
"=""282.746""","=""0.005""","=""282.7461+""","=""17""","=""""",,"=""111605.41""","=""146962.42""","=""5s2.5p3.(4S*).5d""","=""5D*""","=""3""","=""5s2.5p3.(4S*).6p""","=""5P""","=""2""",,
"=""283.283""","=""0.005""","=""283.2827+""","=""2""","=""""",,"=""168086.00""","=""203376.04""","=""5s2.5p3.(2D*).6p""","=""3P""","=""1""","=""5s2.5p3.(2D*).6d""","=""1D*""","=""2""",,
"=""283.297""","=""0.005""","=""283.2965+""","=""6""","=""""",,"=""138658.20""","=""173946.53""","=""5s2.5p3.(2D*).6s""","=""3D*""","=""3""","=""5s2.5p3.(4S*).4f""","=""3F""","=""4""",,
"=""283.312""","=""0.005""","=""283.3122+""","=""8""","=""""",,"=""160691.30""","=""195977.67""","=""5s2.5p3.(2D*).6p""","=""3F""","=""2""","=""5s2.5p3.(2D*).6d""","=""3F*""","=""2""",,
"=""283.881""","=""0.005""","=""283.8805+""","=""5""","=""""",,"=""160691.30""","=""195907.04""","=""5s2.5p3.(2D*).6p""","=""3F""","=""2""","=""5s2.5p3.(2D*).7s""","=""3D*""","=""1""",,
"=""284.412""","=""0.005""","=""284.4127+""","=""4""","=""""",,"=""143156.24""","=""178306.08""","=""5s2.5p3.(2D*).5d""","=""3D*""","=""3""","=""5s2.5p3.(2D*).4f""","=""3G""","=""3""",,
"=""284.506""","=""0.005""","=""284.5074+""","=""7""","=""""",,"=""166374.06""","=""201512.20""","=""5s2.5p3.(4S*).4f""","=""5F""","=""3""","=""5s2.5p3.(2D*).6d""","=""3D*""","=""2""",,
"=""284.767""","=""0.005""","=""284.7676+""","=""14""","=""""",,"=""111856.38""","=""146962.42""","=""5s2.5p3.(4S*).5d""","=""5D*""","=""2""","=""5s2.5p3.(4S*).6p""","=""5P""","=""2""",,
"=""284.792""","=""0.005""","=""284.7937+""","=""10""","=""""",,"=""148370.13""","=""183472.95""","=""5s2.5p3.(2D*).5d""","=""3P*""","=""2""","=""5s2.5p3.(2D*).4f""","=""1P""","=""1""",,
"=""285.027""","=""0.005""","=""285.0258+""","=""4""","=""""",,"=""125617.06""","=""160691.30""","=""5s2.5p3.(4S*).6s""","=""3S*""","=""1""","=""5s2.5p3.(2D*).6p""","=""3F""","=""2""",,
"=""285.667""","=""0.005""","=""285.6647+""","=""3""","=""""",,"=""162957.50""","=""197953.29""","=""5s2.5p3.(2P*).5d""","=""1F*""","=""3""","=""5s2.5p3.(2P*).4f""","=""3G""","=""3""",,
"=""285.781""","=""0.005""","=""285.7845+""","=""1""","=""""",,"=""143048.20""","=""178029.33""","=""5s2.5p3.(2D*).6s""","=""1D*""","=""2""","=""5s2.5p3.(2P*).6p""","=""3P""","=""1""",,
"=""286.242""","=""0.005""","=""286.2430+""","=""25""","=""""",,"=""111856.38""","=""146781.48""","=""5s2.5p3.(4S*).5d""","=""5D*""","=""2""","=""5s2.5p3.(4S*).6p""","=""5P""","=""1""",,
"=""286.386""","=""0.005""","=""286.3854+""","=""2""","=""""",,"=""143048.20""","=""177955.93""","=""5s2.5p3.(2D*).6s""","=""1D*""","=""2""","=""5s2.5p3.(2P*).6p""","=""3D""","=""2""",,
"=""286.462""","=""0.005""","=""286.4544+""","=""8""","=""""",,"=""153893.20""","=""188792.52""","=""5s2.5p3.(2P*).5d""","=""3D*""","=""2""","=""5s2.5p3.(2D*).4f""","=""3D""","=""1""",,
"=""286.845""","=""0.005""","=""286.8435+""","=""3""","=""""",,"=""133234.01""","=""168086.00""","=""5s2.5p3.(2D*).5d""","=""3D*""","=""1""","=""5s2.5p3.(2D*).6p""","=""3P""","=""1""",,
"=""286.952""","=""0.005""","=""286.9549+""","=""3""","=""""",,"=""151482.43""","=""186320.88""","=""5s2.5p3.(2P*).6s""","=""3P*""","=""1""","=""5s2.5p3.(2P*).6p""","=""3P""","=""2""",,
"=""287.110""","=""0.005""","=""287.1086+""","=""17""","=""""",,"=""150301.10""","=""185120.90""","=""5s2.5p3.(4S*).6p""","=""3P""","=""1""","=""5s2.5p3.(4S*).6d""","=""3D*""","=""2""",,
"=""287.127""","=""0.005""","=""287.1265+""","=""17""","=""""",,"=""117240.08""","=""152057.72""","=""5s2.5p3.(4S*).5d""","=""3D*""","=""2""","=""5s2.5p3.(4S*).6p""","=""3P""","=""2""",,
"=""287.169""","=""0.005""","=""287.1640+""","=""25*""","=""""",,"=""166699.11""","=""201512.20""","=""5s2.5p3.(2D*).6p""","=""3D""","=""3""","=""5s2.5p3.(2D*).6d""","=""3D*""","=""2""",,
"=""287.169""","=""0.005""","=""287.1675+""","=""25*""","=""""",,"=""127782.14""","=""162594.81""","=""5s2.5p3.(2D*).5d""","=""3G*""","=""4""","=""5s2.5p3.(2D*).6p""","=""3F""","=""3""",,
"=""287.275""","=""0.005""","=""287.2746+""","=""4""","=""""",,"=""143156.24""","=""177955.93""","=""5s2.5p3.(2D*).5d""","=""3D*""","=""3""","=""5s2.5p3.(2P*).6p""","=""3D""","=""2""",,
"=""287.329""","=""0.005""","=""287.3268+""","=""4""","=""""",,"=""140437.79""","=""175231.15""","=""5s2.5p3.(2P*).5d""","=""3P*""","=""0""","=""5s2.5p3.(2P*).6p""","=""3D""","=""1""",,
"=""287.936""","=""0.005""","=""287.9348+""","=""5""","=""""",,"=""168086.00""","=""202805.90""","=""5s2.5p3.(2D*).6p""","=""3P""","=""1""","=""5s2.5p3.(2D*).6d""","=""1P*""","=""1""",,
"=""288.668""","=""0.005""","=""288.6647+""","=""12""","=""""",,"=""166880.09""","=""201512.20""","=""5s2.5p3.(4S*).4f""","=""5F""","=""2""","=""5s2.5p3.(2D*).6d""","=""3D*""","=""2""",,
"=""288.693""","=""0.005""","=""288.6963+""","=""2""","=""""",,"=""162957.50""","=""197585.82""","=""5s2.5p3.(2P*).5d""","=""1F*""","=""3""","=""5s2.5p3.(4S*).5f""","=""5F""","=""3""",,
"=""288.997""","=""0.005""","=""288.9955+""","=""8""","=""""",,"=""164511.65""","=""199104.12""","=""5s2.5p3.(2D*).6p""","=""1P""","=""1""","=""5s2.5p3.(2D*).6d""","=""3S*""","=""1""",,
"=""289.172""","=""0.005""","=""289.1706+""","=""18""","=""""",,"=""126119.77""","=""160691.30""","=""5s2.5p3.(2D*).5d""","=""3F*""","=""3""","=""5s2.5p3.(2D*).6p""","=""3F""","=""2""",,
"=""289.504""","=""0.005""","=""289.5064+""","=""6""","=""""",,"=""152057.72""","=""186589.15""","=""5s2.5p3.(4S*).6p""","=""3P""","=""2""","=""5s2.5p3.(4S*).6d""","=""3D*""","=""1""",,
"=""289.607""","=""0.005""","=""289.6076+""","=""2""","=""""",,"=""153893.20""","=""188412.56""","=""5s2.5p3.(2P*).5d""","=""3D*""","=""2""","=""5s2.5p3.(2D*).4f""","=""3P""","=""2""",,
"=""289.665""","=""0.005""","=""289.6650+""","=""14""","=""""",,"=""112449.90""","=""146962.42""","=""5s2.5p3.(4S*).5d""","=""5D*""","=""1""","=""5s2.5p3.(4S*).6p""","=""5P""","=""2""",,
"=""289.770""","=""0.005""","=""289.7683+""","=""4""","=""""",,"=""140730.93""","=""175231.15""","=""5s2.5p3.(2P*).5d""","=""3P*""","=""1""","=""5s2.5p3.(2P*).6p""","=""3D""","=""1""",,
"=""290.229""","=""0.005""","=""290.2254+""","=""5""","=""""",,"=""167066.32""","=""201512.20""","=""5s2.5p3.(2D*).6p""","=""3P""","=""2""","=""5s2.5p3.(2D*).6d""","=""3D*""","=""2""",,
"=""290.417""","=""0.005""","=""290.4169+""","=""7""","=""""",,"=""155400.90""","=""189824.07""","=""5s2.5p3.(2P*).5d""","=""3D*""","=""1""","=""5s2.5p3.(2D*).4f""","=""1D""","=""2""",,
"=""290.656""","=""0.005""","=""290.6558+""","=""15""","=""""",,"=""132159.94""","=""166554.82""","=""5s2.5p3.(2D*).5d""","=""3G*""","=""5""","=""5s2.5p3.(2D*).6p""","=""3F""","=""4""",,
"=""291.009""","=""0.005""","=""291.0096+""","=""3""","=""""",,"=""162957.50""","=""197310.57""","=""5s2.5p3.(2P*).5d""","=""1F*""","=""3""","=""5s2.5p3.(4S*).5f""","=""5F""","=""4""",,
"=""291.037""","=""0.005""","=""291.0446+""","=""12""","=""""",,"=""162259.97""","=""196608.91""","=""5s2.5p3.(2D*).6p""","=""3D""","=""2""","=""5s2.5p3.(2D*).6d""","=""3F*""","=""3""",,
"=""291.148""","=""0.005""","=""291.1481+""","=""6""","=""""",,"=""147797.41""","=""182134.14""","=""5s2.5p3.(2D*).5d""","=""3S*""","=""1""","=""5s2.5p3.(2P*).6p""","=""3S""","=""1""",,
"=""291.191""","=""0.005""","=""291.1917+""","=""19""","=""""",,"=""112449.90""","=""146781.48""","=""5s2.5p3.(4S*).5d""","=""5D*""","=""1""","=""5s2.5p3.(4S*).6p""","=""5P""","=""1""",,
"=""291.238""","=""0.005""","=""291.2364+""","=""20""","=""""",,"=""152057.72""","=""186384.04""","=""5s2.5p3.(4S*).6p""","=""3P""","=""2""","=""5s2.5p3.(4S*).6d""","=""3D*""","=""3""",,
"=""291.414""","=""0.005""","=""291.4118+""","=""18""","=""""",,"=""124691.33""","=""158996.98""","=""5s2.5p3.(2D*).5d""","=""3F*""","=""2""","=""5s2.5p3.(2D*).6p""","=""3D""","=""1""",,
"=""291.504""","=""0.005""","=""291.5027+""","=""7""","=""""",,"=""166355.27""","=""200650.23""","=""5s2.5p3.(4S*).4f""","=""5F""","=""4""","=""5s2.5p3.(2D*).6d""","=""3D*""","=""3""",,
"=""291.663""","=""0.005""","=""291.6625+""","=""8""","=""""",,"=""166374.06""","=""200650.23""","=""5s2.5p3.(4S*).4f""","=""5F""","=""3""","=""5s2.5p3.(2D*).6d""","=""3D*""","=""3""",,
"=""291.760""","=""0.005""","=""291.7583+""","=""15""","=""""",,"=""130173.73""","=""164438.64""","=""5s2.5p3.(2D*).5d""","=""3F*""","=""4""","=""5s2.5p3.(2D*).6p""","=""1F""","=""3""",,
"=""292.353""","=""0.005""","=""292.3520+""","=""16""","=""""",,"=""132159.94""","=""166355.27""","=""5s2.5p3.(2D*).5d""","=""3G*""","=""5""","=""5s2.5p3.(4S*).4f""","=""5F""","=""4""",,
"=""292.396""","=""0.005""","=""292.3958+""","=""11""","=""""",,"=""150404.24""","=""184594.45""","=""5s2.5p3.(2P*).5d""","=""3P*""","=""2""","=""5s2.5p3.(2P*).6p""","=""3D""","=""3""",,
"=""292.607""","=""0.005""","=""292.6060+""","=""11""","=""""",,"=""166374.06""","=""200539.71""","=""5s2.5p3.(4S*).4f""","=""5F""","=""3""","=""5s2.5p3.(2D*).7s""","=""1D*""","=""2""",,
"=""292.713""","=""0.005""","=""292.7131+""","=""4""","=""""",,"=""154639.37""","=""188792.52""","=""5s2.5p3.(2D*).5d""","=""3P*""","=""1""","=""5s2.5p3.(2D*).4f""","=""3D""","=""1""",,
"=""293.027""","=""0.005""","=""293.0271+""","=""18""","=""""",,"=""166355.27""","=""200471.83""","=""5s2.5p3.(4S*).4f""","=""5F""","=""4""","=""5s2.5p3.(2D*).6d""","=""3G*""","=""5""",,
"=""293.209""","=""0.005""","=""293.2088+""","=""10bl""","=""""",,"=""166554.82""","=""200650.23""","=""5s2.5p3.(2D*).6p""","=""3F""","=""4""","=""5s2.5p3.(2D*).6d""","=""3D*""","=""3""",,
"=""293.276""","=""0.005""","=""293.2766+""","=""18""","=""""",,"=""112693.95""","=""146781.48""","=""5s2.5p3.(4S*).5d""","=""5D*""","=""0""","=""5s2.5p3.(4S*).6p""","=""5P""","=""1""",,
"=""293.572""","=""0.005""","=""293.5711+""","=""10""","=""""",,"=""164438.64""","=""198491.98""","=""5s2.5p3.(2D*).6p""","=""1F""","=""3""","=""5s2.5p3.(2D*).6d""","=""3P*""","=""2""",,
"=""293.586""","=""0.005""","=""293.5859+""","=""15bl""","=""""",,"=""166374.06""","=""200425.68""","=""5s2.5p3.(4S*).4f""","=""5F""","=""3""","=""5s2.5p3.(2D*).6d""","=""3F*""","=""4""",,
"=""293.911""","=""0.005""","=""293.9098+""","=""12""","=""""",,"=""162594.81""","=""196608.91""","=""5s2.5p3.(2D*).6p""","=""3F""","=""3""","=""5s2.5p3.(2D*).6d""","=""3F*""","=""3""",,
"=""293.973""","=""0.005""","=""293.9722+""","=""10""","=""""",,"=""148370.13""","=""182377.01""","=""5s2.5p3.(2D*).5d""","=""3P*""","=""2""","=""5s2.5p3.(2D*).4f""","=""3D""","=""3""",,
"=""294.021""","=""0.005""","=""294.0184+""","=""17""","=""""",,"=""162259.97""","=""196261.50""","=""5s2.5p3.(2D*).6p""","=""3D""","=""2""","=""5s2.5p3.(2D*).6d""","=""3G*""","=""3""",,
"=""294.139""","=""0.005""","=""294.1413+""","=""12""","=""""",,"=""132711.78""","=""166699.11""","=""5s2.5p3.(2D*).5d""","=""1G*""","=""4""","=""5s2.5p3.(2D*).6p""","=""3D""","=""3""",,
"=""294.206""","=""0.005""","=""294.2019+""","=""11bl""","=""""",,"=""164511.65""","=""198491.98""","=""5s2.5p3.(2D*).6p""","=""1P""","=""1""","=""5s2.5p3.(2D*).6d""","=""3P*""","=""2""",,
"=""294.343""","=""0.005""","=""294.3419+""","=""7""","=""""",,"=""148412.84""","=""182377.01""","=""5s2.5p3.(2D*).5d""","=""1F*""","=""3""","=""5s2.5p3.(2D*).4f""","=""3D""","=""3""",,
"=""294.456""","=""0.005""","=""294.4550+""","=""7""","=""""",,"=""166699.11""","=""200650.23""","=""5s2.5p3.(2D*).6p""","=""3D""","=""3""","=""5s2.5p3.(2D*).6d""","=""3D*""","=""3""",,
"=""294.468""","=""0.005""","=""294.4675+""","=""10""","=""""",,"=""168086.00""","=""202035.68""","=""5s2.5p3.(2D*).6p""","=""3P""","=""1""","=""5s2.5p3.(2D*).6d""","=""3P*""","=""1""",,
"=""294.523""","=""0.005""","=""294.5232+""","=""18""","=""""",,"=""162594.81""","=""196538.07""","=""5s2.5p3.(2D*).6p""","=""3F""","=""3""","=""5s2.5p3.(2D*).6d""","=""1G*""","=""4""",,
"=""294.548""","=""0.001""","=""294.5556+""","=""1""","=""""",,"=""133234.01""","=""167173.54""","=""5s2.5p3.(2D*).5d""","=""3D*""","=""1""","=""5s2.5p3.(4S*).4f""","=""5F""","=""1""",,
"=""294.751""","=""0.005""","=""294.7512+""","=""17""","=""""",,"=""166554.82""","=""200471.83""","=""5s2.5p3.(2D*).6p""","=""3F""","=""4""","=""5s2.5p3.(2D*).6d""","=""3G*""","=""5""",,
"=""294.807""","=""0.005""","=""294.8050+""","=""19""","=""""",,"=""128349.15""","=""162259.97""","=""5s2.5p3.(2D*).5d""","=""3G*""","=""3""","=""5s2.5p3.(2D*).6p""","=""3D""","=""2""",,
"=""295.076""","=""0.001""","=""295.0648+""","=""1""","=""""",,"=""162259.97""","=""196140.93""","=""5s2.5p3.(2D*).6p""","=""3D""","=""2""","=""5s2.5p3.(2D*).7s""","=""3D*""","=""2""",,
"=""295.153""","=""0.005""","=""295.1528+""","=""3""","=""""",,"=""166554.82""","=""200425.68""","=""5s2.5p3.(2D*).6p""","=""3F""","=""4""","=""5s2.5p3.(2D*).6d""","=""3F*""","=""4""",,
"=""295.386""","=""0.005""","=""295.3842+""","=""6""","=""""",,"=""138145.49""","=""171989.82""","=""5s2.5p3.(2D*).6s""","=""3D*""","=""1""","=""5s2.5p3.(2D*).6p""","=""1D""","=""2""",,
"=""295.394""","=""0.005""","=""295.3954+""","=""7""","=""""",,"=""132711.78""","=""166554.82""","=""5s2.5p3.(2D*).5d""","=""1G*""","=""4""","=""5s2.5p3.(2D*).6p""","=""3F""","=""4""",,
"=""295.410""","=""0.005""","=""295.4089+""","=""10a""","=""""",,"=""148535.52""","=""182377.01""","=""5s2.5p3.(2P*).5d""","=""3F*""","=""4""","=""5s2.5p3.(2D*).4f""","=""3D""","=""3""",,
"=""295.417""","=""0.005""","=""295.4167+""","=""10a""","=""""",,"=""166699.11""","=""200539.71""","=""5s2.5p3.(2D*).6p""","=""3D""","=""3""","=""5s2.5p3.(2D*).7s""","=""1D*""","=""2""",,
"=""295.493""","=""0.005""","=""295.4891+""","=""17""","=""""",,"=""133234.01""","=""167066.32""","=""5s2.5p3.(2D*).5d""","=""3D*""","=""1""","=""5s2.5p3.(2D*).6p""","=""3P""","=""2""",,
"=""295.928""","=""0.005""","=""295.9280+""","=""9a""","=""""",,"=""119026.03""","=""152808.17""","=""5s2.5p3.(2D*).5d""","=""1P*""","=""1""","=""5s2.5p3.(4S*).6p""","=""3P""","=""0""",,
"=""295.936""","=""0.005""","=""295.9381+""","=""15a""","=""""",,"=""152808.17""","=""186589.15""","=""5s2.5p3.(4S*).6p""","=""3P""","=""0""","=""5s2.5p3.(4S*).6d""","=""3D*""","=""1""",,
"=""296.007""","=""0.005""","=""296.0064+""","=""6""","=""""",,"=""154639.37""","=""188412.56""","=""5s2.5p3.(2D*).5d""","=""3P*""","=""1""","=""5s2.5p3.(2D*).4f""","=""3P""","=""2""",,
"=""296.034""","=""0.005""","=""296.0331+""","=""13""","=""""",,"=""166880.09""","=""200650.23""","=""5s2.5p3.(4S*).4f""","=""5F""","=""2""","=""5s2.5p3.(2D*).6d""","=""3D*""","=""3""",,
"=""296.087""","=""0.005""","=""296.0869+""","=""4""","=""""",,"=""148370.13""","=""182134.14""","=""5s2.5p3.(2D*).5d""","=""3P*""","=""2""","=""5s2.5p3.(2P*).6p""","=""3S""","=""1""",,
"=""296.417""","=""0.005""","=""296.4156+""","=""13""","=""""",,"=""166699.11""","=""200425.68""","=""5s2.5p3.(2D*).6p""","=""3D""","=""3""","=""5s2.5p3.(2D*).6d""","=""3F*""","=""4""",,
"=""296.493""","=""0.005""","=""296.4935+""","=""11""","=""""",,"=""162259.97""","=""195977.67""","=""5s2.5p3.(2D*).6p""","=""3D""","=""2""","=""5s2.5p3.(2D*).6d""","=""3F*""","=""2""",,
"=""296.692""","=""0.005""","=""296.6904+""","=""10a""","=""""",,"=""166355.27""","=""200050.60""","=""5s2.5p3.(4S*).4f""","=""5F""","=""4""","=""5s2.5p3.(2D*).6d""","=""3G*""","=""4""",,
"=""296.843""","=""0.005""","=""296.8415+""","=""10""","=""""",,"=""166355.27""","=""200033.45""","=""5s2.5p3.(4S*).4f""","=""5F""","=""4""","=""5s2.5p3.(2D*).7s""","=""3D*""","=""3""",,
"=""296.857""","=""0.005""","=""296.8559+""","=""12""","=""""",,"=""166374.06""","=""200050.60""","=""5s2.5p3.(4S*).4f""","=""5F""","=""3""","=""5s2.5p3.(2D*).6d""","=""3G*""","=""4""",,
"=""296.943""","=""0.005""","=""296.9428+""","=""9""","=""""",,"=""162594.81""","=""196261.50""","=""5s2.5p3.(2D*).6p""","=""3F""","=""3""","=""5s2.5p3.(2D*).6d""","=""3G*""","=""3""",,
"=""296.977""","=""0.005""","=""296.9817+""","=""23""","=""""",,"=""132711.78""","=""166374.06""","=""5s2.5p3.(2D*).5d""","=""1G*""","=""4""","=""5s2.5p3.(4S*).4f""","=""5F""","=""3""",,
"=""297.008""","=""0.005""","=""297.0072+""","=""10""","=""""",,"=""166374.06""","=""200033.45""","=""5s2.5p3.(4S*).4f""","=""5F""","=""3""","=""5s2.5p3.(2D*).7s""","=""3D*""","=""3""",,
"=""297.049""","=""0.005""","=""297.0481+""","=""19""","=""""",,"=""149061.57""","=""182716.33""","=""5s2.5p3.(4S*).6p""","=""5P""","=""3""","=""5s2.5p3.(4S*).6d""","=""5D*""","=""4""",,
"=""297.117""","=""0.005""","=""297.1160+""","=""11""","=""""",,"=""162259.97""","=""195907.04""","=""5s2.5p3.(2D*).6p""","=""3D""","=""2""","=""5s2.5p3.(2D*).7s""","=""3D*""","=""1""",,
"=""297.126""","=""0.005""","=""297.1247+""","=""9""","=""""",,"=""133234.01""","=""166880.09""","=""5s2.5p3.(2D*).5d""","=""3D*""","=""1""","=""5s2.5p3.(4S*).4f""","=""5F""","=""2""",,
"=""297.490""","=""0.005""","=""297.4892+""","=""6bl""","=""""",,"=""150404.24""","=""184009.10""","=""5s2.5p3.(2P*).5d""","=""3P*""","=""2""","=""5s2.5p3.(2P*).6p""","=""1D""","=""2""",,
"=""297.675""","=""0.005""","=""297.6748+""","=""10""","=""""",,"=""167066.32""","=""200650.23""","=""5s2.5p3.(2D*).6p""","=""3P""","=""2""","=""5s2.5p3.(2D*).6d""","=""3D*""","=""3""",,
"=""298.009""","=""0.005""","=""298.0101+""","=""3""","=""""",,"=""162594.81""","=""196140.93""","=""5s2.5p3.(2D*).6p""","=""3F""","=""3""","=""5s2.5p3.(2D*).7s""","=""3D*""","=""2""",,
"=""298.132""","=""0.005""","=""298.1313+""","=""8""","=""""",,"=""168086.00""","=""201618.48""","=""5s2.5p3.(2D*).6p""","=""3P""","=""1""","=""5s2.5p3.(2D*).6d""","=""3P*""","=""0""",,
"=""298.458""","=""0.005""","=""298.4580+""","=""16""","=""""",,"=""166554.82""","=""200050.60""","=""5s2.5p3.(2D*).6p""","=""3F""","=""4""","=""5s2.5p3.(2D*).6d""","=""3G*""","=""4""",,
"=""298.553""","=""0.005""","=""298.5528+""","=""14""","=""""",,"=""150301.10""","=""183786.24""","=""5s2.5p3.(4S*).6p""","=""3P""","=""1""","=""5s2.5p3.(4S*).7s""","=""3S*""","=""1""",,
"=""298.611""","=""0.005""","=""298.6109+""","=""11""","=""""",,"=""166554.82""","=""200033.45""","=""5s2.5p3.(2D*).6p""","=""3F""","=""4""","=""5s2.5p3.(2D*).7s""","=""3D*""","=""3""",,
"=""299.033""","=""0.005""","=""299.0329+""","=""7""","=""""",,"=""156392.68""","=""189824.07""","=""5s2.5p3.(2P*).5d""","=""3D*""","=""3""","=""5s2.5p3.(2D*).4f""","=""1D""","=""2""",,
"=""299.082""","=""0.005""","=""299.0793+""","=""3""","=""""",,"=""168086.00""","=""201512.20""","=""5s2.5p3.(2D*).6p""","=""3P""","=""1""","=""5s2.5p3.(2D*).6d""","=""3D*""","=""2""",,
"=""299.125""","=""0.005""","=""299.1243+""","=""14""","=""""",,"=""149061.57""","=""182482.74""","=""5s2.5p3.(4S*).6p""","=""5P""","=""3""","=""5s2.5p3.(4S*).7s""","=""5S*""","=""2""",,
"=""299.149""","=""0.005""","=""299.1475+""","=""11""","=""""",,"=""134667.42""","=""168086.00""","=""5s2.5p3.(2D*).6s""","=""3D*""","=""2""","=""5s2.5p3.(2D*).6p""","=""3P""","=""1""",,
"=""299.289""","=""0.005""","=""299.2878+""","=""15""","=""""",,"=""149061.57""","=""182464.48""","=""5s2.5p3.(4S*).6p""","=""5P""","=""3""","=""5s2.5p3.(4S*).6d""","=""5D*""","=""3""",,
"=""299.437""","=""0.005""","=""299.4371+""","=""4""","=""""",,"=""156392.68""","=""189778.94""","=""5s2.5p3.(2P*).5d""","=""3D*""","=""3""","=""5s2.5p3.(2D*).4f""","=""1F""","=""3""",,
"=""299.467""","=""0.005""","=""299.4676+""","=""14""","=""""",,"=""162594.81""","=""195977.67""","=""5s2.5p3.(2D*).6p""","=""3F""","=""3""","=""5s2.5p3.(2D*).6d""","=""3F*""","=""2""",,
"=""299.495""","=""0.005""","=""299.4940+""","=""8""","=""""",,"=""125617.06""","=""158996.98""","=""5s2.5p3.(4S*).6s""","=""3S*""","=""1""","=""5s2.5p3.(2D*).6p""","=""3D""","=""1""",,
"=""299.750""","=""0.005""","=""299.7493+""","=""9""","=""""",,"=""166699.11""","=""200050.60""","=""5s2.5p3.(2D*).6p""","=""3D""","=""3""","=""5s2.5p3.(2D*).6d""","=""3G*""","=""4""",,
"=""299.903""","=""0.005""","=""299.9035+""","=""11a""","=""""",,"=""166699.11""","=""200033.45""","=""5s2.5p3.(2D*).6p""","=""3D""","=""3""","=""5s2.5p3.(2D*).7s""","=""3D*""","=""3""",,
"=""299.929""","=""0.005""","=""299.9280+""","=""9""","=""""",,"=""138658.20""","=""171989.82""","=""5s2.5p3.(2D*).6s""","=""3D*""","=""3""","=""5s2.5p3.(2D*).6p""","=""1D""","=""2""",,
"=""300.152""","=""0.005""","=""300.1515+""","=""11""","=""""",,"=""166743.80""","=""200050.60""","=""5s2.5p3.(4S*).4f""","=""5F""","=""5""","=""5s2.5p3.(2D*).6d""","=""3G*""","=""4""",,
"=""300.426""","=""0.005""","=""300.4265+""","=""18a""","=""""",,"=""149061.57""","=""182337.88""","=""5s2.5p3.(4S*).6p""","=""5P""","=""3""","=""5s2.5p3.(4S*).6d""","=""5D*""","=""2""",,
"=""300.465""","=""0.005""","=""300.4645+""","=""5""","=""""",,"=""148412.84""","=""181684.94""","=""5s2.5p3.(2D*).5d""","=""1F*""","=""3""","=""5s2.5p3.(2D*).4f""","=""3H""","=""4""",,
"=""300.903""","=""0.005""","=""300.9034+""","=""1bl""","=""""",,"=""148370.13""","=""181593.70""","=""5s2.5p3.(2D*).5d""","=""3P*""","=""2""","=""5s2.5p3.(2D*).4f""","=""3F""","=""2""",,
"=""301.413""","=""0.005""","=""301.4178+""","=""15a""","=""""",,"=""142064.27""","=""175231.15""","=""5s2.5p3.(2D*).5d""","=""3D*""","=""2""","=""5s2.5p3.(2P*).6p""","=""3D""","=""1""",,
"=""301.459""","=""0.005""","=""301.4582+""","=""11""","=""""",,"=""165941.69""","=""199104.12""","=""5s2.5p3.(2D*).6p""","=""3P""","=""0""","=""5s2.5p3.(2D*).6d""","=""3S*""","=""1""",,
"=""301.541""","=""0.005""","=""301.5407+""","=""11""","=""""",,"=""166880.09""","=""200033.45""","=""5s2.5p3.(4S*).4f""","=""5F""","=""2""","=""5s2.5p3.(2D*).7s""","=""3D*""","=""3""",,
"=""301.577""","=""0.005""","=""301.5765+""","=""2""","=""""",,"=""148535.52""","=""181684.94""","=""5s2.5p3.(2P*).5d""","=""3F*""","=""4""","=""5s2.5p3.(2D*).4f""","=""3H""","=""4""",,
"=""302.033""","=""0.005""","=""302.0339+""","=""6""","=""""",,"=""153893.20""","=""186992.43""","=""5s2.5p3.(2P*).5d""","=""3D*""","=""2""","=""5s2.5p3.(2D*).4f""","=""3D""","=""2""",,
"=""302.365""","=""0.005""","=""302.3632+""","=""18""","=""""",,"=""152057.72""","=""185120.90""","=""5s2.5p3.(4S*).6p""","=""3P""","=""2""","=""5s2.5p3.(4S*).6d""","=""3D*""","=""2""",,
"=""302.383""","=""0.005""","=""302.3829+""","=""25""","=""""",,"=""117240.08""","=""150301.10""","=""5s2.5p3.(4S*).5d""","=""3D*""","=""2""","=""5s2.5p3.(4S*).6p""","=""3P""","=""1""",,
"=""302.652""","=""0.005""","=""302.6515+""","=""12""","=""""",,"=""119026.03""","=""152057.72""","=""5s2.5p3.(2D*).5d""","=""1P*""","=""1""","=""5s2.5p3.(4S*).6p""","=""3P""","=""2""",,
"=""304.204""","=""0.005""","=""304.2017+""","=""12""","=""""",,"=""177955.93""","=""210819.29""","=""5s2.5p3.(2P*).6p""","=""3D""","=""2""","=""5s2.5p3.(2P*).6d""","=""3D*""","=""1""",,
"=""304.886""","=""0.005""","=""304.8827+""","=""7""","=""""",,"=""178029.33""","=""210819.29""","=""5s2.5p3.(2P*).6p""","=""3P""","=""1""","=""5s2.5p3.(2P*).6d""","=""3D*""","=""1""",,
"=""305.121""","=""0.005""","=""305.1172+""","=""6""","=""""",,"=""178054.53""","=""210819.29""","=""5s2.5p3.(2P*).6p""","=""3P""","=""0""","=""5s2.5p3.(2P*).6d""","=""3D*""","=""1""",,
"=""305.448""","=""0.005""","=""305.4487+""","=""14""","=""""",,"=""145300.13""","=""178029.33""","=""5s2.5p3.(2P*).5d""","=""3F*""","=""2""","=""5s2.5p3.(2P*).6p""","=""3P""","=""1""",,
"=""305.526""","=""0.005""","=""305.5247+""","=""1""","=""""",,"=""153893.20""","=""186614.26""","=""5s2.5p3.(2P*).5d""","=""3D*""","=""2""","=""5s2.5p3.(2D*).4f""","=""3F""","=""3""",,
"=""306.519""","=""0.005""","=""306.5181+""","=""18""","=""""",,"=""145340.91""","=""177955.93""","=""5s2.5p3.(2P*).5d""","=""3F*""","=""3""","=""5s2.5p3.(2P*).6p""","=""3D""","=""2""",,
"=""306.857""","=""0.005""","=""306.8550+""","=""2""","=""""",,"=""164511.65""","=""197090.86""","=""5s2.5p3.(2D*).6p""","=""1P""","=""1""","=""5s2.5p3.(2D*).6d""","=""1S*""","=""0""",,
"=""307.351""","=""0.005""","=""307.3507+""","=""6""","=""""",,"=""151482.43""","=""184009.10""","=""5s2.5p3.(2P*).6s""","=""3P*""","=""1""","=""5s2.5p3.(2P*).6p""","=""1D""","=""2""",,
"=""308.042""","=""0.005""","=""308.0417+""","=""11""","=""""",,"=""168086.00""","=""200539.71""","=""5s2.5p3.(2D*).6p""","=""3P""","=""1""","=""5s2.5p3.(2D*).7s""","=""1D*""","=""2""",,
"=""308.289""","=""0.005""","=""308.2890+""","=""4bl""","=""""",,"=""153893.20""","=""186320.88""","=""5s2.5p3.(2P*).5d""","=""3D*""","=""2""","=""5s2.5p3.(2P*).6p""","=""3P""","=""2""",,
"=""308.353""","=""0.005""","=""308.3517+""","=""18""","=""""",,"=""130173.73""","=""162594.81""","=""5s2.5p3.(2D*).5d""","=""3F*""","=""4""","=""5s2.5p3.(2D*).6p""","=""3F""","=""3""",,
"=""308.887""","=""0.005""","=""308.8863+""","=""3""","=""""",,"=""164511.65""","=""196876.63""","=""5s2.5p3.(2D*).6p""","=""1P""","=""1""","=""5s2.5p3.(2D*).6d""","=""3D*""","=""1""",,
"=""309.000""","=""0.005""","=""309.0001+""","=""11""","=""""",,"=""154639.37""","=""186992.43""","=""5s2.5p3.(2D*).5d""","=""3P*""","=""1""","=""5s2.5p3.(2D*).4f""","=""3D""","=""2""",,
"=""309.105""","=""0.005""","=""309.1043+""","=""18""","=""""",,"=""128349.15""","=""160691.30""","=""5s2.5p3.(2D*).5d""","=""3G*""","=""3""","=""5s2.5p3.(2D*).6p""","=""3F""","=""2""",,
"=""309.987""","=""0.005""","=""309.9854+""","=""11""","=""""",,"=""150301.10""","=""182551.32""","=""5s2.5p3.(4S*).6p""","=""3P""","=""1""","=""5s2.5p3.(4S*).6d""","=""5D*""","=""1""",,
"=""310.236""","=""0.005""","=""310.2374+""","=""9""","=""""",,"=""166880.09""","=""199104.12""","=""5s2.5p3.(4S*).4f""","=""5F""","=""2""","=""5s2.5p3.(2D*).6d""","=""3S*""","=""1""",,
"=""310.269""","=""0.005""","=""310.2681+""","=""10""","=""""",,"=""150301.10""","=""182521.94""","=""5s2.5p3.(4S*).6p""","=""3P""","=""1""","=""5s2.5p3.(4S*).6d""","=""5D*""","=""0""",,
"=""310.347""","=""0.005""","=""310.3468+""","=""13""","=""""",,"=""134667.42""","=""166880.09""","=""5s2.5p3.(2D*).6s""","=""3D*""","=""2""","=""5s2.5p3.(4S*).4f""","=""5F""","=""2""",,
"=""310.634""","=""0.005""","=""310.6334+""","=""13""","=""""",,"=""143048.20""","=""175231.15""","=""5s2.5p3.(2D*).6s""","=""1D*""","=""2""","=""5s2.5p3.(2P*).6p""","=""3D""","=""1""",,
"=""310.647""","=""0.005""","=""310.6461+""","=""9""","=""""",,"=""150301.10""","=""182482.74""","=""5s2.5p3.(4S*).6p""","=""3P""","=""1""","=""5s2.5p3.(4S*).7s""","=""5S*""","=""2""",,
"=""310.756""","=""0.005""","=""310.7559+""","=""6""","=""""",,"=""164438.64""","=""196608.91""","=""5s2.5p3.(2D*).6p""","=""1F""","=""3""","=""5s2.5p3.(2D*).6d""","=""3F*""","=""3""",,
"=""311.441""","=""0.005""","=""311.4417+""","=""12""","=""""",,"=""164438.64""","=""196538.07""","=""5s2.5p3.(2D*).6p""","=""1F""","=""3""","=""5s2.5p3.(2D*).6d""","=""1G*""","=""4""",,
"=""312.052""","=""0.005""","=""312.0408+""","=""10*""","=""""",,"=""167066.32""","=""199104.12""","=""5s2.5p3.(2D*).6p""","=""3P""","=""2""","=""5s2.5p3.(2D*).6d""","=""3S*""","=""1""",,
"=""312.052""","=""0.005""","=""312.0508+""","=""10*""","=""""",,"=""150301.10""","=""182337.88""","=""5s2.5p3.(4S*).6p""","=""3P""","=""1""","=""5s2.5p3.(4S*).6d""","=""5D*""","=""2""",,
"=""312.101""","=""0.005""","=""312.1003+""","=""5""","=""""",,"=""134667.42""","=""166699.11""","=""5s2.5p3.(2D*).6s""","=""3D*""","=""2""","=""5s2.5p3.(2D*).6p""","=""3D""","=""3""",,
"=""312.215""","=""0.005""","=""312.2155+""","=""9""","=""""",,"=""156392.68""","=""188412.56""","=""5s2.5p3.(2P*).5d""","=""3D*""","=""3""","=""5s2.5p3.(2D*).4f""","=""3P""","=""2""",,
"=""312.460""","=""0.005""","=""312.4599+""","=""3""","=""""",,"=""153893.20""","=""185888.03""","=""5s2.5p3.(2P*).5d""","=""3D*""","=""2""","=""5s2.5p3.(2P*).6p""","=""1P""","=""1""",,
"=""312.495""","=""0.005""","=""312.5020+""","=""9""","=""""",,"=""151482.43""","=""183472.95""","=""5s2.5p3.(2P*).6s""","=""3P*""","=""1""","=""5s2.5p3.(2D*).4f""","=""1P""","=""1""",,
"=""312.677""","=""0.005""","=""312.6755+""","=""3""","=""""",,"=""150404.24""","=""182377.01""","=""5s2.5p3.(2P*).5d""","=""3P*""","=""2""","=""5s2.5p3.(2D*).4f""","=""3D""","=""3""",,
"=""313.828""","=""0.005""","=""313.8262+""","=""20""","=""""",,"=""171989.82""","=""203845.36""","=""5s2.5p3.(2D*).6p""","=""1D""","=""2""","=""5s2.5p3.(2D*).6d""","=""1F*""","=""3""",,
"=""314.163""","=""0.005""","=""314.1485+""","=""11*""","=""""",,"=""164438.64""","=""196261.50""","=""5s2.5p3.(2D*).6p""","=""1F""","=""3""","=""5s2.5p3.(2D*).6d""","=""3G*""","=""3""",,
"=""314.163""","=""0.005""","=""314.1620+""","=""11*""","=""""",,"=""117240.08""","=""149061.57""","=""5s2.5p3.(4S*).5d""","=""3D*""","=""2""","=""5s2.5p3.(4S*).6p""","=""5P""","=""3""",,
"=""315.069""","=""0.005""","=""315.0689+""","=""15""","=""""",,"=""150404.24""","=""182134.14""","=""5s2.5p3.(2P*).5d""","=""3P*""","=""2""","=""5s2.5p3.(2P*).6p""","=""3S""","=""1""",,
"=""315.083""","=""0.005""","=""315.0826+""","=""14""","=""""",,"=""152057.72""","=""183786.24""","=""5s2.5p3.(4S*).6p""","=""3P""","=""2""","=""5s2.5p3.(4S*).7s""","=""3S*""","=""1""",,
"=""315.097""","=""0.005""","=""315.0991+""","=""18""","=""""",,"=""132711.78""","=""164438.64""","=""5s2.5p3.(2D*).5d""","=""1G*""","=""4""","=""5s2.5p3.(2D*).6p""","=""1F""","=""3""",,
"=""315.183""","=""0.005""","=""315.1820+""","=""15""","=""""",,"=""136367.48""","=""168086.00""","=""5s2.5p3.(2P*).5d""","=""1D*""","=""2""","=""5s2.5p3.(2D*).6p""","=""3P""","=""1""",,
"=""315.300""","=""0.005""","=""315.3001+""","=""13""","=""""",,"=""134667.42""","=""166374.06""","=""5s2.5p3.(2D*).6s""","=""3D*""","=""2""","=""5s2.5p3.(4S*).4f""","=""5F""","=""3""",,
"=""315.344""","=""0.005""","=""315.3433+""","=""11""","=""""",,"=""164438.64""","=""196140.93""","=""5s2.5p3.(2D*).6p""","=""1F""","=""3""","=""5s2.5p3.(2D*).7s""","=""3D*""","=""2""",,
"=""315.551""","=""0.005""","=""315.5502+""","=""10""","=""""",,"=""154639.37""","=""186320.88""","=""5s2.5p3.(2D*).5d""","=""3P*""","=""1""","=""5s2.5p3.(2P*).6p""","=""3P""","=""2""",,
"=""315.667""","=""0.005""","=""315.6663+""","=""7""","=""""",,"=""142064.27""","=""173734.12""","=""5s2.5p3.(2D*).5d""","=""3D*""","=""2""","=""5s2.5p3.(4S*).4f""","=""3F""","=""2""",,
"=""316.066""","=""0.005""","=""316.0713+""","=""8*""","=""""",,"=""164511.65""","=""196140.93""","=""5s2.5p3.(2D*).6p""","=""1P""","=""1""","=""5s2.5p3.(2D*).7s""","=""3D*""","=""2""",,
"=""316.066""","=""0.005""","=""316.0757+""","=""8*""","=""""",,"=""150505.31""","=""182134.14""","=""5s2.5p3.(2P*).6s""","=""3P*""","=""0""","=""5s2.5p3.(2P*).6p""","=""3S""","=""1""",,
"=""316.447""","=""0.005""","=""316.4447+""","=""9*""","=""""",,"=""138658.20""","=""170250.15""","=""5s2.5p3.(2D*).6s""","=""3D*""","=""3""","=""5s2.5p3.(4S*).4f""","=""3F""","=""3""",,
"=""316.447""","=""0.005""","=""316.4490+""","=""9*""","=""""",,"=""155400.90""","=""186992.43""","=""5s2.5p3.(2P*).5d""","=""3D*""","=""1""","=""5s2.5p3.(2D*).4f""","=""3D""","=""2""",,
"=""316.975""","=""0.005""","=""316.9757+""","=""7""","=""""",,"=""164438.64""","=""195977.67""","=""5s2.5p3.(2D*).6p""","=""1F""","=""3""","=""5s2.5p3.(2D*).6d""","=""3F*""","=""2""",,
"=""317.711""","=""0.005""","=""317.7112+""","=""7""","=""""",,"=""164511.65""","=""195977.67""","=""5s2.5p3.(2D*).6p""","=""1P""","=""1""","=""5s2.5p3.(2D*).6d""","=""3F*""","=""2""",,
"=""318.427""","=""0.005""","=""318.4260+""","=""11""","=""""",,"=""164511.65""","=""195907.04""","=""5s2.5p3.(2D*).6p""","=""1P""","=""1""","=""5s2.5p3.(2D*).7s""","=""3D*""","=""1""",,
"=""318.521""","=""0.005""","=""318.5191+""","=""16""","=""""",,"=""171989.82""","=""203376.04""","=""5s2.5p3.(2D*).6p""","=""1D""","=""2""","=""5s2.5p3.(2D*).6d""","=""1D*""","=""2""",,
"=""319.625""","=""0.005""","=""319.6248+""","=""15""","=""""",,"=""133234.01""","=""164511.65""","=""5s2.5p3.(2D*).5d""","=""3D*""","=""1""","=""5s2.5p3.(2D*).6p""","=""1P""","=""1""",,
"=""319.651""","=""0.005""","=""319.6511+""","=""14""","=""""",,"=""119026.03""","=""150301.10""","=""5s2.5p3.(2D*).5d""","=""1P*""","=""1""","=""5s2.5p3.(4S*).6p""","=""3P""","=""1""",,
"=""319.922""","=""0.005""","=""319.9213+""","=""7""","=""""",,"=""154639.37""","=""185888.03""","=""5s2.5p3.(2D*).5d""","=""3P*""","=""1""","=""5s2.5p3.(2P*).6p""","=""1P""","=""1""",,
"=""321.412""","=""0.005""","=""321.4198+""","=""2""","=""""",,"=""159388.18""","=""190491.16""","=""5s2.5p3.(2P*).6s""","=""1P*""","=""1""","=""5s2.5p3.(2P*).6p""","=""1S""","=""0""",,
"=""322.299""","=""0.005""","=""322.2991+""","=""12""","=""""",,"=""168086.00""","=""199104.12""","=""5s2.5p3.(2D*).6p""","=""3P""","=""1""","=""5s2.5p3.(2D*).6d""","=""3S*""","=""1""",,
"=""322.716""","=""0.005""","=""322.7158+""","=""12""","=""""",,"=""152808.17""","=""183786.24""","=""5s2.5p3.(4S*).6p""","=""3P""","=""0""","=""5s2.5p3.(4S*).7s""","=""3S*""","=""1""",,
"=""323.170""","=""0.001""","=""323.1658+""","=""4w""","=""""",,"=""165941.69""","=""196876.63""","=""5s2.5p3.(2D*).6p""","=""3P""","=""0""","=""5s2.5p3.(2D*).6d""","=""3D*""","=""1""",,
"=""323.573""","=""0.005""","=""323.5734+""","=""13""","=""""",,"=""158928.10""","=""189824.07""","=""5s2.5p3.(2P*).6s""","=""3P*""","=""2""","=""5s2.5p3.(2D*).4f""","=""1D""","=""2""",,
"=""323.684""","=""0.001""","=""323.6840+""","=""3""","=""""",,"=""121922.75""","=""152808.17""","=""5s2.5p3.(4S*).5d""","=""3D*""","=""1""","=""5s2.5p3.(4S*).6p""","=""3P""","=""0""",,
"=""324.047""","=""0.005""","=""324.0468+""","=""10""","=""""",,"=""158928.10""","=""189778.94""","=""5s2.5p3.(2P*).6s""","=""3P*""","=""2""","=""5s2.5p3.(2D*).4f""","=""1F""","=""3""",,
"=""324.286""","=""0.005""","=""324.2854+""","=""25""","=""""",,"=""121229.58""","=""152057.72""","=""5s2.5p3.(4S*).5d""","=""3D*""","=""3""","=""5s2.5p3.(4S*).6p""","=""3P""","=""2""",,
"=""324.413""","=""0.005""","=""324.4123+""","=""12""","=""""",,"=""171989.82""","=""202805.90""","=""5s2.5p3.(2D*).6p""","=""1D""","=""2""","=""5s2.5p3.(2D*).6d""","=""1P*""","=""1""",,
"=""324.685""","=""0.005""","=""324.6840+""","=""22""","=""""",,"=""143156.24""","=""173946.53""","=""5s2.5p3.(2D*).5d""","=""3D*""","=""3""","=""5s2.5p3.(4S*).4f""","=""3F""","=""4""",,
"=""324.862""","=""0.005""","=""324.8627+""","=""7""","=""""",,"=""158928.10""","=""189701.46""","=""5s2.5p3.(2P*).6s""","=""3P*""","=""2""","=""5s2.5p3.(2D*).4f""","=""3P""","=""1""",,
"=""325.625""","=""0.005""","=""325.6257+""","=""12""","=""""",,"=""153893.20""","=""184594.45""","=""5s2.5p3.(2P*).5d""","=""3D*""","=""2""","=""5s2.5p3.(2P*).6p""","=""3D""","=""3""",,
"=""325.652""","=""0.005""","=""325.6513+""","=""2""","=""""",,"=""136367.48""","=""167066.32""","=""5s2.5p3.(2P*).5d""","=""1D*""","=""2""","=""5s2.5p3.(2D*).6p""","=""3P""","=""2""",,
"=""325.785""","=""0.005""","=""325.7884+""","=""5""","=""""",,"=""143048.20""","=""173734.12""","=""5s2.5p3.(2D*).6s""","=""1D*""","=""2""","=""5s2.5p3.(4S*).4f""","=""3F""","=""2""",,
"=""326.146""","=""0.005""","=""326.1520+""","=""1""","=""""",,"=""151482.43""","=""182134.14""","=""5s2.5p3.(2P*).6s""","=""3P*""","=""1""","=""5s2.5p3.(2P*).6p""","=""3S""","=""1""",,
"=""326.705""","=""0.005""","=""326.7059+""","=""20""","=""""",,"=""156392.68""","=""186992.43""","=""5s2.5p3.(2P*).5d""","=""3D*""","=""3""","=""5s2.5p3.(2D*).4f""","=""3D""","=""2""",,
"=""326.898""","=""0.005""","=""326.8979+""","=""22""","=""""",,"=""121475.94""","=""152057.72""","=""5s2.5p3.(4S*).6s""","=""5S*""","=""2""","=""5s2.5p3.(4S*).6p""","=""3P""","=""2""",,
"=""326.940""","=""0.005""","=""326.9395+""","=""3""","=""""",,"=""143156.24""","=""173734.12""","=""5s2.5p3.(2D*).5d""","=""3D*""","=""3""","=""5s2.5p3.(4S*).4f""","=""3F""","=""2""",,
"=""327.639""","=""0.005""","=""327.6389+""","=""13""","=""""",,"=""136367.48""","=""166880.09""","=""5s2.5p3.(2P*).5d""","=""1D*""","=""2""","=""5s2.5p3.(4S*).4f""","=""5F""","=""2""",,
"=""327.844""","=""0.005""","=""327.8432+""","=""12""","=""""",,"=""152057.72""","=""182551.32""","=""5s2.5p3.(4S*).6p""","=""3P""","=""2""","=""5s2.5p3.(4S*).6d""","=""5D*""","=""1""",,
"=""327.913""","=""0.005""","=""327.9128+""","=""3""","=""""",,"=""155400.90""","=""185888.03""","=""5s2.5p3.(2P*).5d""","=""3D*""","=""1""","=""5s2.5p3.(2P*).6p""","=""1P""","=""1""",,
"=""328.050""","=""0.005""","=""328.0505+""","=""14""","=""""",,"=""148412.84""","=""178887.17""","=""5s2.5p3.(2D*).5d""","=""1F*""","=""3""","=""5s2.5p3.(2D*).4f""","=""3G""","=""4""",,
"=""328.464""","=""0.005""","=""328.4648+""","=""8""","=""""",,"=""159388.18""","=""189824.07""","=""5s2.5p3.(2P*).6s""","=""1P*""","=""1""","=""5s2.5p3.(2D*).4f""","=""1D""","=""2""",,
"=""328.582""","=""0.005""","=""328.5822+""","=""14""","=""""",,"=""152057.72""","=""182482.74""","=""5s2.5p3.(4S*).6p""","=""3P""","=""2""","=""5s2.5p3.(4S*).7s""","=""5S*""","=""2""",,
"=""328.780""","=""0.005""","=""328.7795+""","=""13""","=""""",,"=""152057.72""","=""182464.48""","=""5s2.5p3.(4S*).6p""","=""3P""","=""2""","=""5s2.5p3.(4S*).6d""","=""5D*""","=""3""",,
"=""328.791""","=""0.005""","=""328.7880+""","=""16""","=""""",,"=""168086.00""","=""198491.98""","=""5s2.5p3.(2D*).6p""","=""3P""","=""1""","=""5s2.5p3.(2D*).6d""","=""3P*""","=""2""",,
"=""328.854""","=""0.005""","=""328.8518+""","=""5""","=""""",,"=""170250.15""","=""200650.23""","=""5s2.5p3.(4S*).4f""","=""3F""","=""3""","=""5s2.5p3.(2D*).6d""","=""3D*""","=""3""",,
"=""329.594""","=""0.005""","=""329.5939+""","=""14""","=""""",,"=""136367.48""","=""166699.11""","=""5s2.5p3.(2P*).5d""","=""1D*""","=""2""","=""5s2.5p3.(2D*).6p""","=""3D""","=""3""",,
"=""330.154""","=""0.005""","=""330.1542+""","=""14""","=""""",,"=""152057.72""","=""182337.88""","=""5s2.5p3.(4S*).6p""","=""3P""","=""2""","=""5s2.5p3.(4S*).6d""","=""5D*""","=""2""",,
"=""330.405""","=""0.005""","=""330.4056+""","=""8""","=""""",,"=""147797.41""","=""178054.53""","=""5s2.5p3.(2D*).5d""","=""3S*""","=""1""","=""5s2.5p3.(2P*).6p""","=""3P""","=""0""",,
"=""330.646""","=""0.005""","=""330.6490+""","=""11a""","=""""",,"=""166374.06""","=""196608.91""","=""5s2.5p3.(4S*).4f""","=""5F""","=""3""","=""5s2.5p3.(2D*).6d""","=""3F*""","=""3""",,
"=""330.680""","=""0.005""","=""330.6810+""","=""11a""","=""""",,"=""147797.41""","=""178029.33""","=""5s2.5p3.(2D*).5d""","=""3S*""","=""1""","=""5s2.5p3.(2P*).6p""","=""3P""","=""1""",,
"=""331.220""","=""0.001""","=""331.2192+""","=""0bl""","=""""",,"=""166355.27""","=""196538.07""","=""5s2.5p3.(4S*).4f""","=""5F""","=""4""","=""5s2.5p3.(2D*).6d""","=""1G*""","=""4""",,
"=""331.426""","=""0.005""","=""331.4255+""","=""6""","=""""",,"=""166374.06""","=""196538.07""","=""5s2.5p3.(4S*).4f""","=""5F""","=""3""","=""5s2.5p3.(2D*).6d""","=""1G*""","=""4""",,
"=""331.487""","=""0.005""","=""331.4859+""","=""12""","=""""",,"=""147797.41""","=""177955.93""","=""5s2.5p3.(2D*).5d""","=""3S*""","=""1""","=""5s2.5p3.(2P*).6p""","=""3D""","=""2""",,
"=""331.745""","=""0.005""","=""331.7449+""","=""6""","=""""",,"=""121922.75""","=""152057.72""","=""5s2.5p3.(4S*).5d""","=""3D*""","=""1""","=""5s2.5p3.(4S*).6p""","=""3P""","=""2""",,
"=""331.955""","=""0.005""","=""331.9550+""","=""7""","=""""",,"=""153893.20""","=""184009.10""","=""5s2.5p3.(2P*).5d""","=""3D*""","=""2""","=""5s2.5p3.(2P*).6p""","=""1D""","=""2""",,
"=""332.007""","=""0.005""","=""332.0060+""","=""8*""","=""""",,"=""151482.43""","=""181593.70""","=""5s2.5p3.(2P*).6s""","=""3P*""","=""1""","=""5s2.5p3.(2D*).4f""","=""3F""","=""2""",,
"=""332.007""","=""0.005""","=""332.0064+""","=""8*""","=""""",,"=""173734.12""","=""203845.36""","=""5s2.5p3.(4S*).4f""","=""3F""","=""2""","=""5s2.5p3.(2D*).6d""","=""1F*""","=""3""",,
"=""332.639""","=""0.005""","=""332.6377+""","=""5""","=""""",,"=""166554.82""","=""196608.91""","=""5s2.5p3.(2D*).6p""","=""3F""","=""4""","=""5s2.5p3.(2D*).6d""","=""3F*""","=""3""",,
"=""333.165""","=""0.005""","=""333.1644+""","=""15a""","=""""",,"=""136367.48""","=""166374.06""","=""5s2.5p3.(2P*).5d""","=""1D*""","=""2""","=""5s2.5p3.(4S*).4f""","=""5F""","=""3""",,
"=""333.283""","=""0.001""","=""333.2759+""","=""5u""","=""""",,"=""166880.09""","=""196876.63""","=""5s2.5p3.(4S*).4f""","=""5F""","=""2""","=""5s2.5p3.(2D*).6d""","=""3D*""","=""1""",,
"=""333.423""","=""0.005""","=""333.4237+""","=""8""","=""""",,"=""166554.82""","=""196538.07""","=""5s2.5p3.(2D*).6p""","=""3F""","=""4""","=""5s2.5p3.(2D*).6d""","=""1G*""","=""4""",,
"=""333.624""","=""0.005""","=""333.6228+""","=""7""","=""""",,"=""165941.69""","=""195907.04""","=""5s2.5p3.(2D*).6p""","=""3P""","=""0""","=""5s2.5p3.(2D*).7s""","=""3D*""","=""1""",,
"=""333.899""","=""0.005""","=""333.8996+""","=""15a""","=""""",,"=""138145.49""","=""168086.00""","=""5s2.5p3.(2D*).6s""","=""3D*""","=""1""","=""5s2.5p3.(2D*).6p""","=""3P""","=""1""",,
"=""333.950""","=""0.005""","=""333.9505+""","=""12bl""","=""""",,"=""148370.13""","=""178306.08""","=""5s2.5p3.(2D*).5d""","=""3P*""","=""2""","=""5s2.5p3.(2D*).4f""","=""3G""","=""3""",,
"=""334.006""","=""0.005""","=""334.0055+""","=""13""","=""""",,"=""145300.13""","=""175231.15""","=""5s2.5p3.(2P*).5d""","=""3F*""","=""2""","=""5s2.5p3.(2P*).6p""","=""3D""","=""1""",,
"=""334.037""","=""0.005""","=""334.0370+""","=""14a""","=""""",,"=""156392.68""","=""186320.88""","=""5s2.5p3.(2P*).5d""","=""3D*""","=""3""","=""5s2.5p3.(2P*).6p""","=""3P""","=""2""",,
"=""334.067""","=""0.005""","=""334.0666+""","=""16a""","=""""",,"=""142064.27""","=""171989.82""","=""5s2.5p3.(2D*).5d""","=""3D*""","=""2""","=""5s2.5p3.(2D*).6p""","=""1D""","=""2""",,
"=""334.427""","=""0.005""","=""334.4276+""","=""4""","=""""",,"=""148412.84""","=""178306.08""","=""5s2.5p3.(2D*).5d""","=""1F*""","=""3""","=""5s2.5p3.(2D*).4f""","=""3G""","=""3""",,
"=""334.493""","=""0.005""","=""334.4925+""","=""7""","=""""",,"=""166374.06""","=""196261.50""","=""5s2.5p3.(4S*).4f""","=""5F""","=""3""","=""5s2.5p3.(2D*).6d""","=""3G*""","=""3""",,
"=""334.549""","=""0.005""","=""334.5419+""","=""2""","=""""",,"=""132711.78""","=""162594.81""","=""5s2.5p3.(2D*).5d""","=""1G*""","=""4""","=""5s2.5p3.(2D*).6p""","=""3F""","=""3""",,
"=""334.976""","=""0.005""","=""334.9769+""","=""12""","=""""",,"=""134667.42""","=""164511.65""","=""5s2.5p3.(2D*).6s""","=""3D*""","=""2""","=""5s2.5p3.(2D*).6p""","=""1P""","=""1""",,
"=""335.035""","=""0.005""","=""335.0360+""","=""6""","=""""",,"=""166699.11""","=""196538.07""","=""5s2.5p3.(2D*).6p""","=""3D""","=""3""","=""5s2.5p3.(2D*).6d""","=""1G*""","=""4""",,
"=""335.354""","=""0.005""","=""335.3580+""","=""4""","=""""",,"=""167066.32""","=""196876.63""","=""5s2.5p3.(2D*).6p""","=""3P""","=""2""","=""5s2.5p3.(2D*).6d""","=""3D*""","=""1""",,
"=""335.799""","=""0.005""","=""335.7984+""","=""15""","=""""",,"=""134667.42""","=""164438.64""","=""5s2.5p3.(2D*).6s""","=""3D*""","=""2""","=""5s2.5p3.(2D*).6p""","=""1F""","=""3""",,
"=""335.850""","=""0.005""","=""335.8474+""","=""3""","=""""",,"=""166374.06""","=""196140.93""","=""5s2.5p3.(4S*).4f""","=""5F""","=""3""","=""5s2.5p3.(2D*).7s""","=""3D*""","=""2""",,
"=""336.100""","=""0.001""","=""336.1153+""","=""1""","=""""",,"=""152808.17""","=""182551.32""","=""5s2.5p3.(4S*).6p""","=""3P""","=""0""","=""5s2.5p3.(4S*).6d""","=""5D*""","=""1""",,
"=""336.277""","=""0.005""","=""336.2773+""","=""8""","=""""",,"=""166880.09""","=""196608.91""","=""5s2.5p3.(4S*).4f""","=""5F""","=""2""","=""5s2.5p3.(2D*).6d""","=""3F*""","=""3""",,
"=""336.350""","=""0.005""","=""336.3506+""","=""2""","=""""",,"=""117240.08""","=""146962.42""","=""5s2.5p3.(4S*).5d""","=""3D*""","=""2""","=""5s2.5p3.(4S*).6p""","=""5P""","=""2""",,
"=""336.532""","=""0.005""","=""336.5279+""","=""3""","=""""",,"=""166554.82""","=""196261.50""","=""5s2.5p3.(2D*).6p""","=""3F""","=""4""","=""5s2.5p3.(2D*).6d""","=""3G*""","=""3""",,
"=""336.570""","=""0.005""","=""336.5686+""","=""3""","=""""",,"=""167173.54""","=""196876.63""","=""5s2.5p3.(4S*).4f""","=""5F""","=""1""","=""5s2.5p3.(2D*).6d""","=""3D*""","=""1""",,
"=""337.065""","=""0.005""","=""337.0667+""","=""9""","=""""",,"=""148370.13""","=""178029.33""","=""5s2.5p3.(2D*).5d""","=""3P*""","=""2""","=""5s2.5p3.(2P*).6p""","=""3P""","=""1""",,
"=""337.698""","=""0.005""","=""337.6997+""","=""3""","=""""",,"=""166374.06""","=""195977.67""","=""5s2.5p3.(4S*).4f""","=""5F""","=""3""","=""5s2.5p3.(2D*).6d""","=""3F*""","=""2""",,
"=""337.903""","=""0.005""","=""337.9030+""","=""9""","=""""",,"=""148370.13""","=""177955.93""","=""5s2.5p3.(2D*).5d""","=""3P*""","=""2""","=""5s2.5p3.(2P*).6p""","=""3D""","=""2""",,
"=""338.164""","=""0.005""","=""338.1705+""","=""4""","=""""",,"=""166699.11""","=""196261.50""","=""5s2.5p3.(2D*).6p""","=""3D""","=""3""","=""5s2.5p3.(2D*).6d""","=""3G*""","=""3""",,
"=""338.392""","=""0.005""","=""338.3915+""","=""10*""","=""""",,"=""148412.84""","=""177955.93""","=""5s2.5p3.(2D*).5d""","=""1F*""","=""3""","=""5s2.5p3.(2P*).6p""","=""3D""","=""2""",,
"=""338.392""","=""0.005""","=""338.3972+""","=""10*""","=""""",,"=""167066.32""","=""196608.91""","=""5s2.5p3.(2D*).6p""","=""3P""","=""2""","=""5s2.5p3.(2D*).6d""","=""3F*""","=""3""",,
"=""338.410""","=""0.005""","=""338.4108+""","=""12bl""","=""""",,"=""117240.08""","=""146781.48""","=""5s2.5p3.(4S*).5d""","=""3D*""","=""2""","=""5s2.5p3.(4S*).6p""","=""5P""","=""1""",,
"=""338.623""","=""0.005""","=""338.6289+""","=""4""","=""""",,"=""171989.82""","=""201512.20""","=""5s2.5p3.(2D*).6p""","=""1D""","=""2""","=""5s2.5p3.(2D*).6d""","=""3D*""","=""2""",,
"=""339.064""","=""0.005""","=""339.0644+""","=""10""","=""""",,"=""158928.10""","=""188412.56""","=""5s2.5p3.(2P*).6s""","=""3P*""","=""2""","=""5s2.5p3.(2D*).4f""","=""3P""","=""2""",,
"=""339.258""","=""0.005""","=""339.2571+""","=""3""","=""""",,"=""162957.50""","=""192425.21""","=""5s2.5p3.(2P*).5d""","=""1F*""","=""3""","=""5s2.5p3.(2D*).4f""","=""1G""","=""4""",,
"=""339.553""","=""0.005""","=""339.5555+""","=""2bl""","=""""",,"=""166699.11""","=""196140.93""","=""5s2.5p3.(2D*).6p""","=""3D""","=""3""","=""5s2.5p3.(2D*).7s""","=""3D*""","=""2""",,
"=""339.987""","=""0.005""","=""339.9883+""","=""7""","=""""",,"=""159388.18""","=""188792.52""","=""5s2.5p3.(2P*).6s""","=""1P*""","=""1""","=""5s2.5p3.(2D*).4f""","=""3D""","=""1""",,
"=""340.391""","=""0.005""","=""340.3889+""","=""8""","=""""",,"=""154639.37""","=""184009.10""","=""5s2.5p3.(2D*).5d""","=""3P*""","=""1""","=""5s2.5p3.(2P*).6p""","=""1D""","=""2""",,
"=""341.454""","=""0.005""","=""341.4489+""","=""2""","=""""",,"=""166699.11""","=""195977.67""","=""5s2.5p3.(2D*).6p""","=""3D""","=""3""","=""5s2.5p3.(2D*).6d""","=""3F*""","=""2""",,
"=""343.574""","=""0.005""","=""343.5727+""","=""8""","=""""",,"=""166880.09""","=""195977.67""","=""5s2.5p3.(4S*).4f""","=""5F""","=""2""","=""5s2.5p3.(2D*).6d""","=""3F*""","=""2""",,
"=""344.424""","=""0.005""","=""344.4205+""","=""20a""","=""""",,"=""133234.01""","=""162259.97""","=""5s2.5p3.(2D*).5d""","=""3D*""","=""1""","=""5s2.5p3.(2D*).6p""","=""3D""","=""2""",,
"=""344.439""","=""0.005""","=""344.4392+""","=""15a""","=""""",,"=""159388.18""","=""188412.56""","=""5s2.5p3.(2P*).6s""","=""1P*""","=""1""","=""5s2.5p3.(2D*).4f""","=""3P""","=""2""",,
"=""345.123""","=""0.005""","=""345.1133+""","=""11""","=""""",,"=""160733.77""","=""189701.46""","=""5s2.5p3.(2D*).5d""","=""3P*""","=""0""","=""5s2.5p3.(2D*).4f""","=""3P""","=""1""",,
"=""345.427""","=""0.005""","=""345.4242+""","=""16""","=""""",,"=""143048.20""","=""171989.82""","=""5s2.5p3.(2D*).6s""","=""1D*""","=""2""","=""5s2.5p3.(2D*).6p""","=""1D""","=""2""",,
"=""346.722""","=""0.005""","=""346.7185+""","=""15""","=""""",,"=""143156.24""","=""171989.82""","=""5s2.5p3.(2D*).5d""","=""3D*""","=""3""","=""5s2.5p3.(2D*).6p""","=""1D""","=""2""",,
"=""346.822""","=""0.005""","=""346.8198+""","=""14""","=""""",,"=""121475.94""","=""150301.10""","=""5s2.5p3.(4S*).6s""","=""5S*""","=""2""","=""5s2.5p3.(4S*).6p""","=""3P""","=""1""",,
"=""347.235""","=""0.005""","=""347.2358+""","=""10""","=""""",,"=""168086.00""","=""196876.63""","=""5s2.5p3.(2D*).6p""","=""3P""","=""1""","=""5s2.5p3.(2D*).6d""","=""3D*""","=""1""",,
"=""347.914""","=""0.005""","=""347.9129+""","=""4""","=""""",,"=""138145.49""","=""166880.09""","=""5s2.5p3.(2D*).6s""","=""3D*""","=""1""","=""5s2.5p3.(4S*).4f""","=""5F""","=""2""",,
"=""348.813""","=""0.005""","=""348.8135+""","=""6""","=""""",,"=""171989.82""","=""200650.23""","=""5s2.5p3.(2D*).6p""","=""1D""","=""2""","=""5s2.5p3.(2D*).6d""","=""3D*""","=""3""",,
"=""349.451""","=""0.005""","=""349.4501+""","=""8""","=""""",,"=""155400.90""","=""184009.10""","=""5s2.5p3.(2P*).5d""","=""3D*""","=""1""","=""5s2.5p3.(2P*).6p""","=""1D""","=""2""",,
"=""349.482""","=""0.005""","=""349.4817+""","=""4""","=""""",,"=""145340.91""","=""173946.53""","=""5s2.5p3.(2P*).5d""","=""3F*""","=""3""","=""5s2.5p3.(4S*).4f""","=""3F""","=""4""",,
"=""350.165""","=""0.005""","=""350.1639+""","=""11""","=""""",,"=""171989.82""","=""200539.71""","=""5s2.5p3.(2D*).6p""","=""1D""","=""2""","=""5s2.5p3.(2D*).7s""","=""1D*""","=""2""",,
"=""350.977""","=""0.005""","=""350.9762+""","=""13bl""","=""""",,"=""153893.20""","=""182377.01""","=""5s2.5p3.(2P*).5d""","=""3D*""","=""2""","=""5s2.5p3.(2D*).4f""","=""3D""","=""3""",,
"=""351.911""","=""0.005""","=""351.9114+""","=""11""","=""""",,"=""138658.20""","=""167066.32""","=""5s2.5p3.(2D*).6s""","=""3D*""","=""3""","=""5s2.5p3.(2D*).6p""","=""3P""","=""2""",,
"=""352.280""","=""0.005""","=""352.2806+""","=""16""","=""""",,"=""121922.75""","=""150301.10""","=""5s2.5p3.(4S*).5d""","=""3D*""","=""1""","=""5s2.5p3.(4S*).6p""","=""3P""","=""1""",,
"=""353.162""","=""0.005""","=""353.1617+""","=""3""","=""""",,"=""175052.36""","=""203359.91""","=""5s2.5p3.(2P*).5d""","=""1P*""","=""1""","=""5s2.5p3.(2P*).4f""","=""3D""","=""2""",,
"=""353.182""","=""0.005""","=""353.1789+""","=""7""","=""""",,"=""182551.32""","=""210857.49""","=""5s2.5p3.(4S*).6d""","=""5D*""","=""1""","=""5p6""","=""1S""","=""0""",,
"=""353.994""","=""0.005""","=""353.9947+""","=""12""","=""""",,"=""153893.20""","=""182134.14""","=""5s2.5p3.(2P*).5d""","=""3D*""","=""2""","=""5s2.5p3.(2P*).6p""","=""3S""","=""1""",,
"=""354.235""","=""0.005""","=""354.2337+""","=""20""","=""""",,"=""138658.20""","=""166880.09""","=""5s2.5p3.(2D*).6s""","=""3D*""","=""3""","=""5s2.5p3.(4S*).4f""","=""5F""","=""2""",,
"=""354.486""","=""0.005""","=""354.4864+""","=""10""","=""""",,"=""156392.68""","=""184594.45""","=""5s2.5p3.(2P*).5d""","=""3D*""","=""3""","=""5s2.5p3.(2P*).6p""","=""3D""","=""3""",,
"=""354.688""","=""0.005""","=""354.6862+""","=""5""","=""""",,"=""142064.27""","=""170250.15""","=""5s2.5p3.(2D*).5d""","=""3D*""","=""2""","=""5s2.5p3.(4S*).4f""","=""3F""","=""3""",,
"=""355.212""","=""0.005""","=""355.2119+""","=""18""","=""""",,"=""136367.48""","=""164511.65""","=""5s2.5p3.(2P*).5d""","=""1D*""","=""2""","=""5s2.5p3.(2D*).6p""","=""1P""","=""1""",,
"=""356.123""","=""0.005""","=""356.1245+""","=""10""","=""""",,"=""155400.90""","=""183472.95""","=""5s2.5p3.(2P*).5d""","=""3D*""","=""1""","=""5s2.5p3.(2D*).4f""","=""1P""","=""1""",,
"=""356.137""","=""0.005""","=""356.1358+""","=""14""","=""""",,"=""136367.48""","=""164438.64""","=""5s2.5p3.(2P*).5d""","=""1D*""","=""2""","=""5s2.5p3.(2D*).6p""","=""1F""","=""3""",,
"=""356.222""","=""0.005""","=""356.2225+""","=""14""","=""""",,"=""158928.10""","=""186992.43""","=""5s2.5p3.(2P*).6s""","=""3P*""","=""2""","=""5s2.5p3.(2D*).4f""","=""3D""","=""2""",,
"=""356.299""","=""0.005""","=""356.2933+""","=""10""","=""""",,"=""160733.77""","=""188792.52""","=""5s2.5p3.(2D*).5d""","=""3P*""","=""0""","=""5s2.5p3.(2D*).4f""","=""3D""","=""1""",,
"=""356.486""","=""0.005""","=""356.4854+""","=""4""","=""""",,"=""171989.82""","=""200033.45""","=""5s2.5p3.(2D*).6p""","=""1D""","=""2""","=""5s2.5p3.(2D*).7s""","=""3D*""","=""3""",,
"=""356.519""","=""0.005""","=""356.5200+""","=""17""","=""""",,"=""138658.20""","=""166699.11""","=""5s2.5p3.(2D*).6s""","=""3D*""","=""3""","=""5s2.5p3.(2D*).6p""","=""3D""","=""3""",,
"=""356.863""","=""0.005""","=""356.8613+""","=""2""","=""""",,"=""161809.98""","=""189824.07""","=""5s2.5p3.(2D*).5d""","=""1D*""","=""2""","=""5s2.5p3.(2D*).4f""","=""1D""","=""2""",,
"=""357.440""","=""0.005""","=""357.4372+""","=""5""","=""""",,"=""161809.98""","=""189778.94""","=""5s2.5p3.(2D*).5d""","=""1D*""","=""2""","=""5s2.5p3.(2D*).4f""","=""1F""","=""3""",,
"=""357.854""","=""0.005""","=""357.8539+""","=""6bl""","=""""",,"=""119026.03""","=""146962.42""","=""5s2.5p3.(2D*).5d""","=""1P*""","=""1""","=""5s2.5p3.(4S*).6p""","=""5P""","=""2""",,
"=""357.970""","=""0.005""","=""357.9692+""","=""25""","=""""",,"=""134667.42""","=""162594.81""","=""5s2.5p3.(2D*).6s""","=""3D*""","=""2""","=""5s2.5p3.(2D*).6p""","=""3F""","=""3""",,
"=""358.365""","=""0.005""","=""358.3641+""","=""25""","=""""",,"=""138658.20""","=""166554.82""","=""5s2.5p3.(2D*).6s""","=""3D*""","=""3""","=""5s2.5p3.(2D*).6p""","=""3F""","=""4""",,
"=""358.427""","=""0.005""","=""358.4277+""","=""5*""","=""""",,"=""168086.00""","=""195977.67""","=""5s2.5p3.(2D*).6p""","=""3P""","=""1""","=""5s2.5p3.(2D*).6d""","=""3F*""","=""2""",,
"=""358.427""","=""0.005""","=""358.4301+""","=""5*""","=""""",,"=""161809.98""","=""189701.46""","=""5s2.5p3.(2D*).5d""","=""1D*""","=""2""","=""5s2.5p3.(2D*).4f""","=""3P""","=""1""",,
"=""359.198""","=""0.005""","=""359.1963+""","=""8""","=""""",,"=""121229.58""","=""149061.57""","=""5s2.5p3.(4S*).5d""","=""3D*""","=""3""","=""5s2.5p3.(4S*).6p""","=""5P""","=""3""",,
"=""359.338""","=""0.005""","=""359.3377+""","=""5""","=""""",,"=""168086.00""","=""195907.04""","=""5s2.5p3.(2D*).6p""","=""3P""","=""1""","=""5s2.5p3.(2D*).7s""","=""3D*""","=""1""",,
"=""359.659""","=""0.005""","=""359.6588+""","=""17""","=""""",,"=""138145.49""","=""165941.69""","=""5s2.5p3.(2D*).6s""","=""3D*""","=""1""","=""5s2.5p3.(2D*).6p""","=""3P""","=""0""",,
"=""360.187""","=""0.005""","=""360.1868+""","=""12""","=""""",,"=""119026.03""","=""146781.48""","=""5s2.5p3.(2D*).5d""","=""1P*""","=""1""","=""5s2.5p3.(4S*).6p""","=""5P""","=""1""",,
"=""360.702""","=""0.005""","=""360.7014+""","=""22a""","=""""",,"=""138658.20""","=""166374.06""","=""5s2.5p3.(2D*).6s""","=""3D*""","=""3""","=""5s2.5p3.(4S*).4f""","=""5F""","=""3""",,
"=""360.907""","=""0.005""","=""360.9014+""","=""8h""","=""""",,"=""153893.20""","=""181593.70""","=""5s2.5p3.(2P*).5d""","=""3D*""","=""2""","=""5s2.5p3.(2D*).4f""","=""3F""","=""2""",,
"=""360.946""","=""0.005""","=""360.9461+""","=""22a""","=""""",,"=""138658.20""","=""166355.27""","=""5s2.5p3.(2D*).6s""","=""3D*""","=""3""","=""5s2.5p3.(4S*).4f""","=""5F""","=""4""",,
"=""361.097""","=""0.005""","=""361.0883+""","=""0""","=""""",,"=""158928.10""","=""186614.26""","=""5s2.5p3.(2P*).6s""","=""3P*""","=""2""","=""5s2.5p3.(2D*).4f""","=""3F""","=""3""",,
"=""361.586""","=""0.005""","=""361.5840+""","=""10""","=""""",,"=""140437.79""","=""168086.00""","=""5s2.5p3.(2P*).5d""","=""3P*""","=""0""","=""5s2.5p3.(2D*).6p""","=""3P""","=""1""",,
"=""361.886""","=""0.005""","=""361.8866+""","=""8""","=""""",,"=""150404.24""","=""178029.33""","=""5s2.5p3.(2P*).5d""","=""3P*""","=""2""","=""5s2.5p3.(2P*).6p""","=""3P""","=""1""",,
"=""362.000""","=""0.005""","=""362.0002+""","=""11""","=""""",,"=""156392.68""","=""184009.10""","=""5s2.5p3.(2P*).5d""","=""3D*""","=""3""","=""5s2.5p3.(2P*).6p""","=""1D""","=""2""",,
"=""362.159""","=""0.005""","=""362.1598+""","=""4""","=""""",,"=""159388.18""","=""186992.43""","=""5s2.5p3.(2P*).6s""","=""1P*""","=""1""","=""5s2.5p3.(2D*).4f""","=""3D""","=""2""",,
"=""362.313""","=""0.005""","=""362.3134+""","=""21a""","=""""",,"=""134667.42""","=""162259.97""","=""5s2.5p3.(2D*).6s""","=""3D*""","=""2""","=""5s2.5p3.(2D*).6p""","=""3D""","=""2""",,
"=""362.406""","=""0.005""","=""362.4043+""","=""25""","=""""",,"=""121475.94""","=""149061.57""","=""5s2.5p3.(4S*).6s""","=""5S*""","=""2""","=""5s2.5p3.(4S*).6p""","=""5P""","=""3""",,
"=""362.852""","=""0.005""","=""362.8507+""","=""8""","=""""",,"=""150404.24""","=""177955.93""","=""5s2.5p3.(2P*).5d""","=""3P*""","=""2""","=""5s2.5p3.(2P*).6p""","=""3D""","=""2""",,
"=""363.214""","=""0.005""","=""363.2155+""","=""15""","=""""",,"=""150505.31""","=""178029.33""","=""5s2.5p3.(2P*).6s""","=""3P*""","=""0""","=""5s2.5p3.(2P*).6p""","=""3P""","=""1""",,
"=""363.602""","=""0.005""","=""363.6019+""","=""11""","=""""",,"=""154639.37""","=""182134.14""","=""5s2.5p3.(2D*).5d""","=""3P*""","=""1""","=""5s2.5p3.(2P*).6p""","=""3S""","=""1""",,
"=""364.099""","=""0.005""","=""364.0982+""","=""15""","=""""",,"=""133234.01""","=""160691.30""","=""5s2.5p3.(2D*).5d""","=""3D*""","=""1""","=""5s2.5p3.(2D*).6p""","=""3F""","=""2""",,
"=""364.414""","=""0.005""","=""364.4108+""","=""10""","=""""",,"=""147797.41""","=""175231.15""","=""5s2.5p3.(2D*).5d""","=""3S*""","=""1""","=""5s2.5p3.(2P*).6p""","=""3D""","=""1""",,
"=""364.957""","=""0.005""","=""364.9557+""","=""13""","=""""",,"=""158928.10""","=""186320.88""","=""5s2.5p3.(2P*).6s""","=""3P*""","=""2""","=""5s2.5p3.(2P*).6p""","=""3P""","=""2""",,
"=""365.309""","=""0.005""","=""365.3077+""","=""8""","=""""",,"=""124691.33""","=""152057.72""","=""5s2.5p3.(2D*).5d""","=""3F*""","=""2""","=""5s2.5p3.(4S*).6p""","=""3P""","=""2""",,
"=""365.461""","=""0.005""","=""365.4588+""","=""16""","=""""",,"=""140730.93""","=""168086.00""","=""5s2.5p3.(2P*).5d""","=""3P*""","=""1""","=""5s2.5p3.(2D*).6p""","=""3P""","=""1""",,
"=""367.517""","=""0.005""","=""367.5161+""","=""2""","=""""",,"=""143048.20""","=""170250.15""","=""5s2.5p3.(2D*).6s""","=""1D*""","=""2""","=""5s2.5p3.(4S*).4f""","=""3F""","=""3""",,
"=""367.663""","=""0.005""","=""367.6626+""","=""23""","=""""",,"=""125617.06""","=""152808.17""","=""5s2.5p3.(4S*).6s""","=""3S*""","=""1""","=""5s2.5p3.(4S*).6p""","=""3P""","=""0""",,
"=""368.704""","=""0.005""","=""368.7041+""","=""3""","=""""",,"=""171989.82""","=""199104.12""","=""5s2.5p3.(2D*).6p""","=""1D""","=""2""","=""5s2.5p3.(2D*).6d""","=""3S*""","=""1""",,
"=""368.983""","=""0.005""","=""368.9816+""","=""6""","=""""",,"=""143156.24""","=""170250.15""","=""5s2.5p3.(2D*).5d""","=""3D*""","=""3""","=""5s2.5p3.(4S*).4f""","=""3F""","=""3""",,
"=""370.763""","=""0.005""","=""370.7627+""","=""1""","=""""",,"=""163527.40""","=""190491.16""","=""5s.5p5""","=""1P*""","=""1""","=""5s2.5p3.(2P*).6p""","=""1S""","=""0""",,
"=""370.815""","=""0.005""","=""370.8153+""","=""10""","=""""",,"=""158928.10""","=""185888.03""","=""5s2.5p3.(2P*).6s""","=""3P*""","=""2""","=""5s2.5p3.(2P*).6p""","=""1P""","=""1""",,
"=""370.894""","=""0.005""","=""370.8924+""","=""8""","=""""",,"=""154639.37""","=""181593.70""","=""5s2.5p3.(2D*).5d""","=""3P*""","=""1""","=""5s2.5p3.(2D*).4f""","=""3F""","=""2""",,
"=""371.191""","=""0.005""","=""371.1903+""","=""10""","=""""",,"=""159388.18""","=""186320.88""","=""5s2.5p3.(2P*).6s""","=""1P*""","=""1""","=""5s2.5p3.(2P*).6p""","=""3P""","=""2""",,
"=""372.103""","=""0.005""","=""372.1039+""","=""1""","=""""",,"=""162957.50""","=""189824.07""","=""5s2.5p3.(2P*).5d""","=""1F*""","=""3""","=""5s2.5p3.(2D*).4f""","=""1D""","=""2""",,
"=""372.182""","=""0.005""","=""372.1808+""","=""1""","=""""",,"=""148370.13""","=""175231.15""","=""5s2.5p3.(2D*).5d""","=""3P*""","=""2""","=""5s2.5p3.(2P*).6p""","=""3D""","=""1""",,
"=""372.891""","=""0.005""","=""372.8865+""","=""5bl""","=""""",,"=""184009.10""","=""210819.29""","=""5s2.5p3.(2P*).6p""","=""1D""","=""2""","=""5s2.5p3.(2P*).6d""","=""3D*""","=""1""",,
"=""373.960""","=""0.005""","=""373.9598+""","=""2""","=""""",,"=""155400.90""","=""182134.14""","=""5s2.5p3.(2P*).5d""","=""3D*""","=""1""","=""5s2.5p3.(2P*).6p""","=""3S""","=""1""",,
"=""374.374""","=""0.005""","=""374.3735+""","=""2""","=""""",,"=""173946.53""","=""200650.23""","=""5s2.5p3.(4S*).4f""","=""3F""","=""4""","=""5s2.5p3.(2D*).6d""","=""3D*""","=""3""",,
"=""374.571""","=""0.005""","=""374.5700+""","=""18""","=""""",,"=""145300.13""","=""171989.82""","=""5s2.5p3.(2P*).5d""","=""3F*""","=""2""","=""5s2.5p3.(2D*).6p""","=""1D""","=""2""",,
"=""375.144""","=""0.005""","=""375.1432+""","=""3""","=""""",,"=""145340.91""","=""171989.82""","=""5s2.5p3.(2P*).5d""","=""3F*""","=""3""","=""5s2.5p3.(2D*).6p""","=""1D""","=""2""",,
"=""375.798""","=""0.005""","=""375.7966+""","=""5""","=""""",,"=""161809.98""","=""188412.56""","=""5s2.5p3.(2D*).5d""","=""1D*""","=""2""","=""5s2.5p3.(2D*).4f""","=""3P""","=""2""",,
"=""376.228""","=""0.005""","=""376.2277+""","=""19""","=""""",,"=""151482.43""","=""178054.53""","=""5s2.5p3.(2P*).6s""","=""3P*""","=""1""","=""5s2.5p3.(2P*).6p""","=""3P""","=""0""",,
"=""376.585""","=""0.005""","=""376.5848+""","=""14""","=""""",,"=""151482.43""","=""178029.33""","=""5s2.5p3.(2P*).6s""","=""3P*""","=""1""","=""5s2.5p3.(2P*).6p""","=""3P""","=""1""",,
"=""376.893""","=""0.005""","=""376.8915+""","=""12""","=""""",,"=""173946.53""","=""200471.83""","=""5s2.5p3.(4S*).4f""","=""3F""","=""4""","=""5s2.5p3.(2D*).6d""","=""3G*""","=""5""",,
"=""377.225""","=""0.005""","=""377.2206+""","=""1""","=""""",,"=""171989.82""","=""198491.98""","=""5s2.5p3.(2D*).6p""","=""1D""","=""2""","=""5s2.5p3.(2D*).6d""","=""3P*""","=""2""",,
"=""377.253""","=""0.005""","=""377.2535+""","=""15""","=""""",,"=""159388.18""","=""185888.03""","=""5s2.5p3.(2P*).6s""","=""1P*""","=""1""","=""5s2.5p3.(2P*).6p""","=""1P""","=""1""",,
"=""377.549""","=""0.005""","=""377.5484+""","=""2bl""","=""""",,"=""173946.53""","=""200425.68""","=""5s2.5p3.(4S*).4f""","=""3F""","=""4""","=""5s2.5p3.(2D*).6d""","=""3F*""","=""4""",,
"=""377.632""","=""0.005""","=""377.6290+""","=""24""","=""""",,"=""151482.43""","=""177955.93""","=""5s2.5p3.(2P*).6s""","=""3P*""","=""1""","=""5s2.5p3.(2P*).6p""","=""3D""","=""2""",,
"=""378.100""","=""0.005""","=""378.0980+""","=""28""","=""""",,"=""125617.06""","=""152057.72""","=""5s2.5p3.(4S*).6s""","=""3S*""","=""1""","=""5s2.5p3.(4S*).6p""","=""3P""","=""2""",,
"=""378.863""","=""0.001""","=""378.8622+""","=""0""","=""""",,"=""175231.15""","=""201618.48""","=""5s2.5p3.(2P*).6p""","=""3D""","=""1""","=""5s2.5p3.(2D*).6d""","=""3P*""","=""0""",,
"=""379.167""","=""0.005""","=""379.1664+""","=""15""","=""""",,"=""138145.49""","=""164511.65""","=""5s2.5p3.(2D*).6s""","=""3D*""","=""1""","=""5s2.5p3.(2D*).6p""","=""1P""","=""1""",,
"=""379.274""","=""0.005""","=""379.2728+""","=""2""","=""""",,"=""170250.15""","=""196608.91""","=""5s2.5p3.(4S*).4f""","=""3F""","=""3""","=""5s2.5p3.(2D*).6d""","=""3F*""","=""3""",,
"=""380.171""","=""0.005""","=""380.1684+""","=""8""","=""""",,"=""163527.40""","=""189824.07""","=""5s.5p5""","=""1P*""","=""1""","=""5s2.5p3.(2D*).4f""","=""1D""","=""2""",,
"=""380.298""","=""0.005""","=""380.2949+""","=""4w""","=""""",,"=""170250.15""","=""196538.07""","=""5s2.5p3.(4S*).4f""","=""3F""","=""3""","=""5s2.5p3.(2D*).6d""","=""1G*""","=""4""",,
"=""381.174""","=""0.005""","=""381.1735+""","=""3""","=""""",,"=""136367.48""","=""162594.81""","=""5s2.5p3.(2P*).5d""","=""1D*""","=""2""","=""5s2.5p3.(2D*).6p""","=""3F""","=""3""",,
"=""381.678""","=""0.005""","=""381.6760+""","=""7""","=""""",,"=""155400.90""","=""181593.70""","=""5s2.5p3.(2P*).5d""","=""3D*""","=""1""","=""5s2.5p3.(2D*).4f""","=""3F""","=""2""",,
"=""381.949""","=""0.005""","=""381.9493+""","=""2""","=""""",,"=""163527.40""","=""189701.46""","=""5s.5p5""","=""1P*""","=""1""","=""5s2.5p3.(2D*).4f""","=""3P""","=""1""",,
"=""382.315""","=""0.005""","=""382.3130+""","=""3""","=""""",,"=""140730.93""","=""166880.09""","=""5s2.5p3.(2P*).5d""","=""3P*""","=""1""","=""5s2.5p3.(4S*).4f""","=""5F""","=""2""",,
"=""382.971""","=""0.005""","=""382.9734+""","=""8""","=""""",,"=""173946.53""","=""200050.60""","=""5s2.5p3.(4S*).4f""","=""3F""","=""4""","=""5s2.5p3.(2D*).6d""","=""3G*""","=""4""",,
"=""384.153""","=""0.005""","=""384.1535+""","=""20""","=""""",,"=""134667.42""","=""160691.30""","=""5s2.5p3.(2D*).6s""","=""3D*""","=""2""","=""5s2.5p3.(2D*).6p""","=""3F""","=""2""",,
"=""384.187""","=""0.005""","=""384.1852+""","=""18""","=""""",,"=""142064.27""","=""168086.00""","=""5s2.5p3.(2D*).5d""","=""3D*""","=""2""","=""5s2.5p3.(2D*).6p""","=""3P""","=""1""",,
"=""384.740""","=""0.005""","=""384.7382+""","=""8""","=""""",,"=""156392.68""","=""182377.01""","=""5s2.5p3.(2P*).5d""","=""3D*""","=""3""","=""5s2.5p3.(2D*).4f""","=""3D""","=""3""",,
"=""385.428""","=""0.005""","=""385.4262+""","=""14""","=""""",,"=""126119.77""","=""152057.72""","=""5s2.5p3.(2D*).5d""","=""3F*""","=""3""","=""5s2.5p3.(4S*).6p""","=""3P""","=""2""",,
"=""386.019""","=""0.005""","=""386.0230+""","=""2""","=""""",,"=""160691.30""","=""186589.15""","=""5s2.5p3.(2D*).6p""","=""3F""","=""2""","=""5s2.5p3.(4S*).6d""","=""3D*""","=""1""",,
"=""386.104""","=""0.005""","=""386.1029+""","=""19""","=""""",,"=""136367.48""","=""162259.97""","=""5s2.5p3.(2P*).5d""","=""1D*""","=""2""","=""5s2.5p3.(2D*).6p""","=""3D""","=""2""",,
"=""386.151""","=""0.005""","=""386.1485+""","=""7""","=""""",,"=""177955.93""","=""203845.36""","=""5s2.5p3.(2P*).6p""","=""3D""","=""2""","=""5s2.5p3.(2D*).6d""","=""1F*""","=""3""",,
"=""387.782""","=""0.005""","=""387.7811+""","=""20""","=""""",,"=""138658.20""","=""164438.64""","=""5s2.5p3.(2D*).6s""","=""3D*""","=""3""","=""5s2.5p3.(2D*).6p""","=""1F""","=""3""",,
"=""388.046""","=""0.005""","=""388.0440+""","=""18""","=""""",,"=""133234.01""","=""158996.98""","=""5s2.5p3.(2D*).5d""","=""3D*""","=""1""","=""5s2.5p3.(2D*).6p""","=""3D""","=""1""",,
"=""388.499""","=""0.005""","=""388.4984+""","=""13""","=""""",,"=""121229.58""","=""146962.42""","=""5s2.5p3.(4S*).5d""","=""3D*""","=""3""","=""5s2.5p3.(4S*).6p""","=""5P""","=""2""",,
"=""389.098""","=""0.005""","=""389.1048+""","=""2""","=""""",,"=""160691.30""","=""186384.04""","=""5s2.5p3.(2D*).6p""","=""3F""","=""2""","=""5s2.5p3.(4S*).6d""","=""3D*""","=""3""",,
"=""389.505""","=""0.005""","=""389.5048+""","=""19""","=""""",,"=""158928.10""","=""184594.45""","=""5s2.5p3.(2P*).6s""","=""3P*""","=""2""","=""5s2.5p3.(2P*).6p""","=""3D""","=""3""",,
"=""390.367""","=""0.005""","=""390.3654+""","=""8""","=""""",,"=""124691.33""","=""150301.10""","=""5s2.5p3.(2D*).5d""","=""3F*""","=""2""","=""5s2.5p3.(4S*).6p""","=""3P""","=""1""",,
"=""391.531""","=""0.005""","=""391.5286+""","=""8""","=""""",,"=""148412.84""","=""173946.53""","=""5s2.5p3.(2D*).5d""","=""1F*""","=""3""","=""5s2.5p3.(4S*).4f""","=""3F""","=""4""",,
"=""392.255""","=""0.005""","=""392.2538+""","=""25""","=""""",,"=""121475.94""","=""146962.42""","=""5s2.5p3.(4S*).6s""","=""5S*""","=""2""","=""5s2.5p3.(4S*).6p""","=""5P""","=""2""",,
"=""393.281""","=""0.005""","=""393.2780+""","=""2""","=""""",,"=""177955.93""","=""203376.04""","=""5s2.5p3.(2P*).6p""","=""3D""","=""2""","=""5s2.5p3.(2D*).6d""","=""1D*""","=""2""",,
"=""394.150""","=""0.005""","=""394.1482+""","=""3""","=""""",,"=""148370.13""","=""173734.12""","=""5s2.5p3.(2D*).5d""","=""3P*""","=""2""","=""5s2.5p3.(4S*).4f""","=""3F""","=""2""",,
"=""395.012""","=""0.005""","=""395.0114+""","=""3""","=""""",,"=""175231.15""","=""200539.71""","=""5s2.5p3.(2P*).6p""","=""3D""","=""1""","=""5s2.5p3.(2D*).7s""","=""1D*""","=""2""",,
"=""395.059""","=""0.005""","=""395.0586+""","=""25""","=""""",,"=""121475.94""","=""146781.48""","=""5s2.5p3.(4S*).6s""","=""5S*""","=""2""","=""5s2.5p3.(4S*).6p""","=""5P""","=""1""",,
"=""396.545""","=""0.005""","=""396.5438+""","=""8""","=""""",,"=""140730.93""","=""165941.69""","=""5s2.5p3.(2P*).5d""","=""3P*""","=""1""","=""5s2.5p3.(2D*).6p""","=""3P""","=""0""",,
"=""396.991""","=""0.005""","=""396.9896+""","=""8""","=""""",,"=""161809.98""","=""186992.43""","=""5s2.5p3.(2D*).5d""","=""1D*""","=""2""","=""5s2.5p3.(2D*).4f""","=""3D""","=""2""",,
"=""398.596""","=""0.005""","=""398.5955+""","=""12""","=""""",,"=""158928.10""","=""184009.10""","=""5s2.5p3.(2P*).6s""","=""3P*""","=""2""","=""5s2.5p3.(2P*).6p""","=""1D""","=""2""",,
"=""399.254""","=""0.005""","=""399.2534+""","=""3""","=""""",,"=""121922.75""","=""146962.42""","=""5s2.5p3.(4S*).5d""","=""3D*""","=""1""","=""5s2.5p3.(4S*).6p""","=""5P""","=""2""",,
"=""399.285""","=""0.005""","=""399.2832+""","=""21""","=""""",,"=""143048.20""","=""168086.00""","=""5s2.5p3.(2D*).6s""","=""1D*""","=""2""","=""5s2.5p3.(2D*).6p""","=""3P""","=""1""",,
"=""399.855""","=""0.005""","=""399.8541+""","=""4""","=""""",,"=""142064.27""","=""167066.32""","=""5s2.5p3.(2D*).5d""","=""3D*""","=""2""","=""5s2.5p3.(2D*).6p""","=""3P""","=""2""",,
"=""402.160""","=""0.005""","=""402.1595+""","=""7""","=""""",,"=""121922.75""","=""146781.48""","=""5s2.5p3.(4S*).5d""","=""3D*""","=""1""","=""5s2.5p3.(4S*).6p""","=""5P""","=""1""",,
"=""402.682""","=""0.005""","=""402.6750+""","=""2""","=""""",,"=""150404.24""","=""175231.15""","=""5s2.5p3.(2P*).5d""","=""3P*""","=""2""","=""5s2.5p3.(2P*).6p""","=""3D""","=""1""",,
"=""402.856""","=""0.005""","=""402.8549+""","=""15""","=""""",,"=""142064.27""","=""166880.09""","=""5s2.5p3.(2D*).5d""","=""3D*""","=""2""","=""5s2.5p3.(4S*).4f""","=""5F""","=""2""",,
"=""403.046""","=""0.005""","=""403.0423+""","=""1""","=""""",,"=""161809.98""","=""186614.26""","=""5s2.5p3.(2D*).5d""","=""1D*""","=""2""","=""5s2.5p3.(2D*).4f""","=""3F""","=""3""",,
"=""403.291""","=""0.005""","=""403.2865+""","=""4a""","=""""",,"=""158996.98""","=""183786.24""","=""5s2.5p3.(2D*).6p""","=""3D""","=""1""","=""5s2.5p3.(4S*).7s""","=""3S*""","=""1""",,
"=""404.323""","=""0.005""","=""404.3210+""","=""14""","=""""",,"=""150505.31""","=""175231.15""","=""5s2.5p3.(2P*).6s""","=""3P*""","=""0""","=""5s2.5p3.(2P*).6p""","=""3D""","=""1""",,
"=""405.007""","=""0.005""","=""405.0057+""","=""22""","=""""",,"=""125617.06""","=""150301.10""","=""5s2.5p3.(4S*).6s""","=""3S*""","=""1""","=""5s2.5p3.(4S*).6p""","=""3P""","=""1""",,
"=""405.815""","=""0.005""","=""405.8145+""","=""5""","=""""",,"=""142064.27""","=""166699.11""","=""5s2.5p3.(2D*).5d""","=""3D*""","=""2""","=""5s2.5p3.(2D*).6p""","=""3D""","=""3""",,
"=""406.045""","=""0.005""","=""406.0440+""","=""25""","=""""",,"=""159388.18""","=""184009.10""","=""5s2.5p3.(2P*).6s""","=""1P*""","=""1""","=""5s2.5p3.(2P*).6p""","=""1D""","=""2""",,
"=""406.088""","=""0.005""","=""406.0742+""","=""2""","=""""",,"=""171989.82""","=""196608.91""","=""5s2.5p3.(2D*).6p""","=""1D""","=""2""","=""5s2.5p3.(2D*).6d""","=""3F*""","=""3""",,
"=""407.297""","=""0.005""","=""407.3024+""","=""7""","=""""",,"=""158928.10""","=""183472.95""","=""5s2.5p3.(2P*).6s""","=""3P*""","=""2""","=""5s2.5p3.(2D*).4f""","=""1P""","=""1""",,
"=""407.870""","=""0.005""","=""407.8666+""","=""21""","=""""",,"=""161809.98""","=""186320.88""","=""5s2.5p3.(2D*).5d""","=""1D*""","=""2""","=""5s2.5p3.(2P*).6p""","=""3P""","=""2""",,
"=""409.503""","=""0.005""","=""409.5043+""","=""5bl""","=""""",,"=""153893.20""","=""178306.08""","=""5s2.5p3.(2P*).5d""","=""3D*""","=""2""","=""5s2.5p3.(2D*).4f""","=""3G""","=""3""",,
"=""410.908""","=""0.005""","=""410.9067+""","=""20""","=""""",,"=""134667.42""","=""158996.98""","=""5s2.5p3.(2D*).6s""","=""3D*""","=""2""","=""5s2.5p3.(2D*).6p""","=""3D""","=""1""",,
"=""411.005""","=""0.005""","=""411.0037+""","=""12""","=""""",,"=""136367.48""","=""160691.30""","=""5s2.5p3.(2P*).5d""","=""1D*""","=""2""","=""5s2.5p3.(2D*).6p""","=""3F""","=""2""",,
"=""411.234""","=""0.005""","=""411.2409+""","=""1-""","=""""",,"=""142064.27""","=""166374.06""","=""5s2.5p3.(2D*).5d""","=""3D*""","=""2""","=""5s2.5p3.(4S*).4f""","=""5F""","=""3""",,
"=""413.240""","=""0.005""","=""413.2362+""","=""12""","=""""",,"=""147797.41""","=""171989.82""","=""5s2.5p3.(2D*).5d""","=""3S*""","=""1""","=""5s2.5p3.(2D*).6p""","=""1D""","=""2""",,
"=""414.199""","=""0.005""","=""414.1998+""","=""13bl""","=""""",,"=""153893.20""","=""178029.33""","=""5s2.5p3.(2P*).5d""","=""3D*""","=""2""","=""5s2.5p3.(2P*).6p""","=""3P""","=""1""",,
"=""414.392""","=""0.005""","=""414.3851+""","=""5""","=""""",,"=""143048.20""","=""167173.54""","=""5s2.5p3.(2D*).6s""","=""1D*""","=""2""","=""5s2.5p3.(4S*).4f""","=""5F""","=""1""",,
"=""414.574""","=""0.005""","=""414.5717+""","=""22a""","=""""",,"=""138145.49""","=""162259.97""","=""5s2.5p3.(2D*).6s""","=""3D*""","=""1""","=""5s2.5p3.(2D*).6p""","=""3D""","=""2""",,
"=""415.078""","=""0.005""","=""415.0831+""","=""3bl""","=""""",,"=""159388.18""","=""183472.95""","=""5s2.5p3.(2P*).6s""","=""1P*""","=""1""","=""5s2.5p3.(2D*).4f""","=""1P""","=""1""",,
"=""415.204""","=""0.005""","=""415.1989+""","=""8a""","=""""",,"=""161809.98""","=""185888.03""","=""5s2.5p3.(2D*).5d""","=""1D*""","=""2""","=""5s2.5p3.(2P*).6p""","=""1P""","=""1""",,
"=""415.274""","=""0.005""","=""415.2712+""","=""4bl""","=""""",,"=""140437.79""","=""164511.65""","=""5s2.5p3.(2P*).5d""","=""3P*""","=""0""","=""5s2.5p3.(2D*).6p""","=""1P""","=""1""",,
"=""415.466""","=""0.005""","=""415.4633+""","=""5bl""","=""""",,"=""153893.20""","=""177955.93""","=""5s2.5p3.(2P*).5d""","=""3D*""","=""2""","=""5s2.5p3.(2P*).6p""","=""3D""","=""2""",,
"=""416.237""","=""0.005""","=""416.2350+""","=""2""","=""""",,"=""143048.20""","=""167066.32""","=""5s2.5p3.(2D*).6s""","=""1D*""","=""2""","=""5s2.5p3.(2D*).6p""","=""3P""","=""2""",,
"=""416.760""","=""0.005""","=""416.7602+""","=""2""","=""""",,"=""171989.82""","=""195977.67""","=""5s2.5p3.(2D*).6p""","=""1D""","=""2""","=""5s2.5p3.(2D*).6d""","=""3F*""","=""2""",,
"=""417.653""","=""0.005""","=""417.6524+""","=""16""","=""""",,"=""138658.20""","=""162594.81""","=""5s2.5p3.(2D*).6s""","=""3D*""","=""3""","=""5s2.5p3.(2D*).6p""","=""3F""","=""3""",,
"=""418.115""","=""0.005""","=""418.1158+""","=""4""","=""""",,"=""143156.24""","=""167066.32""","=""5s2.5p3.(2D*).5d""","=""3D*""","=""3""","=""5s2.5p3.(2D*).6p""","=""3P""","=""2""",,
"=""419.487""","=""0.005""","=""419.4876+""","=""9""","=""""",,"=""143048.20""","=""166880.09""","=""5s2.5p3.(2D*).6s""","=""1D*""","=""2""","=""5s2.5p3.(4S*).4f""","=""5F""","=""2""",,
"=""420.239""","=""0.005""","=""420.2399+""","=""2a""","=""""",,"=""162594.81""","=""186384.04""","=""5s2.5p3.(2D*).6p""","=""3F""","=""3""","=""5s2.5p3.(4S*).6d""","=""3D*""","=""3""",,
"=""420.389""","=""0.005""","=""420.390+""","=""13""","=""""",,"=""140730.93""","=""164511.65""","=""5s2.5p3.(2P*).5d""","=""3P*""","=""1""","=""5s2.5p3.(2D*).6p""","=""1P""","=""1""",,
"=""420.958""","=""0.005""","=""420.957+""","=""14""","=""""",,"=""151482.43""","=""175231.15""","=""5s2.5p3.(2P*).6s""","=""3P*""","=""1""","=""5s2.5p3.(2P*).6p""","=""3D""","=""1""",,
"=""421.399""","=""0.005""","=""421.398+""","=""24""","=""""",,"=""143156.24""","=""166880.09""","=""5s2.5p3.(2D*).5d""","=""3D*""","=""3""","=""5s2.5p3.(4S*).4f""","=""5F""","=""2""",,
"=""421.671""","=""0.005""","=""421.670+""","=""10""","=""""",,"=""128349.15""","=""152057.72""","=""5s2.5p3.(2D*).5d""","=""3G*""","=""3""","=""5s2.5p3.(4S*).6p""","=""3P""","=""2""",,
"=""422.596""","=""0.005""","=""422.593+""","=""0""","=""""",,"=""162957.50""","=""186614.26""","=""5s2.5p3.(2P*).5d""","=""1F*""","=""3""","=""5s2.5p3.(2D*).4f""","=""3F""","=""3""",,
"=""422.697""","=""0.005""","=""422.698+""","=""13""","=""""",,"=""143048.20""","=""166699.11""","=""5s2.5p3.(2D*).6s""","=""1D*""","=""2""","=""5s2.5p3.(2D*).6p""","=""3D""","=""3""",,
"=""423.266""","=""0.005""","=""423.256+""","=""1-""","=""""",,"=""148370.13""","=""171989.82""","=""5s2.5p3.(2D*).5d""","=""3P*""","=""2""","=""5s2.5p3.(2D*).6p""","=""1D""","=""2""",,
"=""423.576""","=""0.005""","=""423.578+""","=""2a""","=""""",,"=""138658.20""","=""162259.97""","=""5s2.5p3.(2D*).6s""","=""3D*""","=""3""","=""5s2.5p3.(2D*).6p""","=""3D""","=""2""",,
"=""424.024""","=""0.005""","=""424.023+""","=""16""","=""""",,"=""148412.84""","=""171989.82""","=""5s2.5p3.(2D*).5d""","=""1F*""","=""3""","=""5s2.5p3.(2D*).6p""","=""1D""","=""2""",,
"=""424.638""","=""0.005""","=""424.637+""","=""2""","=""""",,"=""143156.24""","=""166699.11""","=""5s2.5p3.(2D*).5d""","=""3D*""","=""3""","=""5s2.5p3.(2D*).6p""","=""3D""","=""3""",,
"=""426.340""","=""0.005""","=""426.339+""","=""12""","=""""",,"=""158928.10""","=""182377.01""","=""5s2.5p3.(2P*).6s""","=""3P*""","=""2""","=""5s2.5p3.(2D*).4f""","=""3D""","=""3""",,
"=""427.258""","=""0.005""","=""427.256+""","=""17""","=""""",,"=""143156.24""","=""166554.82""","=""5s2.5p3.(2D*).5d""","=""3D*""","=""3""","=""5s2.5p3.(2D*).6p""","=""3F""","=""4""",,
"=""427.414""","=""0.005""","=""427.414+""","=""4""","=""""",,"=""154639.37""","=""178029.33""","=""5s2.5p3.(2D*).5d""","=""3P*""","=""1""","=""5s2.5p3.(2P*).6p""","=""3P""","=""1""",,
"=""427.891""","=""0.005""","=""427.900+""","=""4""","=""""",,"=""162957.50""","=""186320.88""","=""5s2.5p3.(2P*).5d""","=""1F*""","=""3""","=""5s2.5p3.(2P*).6p""","=""3P""","=""2""",,
"=""428.589""","=""0.005""","=""428.588+""","=""20""","=""""",,"=""143048.20""","=""166374.06""","=""5s2.5p3.(2D*).6s""","=""1D*""","=""2""","=""5s2.5p3.(4S*).4f""","=""5F""","=""3""",,
"=""428.758""","=""0.005""","=""428.759+""","=""5a""","=""""",,"=""154639.37""","=""177955.93""","=""5s2.5p3.(2D*).5d""","=""3P*""","=""1""","=""5s2.5p3.(2P*).6p""","=""3D""","=""2""",,
"=""429.796""","=""0.005""","=""429.786+""","=""1a""","=""""",,"=""175231.15""","=""198491.98""","=""5s2.5p3.(2P*).6p""","=""3D""","=""1""","=""5s2.5p3.(2D*).6d""","=""3P*""","=""2""",,
"=""430.583""","=""0.005""","=""430.583+""","=""1a""","=""""",,"=""143156.24""","=""166374.06""","=""5s2.5p3.(2D*).5d""","=""3D*""","=""3""","=""5s2.5p3.(4S*).4f""","=""5F""","=""3""",,
"=""430.801""","=""0.005""","=""430.801+""","=""6""","=""""",,"=""158928.10""","=""182134.14""","=""5s2.5p3.(2P*).6s""","=""3P*""","=""2""","=""5s2.5p3.(2P*).6p""","=""3S""","=""1""",,
"=""430.932""","=""0.005""","=""430.931+""","=""7""","=""""",,"=""143156.24""","=""166355.27""","=""5s2.5p3.(2D*).5d""","=""3D*""","=""3""","=""5s2.5p3.(4S*).4f""","=""5F""","=""4""",,
"=""431.985""","=""0.005""","=""431.984+""","=""2""","=""""",,"=""173734.12""","=""196876.63""","=""5s2.5p3.(4S*).4f""","=""3F""","=""2""","=""5s2.5p3.(2D*).6d""","=""3D*""","=""1""",,
"=""435.763""","=""0.005""","=""435.763+""","=""3""","=""""",,"=""126119.77""","=""149061.57""","=""5s2.5p3.(2D*).5d""","=""3F*""","=""3""","=""5s2.5p3.(4S*).6p""","=""5P""","=""3""",,
"=""437.306""","=""0.005""","=""437.305+""","=""3""","=""""",,"=""162259.97""","=""185120.90""","=""5s2.5p3.(2D*).6p""","=""3D""","=""2""","=""5s2.5p3.(4S*).6d""","=""3D*""","=""2""",,
"=""438.601""","=""0.005""","=""438.599+""","=""4""","=""""",,"=""163527.40""","=""186320.88""","=""5s.5p5""","=""1P*""","=""1""","=""5s2.5p3.(2P*).6p""","=""3P""","=""2""",,
"=""438.747""","=""0.005""","=""438.745+""","=""4""","=""""",,"=""145300.13""","=""168086.00""","=""5s2.5p3.(2P*).5d""","=""3F*""","=""2""","=""5s2.5p3.(2D*).6p""","=""3P""","=""1""",,
"=""438.772""","=""0.005""","=""438.772+""","=""4""","=""""",,"=""161809.98""","=""184594.45""","=""5s2.5p3.(2D*).5d""","=""1D*""","=""2""","=""5s2.5p3.(2P*).6p""","=""3D""","=""3""",,
"=""439.517""","=""0.005""","=""439.515+""","=""13""","=""""",,"=""159388.18""","=""182134.14""","=""5s2.5p3.(2P*).6s""","=""1P*""","=""1""","=""5s2.5p3.(2P*).6p""","=""3S""","=""1""",,
"=""441.306""","=""0.005""","=""441.306+""","=""8""","=""""",,"=""155400.90""","=""178054.53""","=""5s2.5p3.(2P*).5d""","=""3D*""","=""1""","=""5s2.5p3.(2P*).6p""","=""3P""","=""0""",,
"=""441.778""","=""0.005""","=""441.777+""","=""2""","=""""",,"=""136367.48""","=""158996.98""","=""5s2.5p3.(2P*).5d""","=""1D*""","=""2""","=""5s2.5p3.(2D*).6p""","=""3D""","=""1""",,
"=""441.797""","=""0.005""","=""441.798+""","=""3""","=""""",,"=""155400.90""","=""178029.33""","=""5s2.5p3.(2P*).5d""","=""3D*""","=""1""","=""5s2.5p3.(2P*).6p""","=""3P""","=""1""",,
"=""442.525""","=""0.005""","=""442.519+""","=""1-""","=""""",,"=""173946.53""","=""196538.07""","=""5s2.5p3.(4S*).4f""","=""3F""","=""4""","=""5s2.5p3.(2D*).6d""","=""1G*""","=""4""",,
"=""443.417""","=""0.005""","=""443.417+""","=""15""","=""""",,"=""138145.49""","=""160691.30""","=""5s2.5p3.(2D*).6s""","=""3D*""","=""1""","=""5s2.5p3.(2D*).6p""","=""3F""","=""2""",,
"=""445.329""","=""0.005""","=""445.324+""","=""1""","=""""",,"=""162957.50""","=""185406.74""","=""5s2.5p3.(2P*).5d""","=""1F*""","=""3""","=""5s2.5p3.(2D*).4f""","=""3F""","=""4""",,
"=""445.360""","=""0.005""","=""445.361+""","=""7""","=""""",,"=""142064.27""","=""164511.65""","=""5s2.5p3.(2D*).5d""","=""3D*""","=""2""","=""5s2.5p3.(2D*).6p""","=""1P""","=""1""",,
"=""446.816""","=""0.005""","=""446.815+""","=""5""","=""""",,"=""142064.27""","=""164438.64""","=""5s2.5p3.(2D*).5d""","=""3D*""","=""2""","=""5s2.5p3.(2D*).6p""","=""1F""","=""3""",,
"=""447.090""","=""0.005""","=""447.089+""","=""8bl""","=""""",,"=""163527.40""","=""185888.03""","=""5s.5p5""","=""1P*""","=""1""","=""5s2.5p3.(2P*).6p""","=""1P""","=""1""",,
"=""448.005""","=""0.005""","=""448.004+""","=""2""","=""""",,"=""173946.53""","=""196261.50""","=""5s2.5p3.(4S*).4f""","=""3F""","=""4""","=""5s2.5p3.(2D*).6d""","=""3G*""","=""3""",,
"=""448.890""","=""0.005""","=""448.887+""","=""4a""","=""""",,"=""124691.33""","=""146962.42""","=""5s2.5p3.(2D*).5d""","=""3F*""","=""2""","=""5s2.5p3.(4S*).6p""","=""5P""","=""2""",,
"=""449.280""","=""0.005""","=""449.278+""","=""5a*""","=""""",,"=""151482.43""","=""173734.12""","=""5s2.5p3.(2P*).6s""","=""3P*""","=""1""","=""5s2.5p3.(4S*).4f""","=""3F""","=""2""",,
"=""449.280""","=""0.005""","=""449.279+""","=""5a*""","=""""",,"=""181593.70""","=""203845.36""","=""5s2.5p3.(2D*).4f""","=""3F""","=""2""","=""5s2.5p3.(2D*).6d""","=""1F*""","=""3""",,
"=""450.341""","=""0.005""","=""450.342+""","=""14a""","=""""",,"=""161809.98""","=""184009.10""","=""5s2.5p3.(2D*).5d""","=""1D*""","=""2""","=""5s2.5p3.(2P*).6p""","=""1D""","=""2""",,
"=""452.563""","=""0.005""","=""452.564+""","=""1""","=""""",,"=""124691.33""","=""146781.48""","=""5s2.5p3.(2D*).5d""","=""3F*""","=""2""","=""5s2.5p3.(4S*).6p""","=""5P""","=""1""",,
"=""452.824""","=""0.005""","=""452.822+""","=""2h*""","=""""",,"=""177955.93""","=""200033.45""","=""5s2.5p3.(2P*).6p""","=""3D""","=""2""","=""5s2.5p3.(2D*).7s""","=""3D*""","=""3""",,
"=""452.824""","=""0.005""","=""452.823+""","=""2h*""","=""""",,"=""164511.65""","=""186589.15""","=""5s2.5p3.(2D*).6p""","=""1P""","=""1""","=""5s2.5p3.(4S*).6d""","=""3D*""","=""1""",,
"=""453.738""","=""0.005""","=""453.735+""","=""9a""","=""""",,"=""138658.20""","=""160691.30""","=""5s2.5p3.(2D*).6s""","=""3D*""","=""3""","=""5s2.5p3.(2D*).6p""","=""3F""","=""2""",,
"=""455.551""","=""0.005""","=""455.549+""","=""1a""","=""""",,"=""164438.64""","=""186384.04""","=""5s2.5p3.(2D*).6p""","=""1F""","=""3""","=""5s2.5p3.(4S*).6d""","=""3D*""","=""3""",,
"=""456.912""","=""0.005""","=""456.910+""","=""7""","=""""",,"=""148370.13""","=""170250.15""","=""5s2.5p3.(2D*).5d""","=""3P*""","=""2""","=""5s2.5p3.(4S*).4f""","=""3F""","=""3""",,
"=""457.803""","=""0.005""","=""457.804+""","=""2""","=""""",,"=""148412.84""","=""170250.15""","=""5s2.5p3.(2D*).5d""","=""1F*""","=""3""","=""5s2.5p3.(4S*).4f""","=""3F""","=""3""",,
"=""459.298""","=""0.005""","=""459.299+""","=""2h""","=""""",,"=""145300.13""","=""167066.32""","=""5s2.5p3.(2P*).5d""","=""3F*""","=""2""","=""5s2.5p3.(2D*).6p""","=""3P""","=""2""",,
"=""460.160""","=""0.005""","=""460.162+""","=""2""","=""""",,"=""145340.91""","=""167066.32""","=""5s2.5p3.(2P*).5d""","=""3F*""","=""3""","=""5s2.5p3.(2D*).6p""","=""3P""","=""2""",,
"=""461.483""","=""0.005""","=""461.488+""","=""2""","=""""",,"=""161809.98""","=""183472.95""","=""5s2.5p3.(2D*).5d""","=""1D*""","=""2""","=""5s2.5p3.(2D*).4f""","=""1P""","=""1""",,
"=""462.042""","=""0.005""","=""462.043+""","=""6""","=""""",,"=""162957.50""","=""184594.45""","=""5s2.5p3.(2P*).5d""","=""1F*""","=""3""","=""5s2.5p3.(2P*).6p""","=""3D""","=""3""",,
"=""463.146""","=""0.001""","=""463.143+""","=""3""","=""""",,"=""150404.24""","=""171989.82""","=""5s2.5p3.(2P*).5d""","=""3P*""","=""2""","=""5s2.5p3.(2D*).6p""","=""1D""","=""2""",,
"=""463.165""","=""0.005""","=""463.162+""","=""2a""","=""""",,"=""178887.17""","=""200471.83""","=""5s2.5p3.(2D*).4f""","=""3G""","=""4""","=""5s2.5p3.(2D*).6d""","=""3G*""","=""5""",,
"=""463.264""","=""0.005""","=""463.263+""","=""8""","=""""",,"=""145300.13""","=""166880.09""","=""5s2.5p3.(2P*).5d""","=""3F*""","=""2""","=""5s2.5p3.(4S*).4f""","=""5F""","=""2""",,
"=""464.140""","=""0.001""","=""464.140+""","=""4*""","=""""",,"=""145340.91""","=""166880.09""","=""5s2.5p3.(2P*).5d""","=""3F*""","=""3""","=""5s2.5p3.(4S*).4f""","=""5F""","=""2""",,
"=""464.140""","=""0.001""","=""464.155+""","=""4*""","=""""",,"=""178887.17""","=""200425.68""","=""5s2.5p3.(2D*).4f""","=""3G""","=""4""","=""5s2.5p3.(2D*).6d""","=""3F*""","=""4""",,
"=""464.360""","=""0.005""","=""464.359+""","=""1""","=""""",,"=""140730.93""","=""162259.97""","=""5s2.5p3.(2P*).5d""","=""3P*""","=""1""","=""5s2.5p3.(2D*).6p""","=""3D""","=""2""",,
"=""464.417""","=""0.005""","=""464.419+""","=""5""","=""""",,"=""162259.97""","=""183786.24""","=""5s2.5p3.(2D*).6p""","=""3D""","=""2""","=""5s2.5p3.(4S*).7s""","=""3S*""","=""1""",,
"=""465.673""","=""0.005""","=""465.672+""","=""1h""","=""""",,"=""182377.01""","=""203845.36""","=""5s2.5p3.(2D*).4f""","=""3D""","=""3""","=""5s2.5p3.(2D*).6d""","=""1F*""","=""3""",,
"=""465.778""","=""0.005""","=""465.778+""","=""17a""","=""""",,"=""143048.20""","=""164511.65""","=""5s2.5p3.(2D*).6s""","=""1D*""","=""2""","=""5s2.5p3.(2D*).6p""","=""1P""","=""1""",,
"=""467.160""","=""0.005""","=""467.151+""","=""8""","=""""",,"=""160733.77""","=""182134.14""","=""5s2.5p3.(2D*).5d""","=""3P*""","=""0""","=""5s2.5p3.(2P*).6p""","=""3S""","=""1""",,
"=""467.181""","=""0.005""","=""467.181+""","=""3""","=""""",,"=""145300.13""","=""166699.11""","=""5s2.5p3.(2P*).5d""","=""3F*""","=""2""","=""5s2.5p3.(2D*).6p""","=""3D""","=""3""",,
"=""467.367""","=""0.005""","=""467.368+""","=""18a""","=""""",,"=""143048.20""","=""164438.64""","=""5s2.5p3.(2D*).6s""","=""1D*""","=""2""","=""5s2.5p3.(2D*).6p""","=""1F""","=""3""",,
"=""468.073""","=""0.005""","=""468.073+""","=""1h""","=""""",,"=""145340.91""","=""166699.11""","=""5s2.5p3.(2P*).5d""","=""3F*""","=""3""","=""5s2.5p3.(2D*).6p""","=""3D""","=""3""",,
"=""468.355""","=""0.005""","=""468.355+""","=""20""","=""""",,"=""125617.06""","=""146962.42""","=""5s2.5p3.(4S*).6s""","=""3S*""","=""1""","=""5s2.5p3.(4S*).6p""","=""5P""","=""2""",,
"=""468.519""","=""0.005""","=""468.517+""","=""2a""","=""""",,"=""153893.20""","=""175231.15""","=""5s2.5p3.(2P*).5d""","=""3D*""","=""2""","=""5s2.5p3.(2P*).6p""","=""3D""","=""1""",,
"=""469.742""","=""0.005""","=""469.740+""","=""6""","=""""",,"=""143156.24""","=""164438.64""","=""5s2.5p3.(2D*).5d""","=""3D*""","=""3""","=""5s2.5p3.(2D*).6p""","=""1F""","=""3""",,
"=""471.258""","=""0.005""","=""471.257+""","=""20bl""","=""""",,"=""145340.91""","=""166554.82""","=""5s2.5p3.(2P*).5d""","=""3F*""","=""3""","=""5s2.5p3.(2D*).6p""","=""3F""","=""4""",,
"=""472.360""","=""0.005""","=""472.359+""","=""16""","=""""",,"=""125617.06""","=""146781.48""","=""5s2.5p3.(4S*).6s""","=""3S*""","=""1""","=""5s2.5p3.(4S*).6p""","=""5P""","=""1""",,
"=""472.721""","=""0.001""","=""472.721+""","=""0""","=""""",,"=""177955.93""","=""199104.12""","=""5s2.5p3.(2P*).6p""","=""3D""","=""2""","=""5s2.5p3.(2D*).6d""","=""3S*""","=""1""",,
"=""474.387""","=""0.001""","=""474.387+""","=""3""","=""""",,"=""145300.13""","=""166374.06""","=""5s2.5p3.(2P*).5d""","=""3F*""","=""2""","=""5s2.5p3.(4S*).4f""","=""5F""","=""3""",,
"=""474.894""","=""0.005""","=""474.890+""","=""18""","=""""",,"=""162957.50""","=""184009.10""","=""5s2.5p3.(2P*).5d""","=""1F*""","=""3""","=""5s2.5p3.(2P*).6p""","=""1D""","=""2""",,
"=""475.732""","=""0.005""","=""475.732+""","=""10""","=""""",,"=""145340.91""","=""166355.27""","=""5s2.5p3.(2P*).5d""","=""3F*""","=""3""","=""5s2.5p3.(4S*).4f""","=""5F""","=""4""",,
"=""478.108""","=""0.005""","=""478.111+""","=""3h""","=""""",,"=""175231.15""","=""196140.93""","=""5s2.5p3.(2P*).6p""","=""3D""","=""1""","=""5s2.5p3.(2D*).7s""","=""3D*""","=""2""",,
"=""479.449""","=""0.005""","=""479.448+""","=""25""","=""""",,"=""138145.49""","=""158996.98""","=""5s2.5p3.(2D*).6s""","=""3D*""","=""1""","=""5s2.5p3.(2D*).6p""","=""3D""","=""1""",,
"=""479.651""","=""0.005""","=""479.651+""","=""8a""","=""""",,"=""126119.77""","=""146962.42""","=""5s2.5p3.(2D*).5d""","=""3F*""","=""3""","=""5s2.5p3.(4S*).6p""","=""5P""","=""2""",,
"=""483.628""","=""0.001""","=""483.617+""","=""0""","=""""",,"=""182134.14""","=""202805.90""","=""5s2.5p3.(2P*).6p""","=""3S""","=""1""","=""5s2.5p3.(2D*).6d""","=""1P*""","=""1""",,
"=""484.180""","=""0.001""","=""484.186+""","=""1bl""","=""""",,"=""165941.69""","=""186589.15""","=""5s2.5p3.(2D*).6p""","=""3P""","=""0""","=""5s2.5p3.(4S*).6d""","=""3D*""","=""1""",,
"=""485.093""","=""0.001""","=""485.083+""","=""0""","=""""",,"=""164511.65""","=""185120.90""","=""5s2.5p3.(2D*).6p""","=""1P""","=""1""","=""5s2.5p3.(4S*).6d""","=""3D*""","=""2""",,
"=""485.480""","=""0.001""","=""485.495+""","=""0""","=""""",,"=""154639.37""","=""175231.15""","=""5s2.5p3.(2D*).5d""","=""3P*""","=""1""","=""5s2.5p3.(2P*).6p""","=""3D""","=""1""",,
"=""486.940""","=""0.005""","=""486.943+""","=""21""","=""""",,"=""142064.27""","=""162594.81""","=""5s2.5p3.(2D*).5d""","=""3D*""","=""2""","=""5s2.5p3.(2D*).6p""","=""3F""","=""3""",,
"=""488.105""","=""0.005""","=""488.104+""","=""2""","=""""",,"=""163527.40""","=""184009.10""","=""5s.5p5""","=""1P*""","=""1""","=""5s2.5p3.(2P*).6p""","=""1D""","=""2""",,
"=""490.642""","=""0.001""","=""490.637+""","=""0u""","=""""",,"=""186384.04""","=""206760.00""","=""5s2.5p3.(4S*).6d""","=""3D*""","=""3""","=""5s2.5p3.(2P*).4f""","=""3F""","=""4""",,
"=""491.887""","=""0.005""","=""491.888+""","=""1""","=""""",,"=""161809.98""","=""182134.14""","=""5s2.5p3.(2D*).5d""","=""1D*""","=""2""","=""5s2.5p3.(2P*).6p""","=""3S""","=""1""",,
"=""492.672""","=""0.005""","=""492.683+""","=""1a""","=""""",,"=""162259.97""","=""182551.32""","=""5s2.5p3.(2D*).6p""","=""3D""","=""2""","=""5s2.5p3.(4S*).6d""","=""5D*""","=""1""",,
"=""492.751""","=""0.005""","=""492.750+""","=""5""","=""""",,"=""147797.41""","=""168086.00""","=""5s2.5p3.(2D*).5d""","=""3S*""","=""1""","=""5s2.5p3.(2D*).6p""","=""3P""","=""1""",,
"=""494.357""","=""0.001""","=""494.354+""","=""0""","=""""",,"=""162259.97""","=""182482.74""","=""5s2.5p3.(2D*).6p""","=""3D""","=""2""","=""5s2.5p3.(4S*).7s""","=""5S*""","=""2""",,
"=""495.253""","=""0.005""","=""495.257+""","=""1""","=""""",,"=""178306.08""","=""198491.98""","=""5s2.5p3.(2D*).4f""","=""3G""","=""3""","=""5s2.5p3.(2D*).6d""","=""3P*""","=""2""",,
"=""499.610""","=""0.005""","=""499.611+""","=""0""","=""""",,"=""166374.06""","=""186384.04""","=""5s2.5p3.(4S*).4f""","=""5F""","=""3""","=""5s2.5p3.(4S*).6d""","=""3D*""","=""3""",,
"=""500.853""","=""0.005""","=""500.853+""","=""23""","=""""",,"=""140730.93""","=""160691.30""","=""5s2.5p3.(2P*).5d""","=""3P*""","=""1""","=""5s2.5p3.(2D*).6p""","=""3F""","=""2""",,
"=""502.301""","=""0.005""","=""502.294+""","=""3""","=""""",,"=""183472.95""","=""203376.04""","=""5s2.5p3.(2D*).4f""","=""1P""","=""1""","=""5s2.5p3.(2D*).6d""","=""1D*""","=""2""",,
"=""502.670""","=""0.001""","=""502.677+""","=""0u""","=""""",,"=""162594.81""","=""182482.74""","=""5s2.5p3.(2D*).6p""","=""3F""","=""3""","=""5s2.5p3.(4S*).7s""","=""5S*""","=""2""",,
"=""503.862""","=""0.005""","=""503.868+""","=""2""","=""""",,"=""153893.20""","=""173734.12""","=""5s2.5p3.(2P*).5d""","=""3D*""","=""2""","=""5s2.5p3.(4S*).4f""","=""3F""","=""2""",,
"=""504.006""","=""0.005""","=""503.987+""","=""1bl""","=""""",,"=""184009.10""","=""203845.36""","=""5s2.5p3.(2P*).6p""","=""1D""","=""2""","=""5s2.5p3.(2D*).6d""","=""1F*""","=""3""",,
"=""504.140""","=""0.005""","=""504.139+""","=""9""","=""""",,"=""155400.90""","=""175231.15""","=""5s2.5p3.(2P*).5d""","=""3D*""","=""1""","=""5s2.5p3.(2P*).6p""","=""3D""","=""1""",,
"=""507.053""","=""0.005""","=""507.064+""","=""1h""","=""""",,"=""148370.13""","=""168086.00""","=""5s2.5p3.(2D*).5d""","=""3P*""","=""2""","=""5s2.5p3.(2D*).6p""","=""3P""","=""1""",,
"=""510.733""","=""0.005""","=""510.735+""","=""14""","=""""",,"=""133234.01""","=""152808.17""","=""5s2.5p3.(2D*).5d""","=""3D*""","=""1""","=""5s2.5p3.(4S*).6p""","=""3P""","=""0""",,
"=""511.453""","=""0.005""","=""511.455+""","=""1""","=""""",,"=""143048.20""","=""162594.81""","=""5s2.5p3.(2D*).6s""","=""1D*""","=""2""","=""5s2.5p3.(2D*).6p""","=""3F""","=""3""",,
"=""514.298""","=""0.005""","=""514.298+""","=""6""","=""""",,"=""143156.24""","=""162594.81""","=""5s2.5p3.(2D*).5d""","=""3D*""","=""3""","=""5s2.5p3.(2D*).6p""","=""3F""","=""3""",,
"=""514.803""","=""0.005""","=""514.803+""","=""1""","=""""",,"=""162957.50""","=""182377.01""","=""5s2.5p3.(2P*).5d""","=""1F*""","=""3""","=""5s2.5p3.(2D*).4f""","=""3D""","=""3""",,
"=""520.367""","=""0.005""","=""520.369+""","=""1*""","=""""",,"=""143048.20""","=""162259.97""","=""5s2.5p3.(2D*).6s""","=""1D*""","=""2""","=""5s2.5p3.(2D*).6p""","=""3D""","=""2""",,
"=""520.367""","=""0.005""","=""520.376+""","=""1*""","=""""",,"=""145300.13""","=""164511.65""","=""5s2.5p3.(2P*).5d""","=""3F*""","=""2""","=""5s2.5p3.(2D*).6p""","=""1P""","=""1""",,
"=""522.362""","=""0.005""","=""522.361+""","=""11""","=""""",,"=""145300.13""","=""164438.64""","=""5s2.5p3.(2P*).5d""","=""3F*""","=""2""","=""5s2.5p3.(2D*).6p""","=""1F""","=""3""",,
"=""522.999""","=""0.005""","=""523.003+""","=""1""","=""""",,"=""181356.80""","=""200471.83""","=""5s2.5p3.(2D*).4f""","=""3H""","=""5""","=""5s2.5p3.(2D*).6d""","=""3G*""","=""5""",,
"=""523.310""","=""0.005""","=""523.312+""","=""3""","=""""",,"=""143156.24""","=""162259.97""","=""5s2.5p3.(2D*).5d""","=""3D*""","=""3""","=""5s2.5p3.(2D*).6p""","=""3D""","=""2""",,
"=""523.396""","=""0.005""","=""523.381+""","=""1""","=""""",,"=""158928.10""","=""178029.33""","=""5s2.5p3.(2P*).6s""","=""3P*""","=""2""","=""5s2.5p3.(2P*).6p""","=""3P""","=""1""",,
"=""523.892""","=""0.005""","=""523.890+""","=""16""","=""""",,"=""147797.41""","=""166880.09""","=""5s2.5p3.(2D*).5d""","=""3S*""","=""1""","=""5s2.5p3.(4S*).4f""","=""5F""","=""2""",,
"=""524.267""","=""0.005""","=""524.269+""","=""1""","=""""",,"=""181356.80""","=""200425.68""","=""5s2.5p3.(2D*).4f""","=""3H""","=""5""","=""5s2.5p3.(2D*).6d""","=""3F*""","=""4""",,
"=""525.396""","=""0.001""","=""525.400+""","=""1""","=""""",,"=""158928.10""","=""177955.93""","=""5s2.5p3.(2P*).6s""","=""3P*""","=""2""","=""5s2.5p3.(2P*).6p""","=""3D""","=""2""",,
"=""527.135""","=""0.001""","=""527.132+""","=""2""","=""""",,"=""181684.94""","=""200650.23""","=""5s2.5p3.(2D*).4f""","=""3H""","=""4""","=""5s2.5p3.(2D*).6d""","=""3D*""","=""3""",,
"=""529.292""","=""0.005""","=""529.294+""","=""4""","=""""",,"=""130173.73""","=""149061.57""","=""5s2.5p3.(2D*).5d""","=""3F*""","=""4""","=""5s2.5p3.(4S*).6p""","=""5P""","=""3""",,
"=""531.097""","=""0.005""","=""531.097+""","=""7""","=""""",,"=""133234.01""","=""152057.72""","=""5s2.5p3.(2D*).5d""","=""3D*""","=""1""","=""5s2.5p3.(4S*).6p""","=""3P""","=""2""",,
"=""531.658""","=""0.001""","=""531.671+""","=""0""","=""""",,"=""148370.13""","=""167173.54""","=""5s2.5p3.(2D*).5d""","=""3P*""","=""2""","=""5s2.5p3.(4S*).4f""","=""5F""","=""1""",,
"=""531.830""","=""0.001""","=""531.857+""","=""0""","=""""",,"=""184009.10""","=""202805.90""","=""5s2.5p3.(2P*).6p""","=""1D""","=""2""","=""5s2.5p3.(2D*).6d""","=""1P*""","=""1""",,
"=""532.157""","=""0.001""","=""532.138+""","=""1bl""","=""""",,"=""181684.94""","=""200471.83""","=""5s2.5p3.(2D*).4f""","=""3H""","=""4""","=""5s2.5p3.(2D*).6d""","=""3G*""","=""5""",,
"=""532.280""","=""0.005""","=""532.288+""","=""1""","=""""",,"=""184594.45""","=""203376.04""","=""5s2.5p3.(2P*).6p""","=""3D""","=""3""","=""5s2.5p3.(2D*).6d""","=""1D*""","=""2""",,
"=""533.298""","=""0.001""","=""533.275+""","=""0bl""","=""""",,"=""166374.06""","=""185120.90""","=""5s2.5p3.(4S*).4f""","=""5F""","=""3""","=""5s2.5p3.(4S*).6d""","=""3D*""","=""2""",,
"=""534.717""","=""0.005""","=""534.720+""","=""5""","=""""",,"=""148370.13""","=""167066.32""","=""5s2.5p3.(2D*).5d""","=""3P*""","=""2""","=""5s2.5p3.(2D*).6p""","=""3P""","=""2""",,
"=""534.787""","=""0.005""","=""534.788+""","=""6""","=""""",,"=""181356.80""","=""200050.60""","=""5s2.5p3.(2D*).4f""","=""3H""","=""5""","=""5s2.5p3.(2D*).6d""","=""3G*""","=""4""",,
"=""536.439""","=""0.005""","=""536.441+""","=""1""","=""""",,"=""162957.50""","=""181593.70""","=""5s2.5p3.(2P*).5d""","=""1F*""","=""3""","=""5s2.5p3.(2D*).4f""","=""3F""","=""2""",,
"=""536.703""","=""0.005""","=""536.705+""","=""14""","=""""",,"=""142064.27""","=""160691.30""","=""5s2.5p3.(2D*).5d""","=""3D*""","=""2""","=""5s2.5p3.(2D*).6p""","=""3F""","=""2""",,
"=""537.101""","=""0.005""","=""537.102+""","=""2""","=""""",,"=""128349.15""","=""146962.42""","=""5s2.5p3.(2D*).5d""","=""3G*""","=""3""","=""5s2.5p3.(4S*).6p""","=""5P""","=""2""",,
"=""537.283""","=""0.005""","=""537.290+""","=""3a""","=""""",,"=""163527.40""","=""182134.14""","=""5s.5p5""","=""1P*""","=""1""","=""5s2.5p3.(2P*).6p""","=""3S""","=""1""",,
"=""538.415""","=""0.005""","=""538.419+""","=""1""","=""""",,"=""159388.18""","=""177955.93""","=""5s2.5p3.(2P*).6s""","=""1P*""","=""1""","=""5s2.5p3.(2P*).6p""","=""3D""","=""2""",,
"=""538.664""","=""0.005""","=""538.667+""","=""6""","=""""",,"=""140437.79""","=""158996.98""","=""5s2.5p3.(2P*).5d""","=""3P*""","=""0""","=""5s2.5p3.(2D*).6p""","=""3D""","=""1""",,
"=""540.101""","=""0.005""","=""540.100+""","=""17""","=""""",,"=""148370.13""","=""166880.09""","=""5s2.5p3.(2D*).5d""","=""3P*""","=""2""","=""5s2.5p3.(4S*).4f""","=""5F""","=""2""",,
"=""541.349""","=""0.005""","=""541.349+""","=""10""","=""""",,"=""148412.84""","=""166880.09""","=""5s2.5p3.(2D*).5d""","=""1F*""","=""3""","=""5s2.5p3.(4S*).4f""","=""5F""","=""2""",,
"=""542.668""","=""0.001""","=""542.685+""","=""0bl""","=""""",,"=""166699.11""","=""185120.90""","=""5s2.5p3.(2D*).6p""","=""3D""","=""3""","=""5s2.5p3.(4S*).6d""","=""3D*""","=""2""",,
"=""543.138""","=""0.001""","=""543.163+""","=""0""","=""""",,"=""182134.14""","=""200539.71""","=""5s2.5p3.(2P*).6p""","=""3S""","=""1""","=""5s2.5p3.(2D*).7s""","=""1D*""","=""2""",,
"=""544.854""","=""0.001""","=""544.852+""","=""0""","=""""",,"=""181684.94""","=""200033.45""","=""5s2.5p3.(2D*).4f""","=""3H""","=""4""","=""5s2.5p3.(2D*).7s""","=""3D*""","=""3""",,
"=""545.306""","=""0.005""","=""545.306+""","=""5""","=""""",,"=""155400.90""","=""173734.12""","=""5s2.5p3.(2P*).5d""","=""3D*""","=""1""","=""5s2.5p3.(4S*).4f""","=""3F""","=""2""",,
"=""545.432""","=""0.005""","=""545.433+""","=""3""","=""""",,"=""148370.13""","=""166699.11""","=""5s2.5p3.(2D*).5d""","=""3P*""","=""2""","=""5s2.5p3.(2D*).6p""","=""3D""","=""3""",,
"=""546.212""","=""0.005""","=""546.212+""","=""1""","=""""",,"=""178306.08""","=""196608.91""","=""5s2.5p3.(2D*).4f""","=""3G""","=""3""","=""5s2.5p3.(2D*).6d""","=""3F*""","=""3""",,
"=""547.094""","=""0.005""","=""547.097+""","=""2""","=""""",,"=""182377.01""","=""200650.23""","=""5s2.5p3.(2D*).4f""","=""3D""","=""3""","=""5s2.5p3.(2D*).6d""","=""3D*""","=""3""",,
"=""548.119""","=""0.005""","=""548.123+""","=""1""","=""""",,"=""185120.90""","=""203359.91""","=""5s2.5p3.(4S*).6d""","=""3D*""","=""2""","=""5s2.5p3.(2P*).4f""","=""3D""","=""2""",,
"=""550.398""","=""0.005""","=""550.399+""","=""2""","=""""",,"=""148535.52""","=""166699.11""","=""5s2.5p3.(2P*).5d""","=""3F*""","=""4""","=""5s2.5p3.(2D*).6p""","=""3D""","=""3""",,
"=""550.965""","=""0.005""","=""550.947+""","=""3*""","=""""",,"=""183472.95""","=""201618.48""","=""5s2.5p3.(2D*).4f""","=""1P""","=""1""","=""5s2.5p3.(2D*).6d""","=""3P*""","=""0""",,
"=""550.965""","=""0.005""","=""550.985+""","=""3*""","=""""",,"=""147797.41""","=""165941.69""","=""5s2.5p3.(2D*).5d""","=""3S*""","=""1""","=""5s2.5p3.(2D*).6p""","=""3P""","=""0""",,
"=""551.053""","=""0.005""","=""551.055+""","=""2""","=""""",,"=""148412.84""","=""166554.82""","=""5s2.5p3.(2D*).5d""","=""1F*""","=""3""","=""5s2.5p3.(2D*).6p""","=""3F""","=""4""",,
"=""552.433""","=""0.005""","=""552.436+""","=""8""","=""""",,"=""153893.20""","=""171989.82""","=""5s2.5p3.(2P*).5d""","=""3D*""","=""2""","=""5s2.5p3.(2D*).6p""","=""1D""","=""2""",,
"=""553.361""","=""0.001""","=""553.363+""","=""0""","=""""",,"=""163527.40""","=""181593.70""","=""5s.5p5""","=""1P*""","=""1""","=""5s2.5p3.(2D*).4f""","=""3F""","=""2""",,
"=""553.720""","=""0.001""","=""553.722+""","=""0""","=""""",,"=""167066.32""","=""185120.90""","=""5s2.5p3.(2D*).6p""","=""3P""","=""2""","=""5s2.5p3.(4S*).6d""","=""3D*""","=""2""",,
"=""554.033""","=""0.001""","=""554.044+""","=""0""","=""""",,"=""164438.64""","=""182482.74""","=""5s2.5p3.(2D*).6p""","=""1F""","=""3""","=""5s2.5p3.(4S*).7s""","=""5S*""","=""2""",,
"=""554.561""","=""0.001""","=""554.582+""","=""0""","=""""",,"=""184009.10""","=""202035.68""","=""5s2.5p3.(2P*).6p""","=""1D""","=""2""","=""5s2.5p3.(2D*).6d""","=""3P*""","=""1""",,
"=""554.805""","=""0.005""","=""554.806+""","=""2""","=""""",,"=""148535.52""","=""166554.82""","=""5s2.5p3.(2P*).5d""","=""3F*""","=""4""","=""5s2.5p3.(2D*).6p""","=""3F""","=""4""",,
"=""555.278""","=""0.005""","=""555.280+""","=""5""","=""""",,"=""148370.13""","=""166374.06""","=""5s2.5p3.(2D*).5d""","=""3P*""","=""2""","=""5s2.5p3.(4S*).4f""","=""5F""","=""3""",,
"=""556.583""","=""0.005""","=""556.600+""","=""1a""","=""""",,"=""148412.84""","=""166374.06""","=""5s2.5p3.(2D*).5d""","=""1F*""","=""3""","=""5s2.5p3.(4S*).4f""","=""5F""","=""3""",,
"=""556.788""","=""0.001""","=""556.780+""","=""0""","=""""",,"=""178306.08""","=""196261.50""","=""5s2.5p3.(2D*).4f""","=""3G""","=""3""","=""5s2.5p3.(2D*).6d""","=""3G*""","=""3""",,
"=""557.007""","=""0.001""","=""557.000+""","=""0*""","=""""",,"=""178029.33""","=""195977.67""","=""5s2.5p3.(2P*).6p""","=""3P""","=""1""","=""5s2.5p3.(2D*).6d""","=""3F*""","=""2""",,
"=""557.007""","=""0.001""","=""557.030+""","=""0*""","=""""",,"=""167173.54""","=""185120.90""","=""5s2.5p3.(4S*).4f""","=""5F""","=""1""","=""5s2.5p3.(4S*).6d""","=""3D*""","=""2""",,
"=""560.433""","=""0.005""","=""560.428+""","=""4""","=""""",,"=""148535.52""","=""166374.06""","=""5s2.5p3.(2P*).5d""","=""3F*""","=""4""","=""5s2.5p3.(4S*).4f""","=""5F""","=""3""",,
"=""561.018""","=""0.005""","=""561.019+""","=""2""","=""""",,"=""148535.52""","=""166355.27""","=""5s2.5p3.(2P*).5d""","=""3F*""","=""4""","=""5s2.5p3.(4S*).4f""","=""5F""","=""4""",,
"=""564.126""","=""0.005""","=""564.122+""","=""1""","=""""",,"=""178887.17""","=""196608.91""","=""5s2.5p3.(2D*).4f""","=""3G""","=""4""","=""5s2.5p3.(2D*).6d""","=""3F*""","=""3""",,
"=""565.387""","=""0.005""","=""565.398+""","=""1""","=""""",,"=""150404.24""","=""168086.00""","=""5s2.5p3.(2P*).5d""","=""3P*""","=""2""","=""5s2.5p3.(2D*).6p""","=""3P""","=""1""",,
"=""565.724""","=""0.005""","=""565.723+""","=""1""","=""""",,"=""178306.08""","=""195977.67""","=""5s2.5p3.(2D*).4f""","=""3G""","=""3""","=""5s2.5p3.(2D*).6d""","=""3F*""","=""2""",,
"=""566.385""","=""0.005""","=""566.386+""","=""1""","=""""",,"=""178887.17""","=""196538.07""","=""5s2.5p3.(2D*).4f""","=""3G""","=""4""","=""5s2.5p3.(2D*).6d""","=""1G*""","=""4""",,
"=""566.627""","=""0.001""","=""566.637+""","=""2""","=""""",,"=""143048.20""","=""160691.30""","=""5s2.5p3.(2D*).6s""","=""1D*""","=""2""","=""5s2.5p3.(2D*).6p""","=""3F""","=""2""",,
"=""570.124""","=""0.005""","=""570.128+""","=""3""","=""""",,"=""143156.24""","=""160691.30""","=""5s2.5p3.(2D*).5d""","=""3D*""","=""3""","=""5s2.5p3.(2D*).6p""","=""3F""","=""2""",,
"=""571.180""","=""0.001""","=""571.169+""","=""0""","=""""",,"=""184009.10""","=""201512.20""","=""5s2.5p3.(2P*).6p""","=""1D""","=""2""","=""5s2.5p3.(2D*).6d""","=""3D*""","=""2""",,
"=""574.867""","=""0.005""","=""574.874+""","=""6""","=""""",,"=""134667.42""","=""152057.72""","=""5s2.5p3.(2D*).6s""","=""3D*""","=""2""","=""5s2.5p3.(4S*).6p""","=""3P""","=""2""",,
"=""575.403""","=""0.005""","=""575.402+""","=""4""","=""""",,"=""178887.17""","=""196261.50""","=""5s2.5p3.(2D*).4f""","=""3G""","=""4""","=""5s2.5p3.(2D*).6d""","=""3G*""","=""3""",,
"=""576.194""","=""0.005""","=""576.194+""","=""1""","=""""",,"=""154639.37""","=""171989.82""","=""5s2.5p3.(2D*).5d""","=""3P*""","=""1""","=""5s2.5p3.(2D*).6p""","=""1D""","=""2""",,
"=""578.051""","=""0.005""","=""578.052+""","=""2""","=""""",,"=""145300.13""","=""162594.81""","=""5s2.5p3.(2P*).5d""","=""3F*""","=""2""","=""5s2.5p3.(2D*).6p""","=""3F""","=""3""",,
"=""585.755""","=""0.005""","=""585.761+""","=""3""","=""""",,"=""133234.01""","=""150301.10""","=""5s2.5p3.(2D*).5d""","=""3D*""","=""1""","=""5s2.5p3.(4S*).6p""","=""3P""","=""1""",,
"=""590.413""","=""0.001""","=""590.409+""","=""0""","=""""",,"=""142064.27""","=""158996.98""","=""5s2.5p3.(2D*).5d""","=""3D*""","=""2""","=""5s2.5p3.(2D*).6p""","=""3D""","=""1""",,
"=""591.36""","=""0.005""","=""591.337+""","=""(1)""","=""""",,"=""166880.09""","=""183786.24""","=""5s2.5p3.(4S*).4f""","=""5F""","=""2""","=""5s2.5p3.(4S*).7s""","=""3S*""","=""1""",,
"=""596.115""","=""0.005""","=""596.111+""","=""(10)H""","=""""",,"=""186589.15""","=""203359.91""","=""5s2.5p3.(4S*).6d""","=""3D*""","=""1""","=""5s2.5p3.(2P*).4f""","=""3D""","=""2""",,
"=""597.00""","=""0.005""","=""596.995+""","=""(1)""","=""""",,"=""146781.48""","=""163527.40""","=""5s2.5p3.(4S*).6p""","=""5P""","=""1""","=""5s.5p5""","=""1P*""","=""1""",,
"=""602.651""","=""0.005""","=""602.645+""","=""1a""","=""""",,"=""155400.90""","=""171989.82""","=""5s2.5p3.(2P*).5d""","=""3D*""","=""1""","=""5s2.5p3.(2D*).6p""","=""1D""","=""2""",,
"=""603.531""","=""0.001""","=""603.516+""","=""0""","=""""",,"=""146962.42""","=""163527.40""","=""5s2.5p3.(4S*).6p""","=""5P""","=""2""","=""5s.5p5""","=""1P*""","=""1""",,
"=""606.035""","=""0.005""","=""606.036+""","=""(1)""","=""""",,"=""161809.98""","=""178306.08""","=""5s2.5p3.(2D*).5d""","=""1D*""","=""2""","=""5s2.5p3.(2D*).4f""","=""3G""","=""3""",,
"=""606.450""","=""0.001""","=""606.443+""","=""0""","=""""",,"=""186320.88""","=""202805.90""","=""5s2.5p3.(2P*).6p""","=""3P""","=""2""","=""5s2.5p3.(2D*).6d""","=""1P*""","=""1""",,
"=""611.035""","=""0.005""","=""611.038+""","=""3""","=""""",,"=""166355.27""","=""182716.33""","=""5s2.5p3.(4S*).4f""","=""5F""","=""4""","=""5s2.5p3.(4S*).6d""","=""5D*""","=""4""",,
"=""611.178""","=""0.005""","=""611.179+""","=""0a""","=""""",,"=""184114.53""","=""200471.83""","=""5s2.5p3.(2D*).4f""","=""3G""","=""5""","=""5s2.5p3.(2D*).6d""","=""3G*""","=""5""",,
"=""611.190""","=""0.005""","=""611.192+""","=""0a""","=""""",,"=""153893.20""","=""170250.15""","=""5s2.5p3.(2P*).5d""","=""3D*""","=""2""","=""5s2.5p3.(4S*).4f""","=""3F""","=""3""",,
"=""612.910""","=""0.005""","=""612.908+""","=""1""","=""""",,"=""184114.53""","=""200425.68""","=""5s2.5p3.(2D*).4f""","=""3G""","=""5""","=""5s2.5p3.(2D*).6d""","=""3F*""","=""4""",,
"=""613.521""","=""0.001""","=""613.520+""","=""0""","=""""",,"=""150404.24""","=""166699.11""","=""5s2.5p3.(2P*).5d""","=""3P*""","=""2""","=""5s2.5p3.(2D*).6p""","=""3D""","=""3""",,
"=""616.387""","=""0.001""","=""616.377+""","=""0bl""","=""""",,"=""161809.98""","=""178029.33""","=""5s2.5p3.(2D*).5d""","=""1D*""","=""2""","=""5s2.5p3.(2P*).6p""","=""3P""","=""1""",,
"=""619.642""","=""0.005""","=""619.642+""","=""1""","=""""",,"=""170250.15""","=""186384.04""","=""5s2.5p3.(4S*).4f""","=""3F""","=""3""","=""5s2.5p3.(4S*).6d""","=""3D*""","=""3""",,
"=""620.381""","=""0.005""","=""620.369+""","=""1""","=""""",,"=""182377.01""","=""198491.98""","=""5s2.5p3.(2D*).4f""","=""3D""","=""3""","=""5s2.5p3.(2D*).6d""","=""3P*""","=""2""",,
"=""620.596""","=""0.005""","=""620.591+""","=""10""","=""""",,"=""166355.27""","=""182464.48""","=""5s2.5p3.(4S*).4f""","=""5F""","=""4""","=""5s2.5p3.(4S*).6d""","=""5D*""","=""3""",,
"=""622.164""","=""0.005""","=""622.163+""","=""5""","=""""",,"=""148370.13""","=""164438.64""","=""5s2.5p3.(2D*).5d""","=""3P*""","=""2""","=""5s2.5p3.(2D*).6p""","=""1F""","=""3""",,
"=""623.819""","=""0.005""","=""623.821+""","=""13""","=""""",,"=""148412.84""","=""164438.64""","=""5s2.5p3.(2D*).5d""","=""1F*""","=""3""","=""5s2.5p3.(2D*).6p""","=""1F""","=""3""",,
"=""625.905""","=""0.005""","=""625.902+""","=""14""","=""""",,"=""166743.80""","=""182716.33""","=""5s2.5p3.(4S*).4f""","=""5F""","=""5""","=""5s2.5p3.(4S*).6d""","=""5D*""","=""4""",,
"=""626.010""","=""0.005""","=""626.008+""","=""7""","=""""",,"=""150404.24""","=""166374.06""","=""5s2.5p3.(2P*).5d""","=""3P*""","=""2""","=""5s2.5p3.(4S*).4f""","=""5F""","=""3""",,
"=""626.833""","=""0.005""","=""626.834+""","=""1""","=""""",,"=""143048.20""","=""158996.98""","=""5s2.5p3.(2D*).6s""","=""1D*""","=""2""","=""5s2.5p3.(2D*).6p""","=""3D""","=""1""",,
"=""627.333""","=""0.005""","=""627.334+""","=""2""","=""""",,"=""184114.53""","=""200050.60""","=""5s2.5p3.(2D*).4f""","=""3G""","=""5""","=""5s2.5p3.(2D*).6d""","=""3G*""","=""4""",,
"=""627.594""","=""0.005""","=""627.586+""","=""1a""","=""""",,"=""162957.50""","=""178887.17""","=""5s2.5p3.(2P*).5d""","=""1F*""","=""3""","=""5s2.5p3.(2D*).4f""","=""3G""","=""4""",,
"=""628.374""","=""0.005""","=""628.375+""","=""2""","=""""",,"=""166554.82""","=""182464.48""","=""5s2.5p3.(2D*).6p""","=""3F""","=""4""","=""5s2.5p3.(4S*).6d""","=""5D*""","=""3""",,
"=""633.390""","=""0.005""","=""633.393+""","=""6""","=""""",,"=""166699.11""","=""182482.74""","=""5s2.5p3.(2D*).6p""","=""3D""","=""3""","=""5s2.5p3.(4S*).7s""","=""5S*""","=""2""",,
"=""634.126""","=""0.005""","=""634.126+""","=""3""","=""""",,"=""166699.11""","=""182464.48""","=""5s2.5p3.(2D*).6p""","=""3D""","=""3""","=""5s2.5p3.(4S*).6d""","=""5D*""","=""3""",,
"=""636.763""","=""0.005""","=""636.757+""","=""3""","=""""",,"=""168086.00""","=""183786.24""","=""5s2.5p3.(2D*).6p""","=""3P""","=""1""","=""5s2.5p3.(4S*).7s""","=""3S*""","=""1""",,
"=""637.165""","=""0.005""","=""637.163+""","=""3h""","=""""",,"=""136367.48""","=""152057.72""","=""5s2.5p3.(2P*).5d""","=""1D*""","=""2""","=""5s2.5p3.(4S*).6p""","=""3P""","=""2""",,
"=""639.607""","=""0.005""","=""639.571+""","=""1""","=""""",,"=""183472.95""","=""199104.12""","=""5s2.5p3.(2D*).4f""","=""1P""","=""1""","=""5s2.5p3.(2D*).6d""","=""3S*""","=""1""",,
"=""640.753""","=""0.005""","=""640.740+""","=""1""","=""""",,"=""166880.09""","=""182482.74""","=""5s2.5p3.(4S*).4f""","=""5F""","=""2""","=""5s2.5p3.(4S*).7s""","=""5S*""","=""2""",,
"=""640.967""","=""0.005""","=""640.966+""","=""1""","=""""",,"=""156392.68""","=""171989.82""","=""5s2.5p3.(2P*).5d""","=""3D*""","=""3""","=""5s2.5p3.(2D*).6p""","=""1D""","=""2""",,
"=""645.453""","=""0.005""","=""645.449+""","=""2""","=""""",,"=""182464.48""","=""197953.29""","=""5s2.5p3.(4S*).6d""","=""5D*""","=""3""","=""5s2.5p3.(2P*).4f""","=""3G""","=""3""",,
"=""645.610""","=""0.005""","=""645.608+""","=""3""","=""""",,"=""167066.32""","=""182551.32""","=""5s2.5p3.(2D*).6p""","=""3P""","=""2""","=""5s2.5p3.(4S*).6d""","=""5D*""","=""1""",,
"=""646.219""","=""0.005""","=""646.211+""","=""1""","=""""",,"=""182482.74""","=""197953.29""","=""5s2.5p3.(4S*).7s""","=""5S*""","=""2""","=""5s2.5p3.(2P*).4f""","=""3G""","=""3""",,
"=""648.478""","=""0.005""","=""648.480+""","=""3""","=""""",,"=""167066.32""","=""182482.74""","=""5s2.5p3.(2D*).6p""","=""3P""","=""2""","=""5s2.5p3.(4S*).7s""","=""5S*""","=""2""",,
"=""649.333""","=""0.005""","=""649.344+""","=""1""","=""""",,"=""182464.48""","=""197860.38""","=""5s2.5p3.(4S*).6d""","=""5D*""","=""3""","=""5s2.5p3.(4S*).5f""","=""5F""","=""2""",,
"=""650.108""","=""0.005""","=""650.109+""","=""7""","=""""",,"=""167173.54""","=""182551.32""","=""5s2.5p3.(4S*).4f""","=""5F""","=""1""","=""5s2.5p3.(4S*).6d""","=""5D*""","=""1""",,
"=""651.362""","=""0.005""","=""651.354+""","=""2""","=""""",,"=""167173.54""","=""182521.94""","=""5s2.5p3.(4S*).4f""","=""5F""","=""1""","=""5s2.5p3.(4S*).6d""","=""5D*""","=""0""",,
"=""653.017""","=""0.005""","=""653.028+""","=""7""","=""""",,"=""182551.32""","=""197860.38""","=""5s2.5p3.(4S*).6d""","=""5D*""","=""1""","=""5s2.5p3.(4S*).5f""","=""5F""","=""2""",,
"=""654.147""","=""0.005""","=""654.144+""","=""2""","=""""",,"=""181593.70""","=""196876.63""","=""5s2.5p3.(2D*).4f""","=""3F""","=""2""","=""5s2.5p3.(2D*).6d""","=""3D*""","=""1""",,
"=""654.558""","=""0.001""","=""654.564+""","=""4w""","=""""",,"=""182337.88""","=""197611.00""","=""5s2.5p3.(4S*).6d""","=""5D*""","=""2""","=""5s2.5p3.(4S*).5f""","=""5F""","=""1""",,
"=""655.635""","=""0.005""","=""655.645+""","=""3a""","=""""",,"=""182337.88""","=""197585.82""","=""5s2.5p3.(4S*).6d""","=""5D*""","=""2""","=""5s2.5p3.(4S*).5f""","=""5F""","=""3""",,
"=""655.85""","=""0.005""","=""655.837+""","=""(6)Hw""","=""""",,"=""185406.74""","=""200650.23""","=""5s2.5p3.(2D*).4f""","=""3F""","=""4""","=""5s2.5p3.(2D*).6d""","=""3D*""","=""3""",,
"=""656.136""","=""0.001""","=""656.118+""","=""1bl""","=""""",,"=""182716.33""","=""197953.29""","=""5s2.5p3.(4S*).6d""","=""5D*""","=""4""","=""5s2.5p3.(2P*).4f""","=""3G""","=""3""",,
"=""658.526""","=""0.005""","=""658.525+""","=""3""","=""""",,"=""181356.80""","=""196538.07""","=""5s2.5p3.(2D*).4f""","=""3H""","=""5""","=""5s2.5p3.(2D*).6d""","=""1G*""","=""4""",,
"=""660.830""","=""0.005""","=""660.832+""","=""2""","=""""",,"=""182482.74""","=""197611.00""","=""5s2.5p3.(4S*).7s""","=""5S*""","=""2""","=""5s2.5p3.(4S*).5f""","=""5F""","=""1""",,
"=""661.128""","=""0.005""","=""661.134+""","=""7""","=""""",,"=""182464.48""","=""197585.82""","=""5s2.5p3.(4S*).6d""","=""5D*""","=""3""","=""5s2.5p3.(4S*).5f""","=""5F""","=""3""",,
"=""661.933""","=""0.005""","=""661.934+""","=""15""","=""""",,"=""182482.74""","=""197585.82""","=""5s2.5p3.(4S*).7s""","=""5S*""","=""2""","=""5s2.5p3.(4S*).5f""","=""5F""","=""3""",,
"=""662.288""","=""0.005""","=""662.287+""","=""2""","=""""",,"=""184009.10""","=""199104.12""","=""5s2.5p3.(2P*).6p""","=""1D""","=""2""","=""5s2.5p3.(2D*).6d""","=""3S*""","=""1""",,
"=""662.546""","=""0.005""","=""662.549+""","=""8""","=""""",,"=""182521.94""","=""197611.00""","=""5s2.5p3.(4S*).6d""","=""5D*""","=""0""","=""5s2.5p3.(4S*).5f""","=""5F""","=""1""",,
"=""663.835""","=""0.005""","=""663.841+""","=""3a""","=""""",,"=""182551.32""","=""197611.00""","=""5s2.5p3.(4S*).6d""","=""5D*""","=""1""","=""5s2.5p3.(4S*).5f""","=""5F""","=""1""",,
"=""665.617""","=""0.005""","=""665.642+""","=""15""","=""""",,"=""185406.74""","=""200425.68""","=""5s2.5p3.(2D*).4f""","=""3F""","=""4""","=""5s2.5p3.(2D*).6d""","=""3F*""","=""4""",,
"=""665.774""","=""0.005""","=""665.808+""","=""2""","=""""",,"=""181593.70""","=""196608.91""","=""5s2.5p3.(2D*).4f""","=""3F""","=""2""","=""5s2.5p3.(2D*).6d""","=""3F*""","=""3""",,
"=""666.555""","=""0.005""","=""666.552+""","=""2""","=""""",,"=""162957.50""","=""177955.93""","=""5s2.5p3.(2P*).5d""","=""1F*""","=""3""","=""5s2.5p3.(2P*).6p""","=""3D""","=""2""",,
"=""669.881""","=""0.005""","=""669.878+""","=""2""","=""""",,"=""181684.94""","=""196608.91""","=""5s2.5p3.(2D*).4f""","=""3H""","=""4""","=""5s2.5p3.(2D*).6d""","=""3F*""","=""3""",,
"=""671.060""","=""0.005""","=""671.048+""","=""0""","=""""",,"=""186614.26""","=""201512.20""","=""5s2.5p3.(2D*).4f""","=""3F""","=""3""","=""5s2.5p3.(2D*).6d""","=""3D*""","=""2""",,
"=""672.274""","=""0.005""","=""672.275+""","=""6""","=""""",,"=""170250.15""","=""185120.90""","=""5s2.5p3.(4S*).4f""","=""3F""","=""3""","=""5s2.5p3.(4S*).6d""","=""3D*""","=""2""",,
"=""673.387""","=""0.005""","=""673.392+""","=""15""","=""""",,"=""182464.48""","=""197310.57""","=""5s2.5p3.(4S*).6d""","=""5D*""","=""3""","=""5s2.5p3.(4S*).5f""","=""5F""","=""4""",,
"=""675.944""","=""0.005""","=""675.956+""","=""2h""","=""""",,"=""182464.48""","=""197254.25""","=""5s2.5p3.(4S*).6d""","=""5D*""","=""3""","=""5s2.5p3.(2P*).4f""","=""3F""","=""2""",,
"=""676.794""","=""0.005""","=""676.783+""","=""4""","=""""",,"=""175052.36""","=""189824.07""","=""5s2.5p3.(2P*).5d""","=""1P*""","=""1""","=""5s2.5p3.(2D*).4f""","=""1D""","=""2""",,
"=""678.040""","=""0.005""","=""678.039+""","=""22a""","=""""",,"=""182716.33""","=""197460.67""","=""5s2.5p3.(4S*).6d""","=""5D*""","=""4""","=""5s2.5p3.(4S*).5f""","=""5F""","=""5""",,
"=""679.947""","=""0.005""","=""679.949+""","=""4""","=""""",,"=""182551.32""","=""197254.25""","=""5s2.5p3.(4S*).6d""","=""5D*""","=""1""","=""5s2.5p3.(2P*).4f""","=""3F""","=""2""",,
"=""681.576""","=""0.005""","=""681.577+""","=""0h""","=""""",,"=""181593.70""","=""196261.50""","=""5s2.5p3.(2D*).4f""","=""3F""","=""2""","=""5s2.5p3.(2D*).6d""","=""3G*""","=""3""",,
"=""681.816""","=""0.005""","=""681.815+""","=""5""","=""""",,"=""138145.49""","=""152808.17""","=""5s2.5p3.(2D*).6s""","=""3D*""","=""1""","=""5s2.5p3.(4S*).6p""","=""3P""","=""0""",,
"=""682.681""","=""0.005""","=""682.692+""","=""0""","=""""",,"=""185406.74""","=""200050.60""","=""5s2.5p3.(2D*).4f""","=""3F""","=""4""","=""5s2.5p3.(2D*).6d""","=""3G*""","=""4""",,
"=""684.783""","=""0.005""","=""684.774+""","=""4""","=""""",,"=""171989.82""","=""186589.15""","=""5s2.5p3.(2D*).6p""","=""1D""","=""2""","=""5s2.5p3.(4S*).6d""","=""3D*""","=""1""",,
"=""685.012""","=""0.005""","=""685.013+""","=""1""","=""""",,"=""182716.33""","=""197310.57""","=""5s2.5p3.(4S*).6d""","=""5D*""","=""4""","=""5s2.5p3.(4S*).5f""","=""5F""","=""4""",,
"=""685.844""","=""0.005""","=""685.844+""","=""0""","=""""",,"=""181684.94""","=""196261.50""","=""5s2.5p3.(2D*).4f""","=""3H""","=""4""","=""5s2.5p3.(2D*).6d""","=""3G*""","=""3""",,
"=""689.569""","=""0.005""","=""689.590+""","=""0""","=""""",,"=""160733.77""","=""175231.15""","=""5s2.5p3.(2D*).5d""","=""3P*""","=""0""","=""5s2.5p3.(2P*).6p""","=""3D""","=""1""",,
"=""691.874""","=""0.005""","=""691.903+""","=""0""","=""""",,"=""186022.92""","=""200471.83""","=""5s2.5p3.(2D*).4f""","=""1H""","=""5""","=""5s2.5p3.(2D*).6d""","=""3G*""","=""5""",,
"=""694.993""","=""0.005""","=""694.962+""","=""(100)H""","=""""",,"=""186086.52""","=""200471.83""","=""5s2.5p3.(2D*).4f""","=""3H""","=""6""","=""5s2.5p3.(2D*).6d""","=""3G*""","=""5""",,
"=""704.399""","=""0.005""","=""704.388+""","=""20h""","=""""",,"=""153893.20""","=""168086.00""","=""5s2.5p3.(2P*).5d""","=""3D*""","=""2""","=""5s2.5p3.(2D*).6p""","=""3P""","=""1""",,
"=""704.935""","=""0.005""","=""704.926+""","=""4h""","=""""",,"=""148412.84""","=""162594.81""","=""5s2.5p3.(2D*).5d""","=""1F*""","=""3""","=""5s2.5p3.(2D*).6p""","=""3F""","=""3""",,
"=""712.73""","=""0.005""","=""712.680+""","=""(10)Hw""","=""""",,"=""186022.92""","=""200050.60""","=""5s2.5p3.(2D*).4f""","=""1H""","=""5""","=""5s2.5p3.(2D*).6d""","=""3G*""","=""4""",,
"=""717.494""","=""0.005""","=""717.491+""","=""8h""","=""""",,"=""136367.48""","=""150301.10""","=""5s2.5p3.(2P*).5d""","=""1D*""","=""2""","=""5s2.5p3.(4S*).6p""","=""3P""","=""1""",,
"=""718.593""","=""0.005""","=""718.594+""","=""8""","=""""",,"=""138145.49""","=""152057.72""","=""5s2.5p3.(2D*).6s""","=""3D*""","=""1""","=""5s2.5p3.(4S*).6p""","=""3P""","=""2""",,
"=""729.899""","=""0.005""","=""729.894+""","=""2h""","=""""",,"=""145300.13""","=""158996.98""","=""5s2.5p3.(2P*).5d""","=""3F*""","=""2""","=""5s2.5p3.(2D*).6p""","=""3D""","=""1""",,
"=""731.115""","=""0.005""","=""731.082+""","=""(10)h*""","=""""",,"=""189701.46""","=""203376.04""","=""5s2.5p3.(2D*).4f""","=""3P""","=""1""","=""5s2.5p3.(2D*).6d""","=""1D*""","=""2""",,
"=""731.115""","=""0.005""","=""731.142+""","=""(10)h*""","=""""",,"=""182482.74""","=""196156.21""","=""5s2.5p3.(4S*).7s""","=""5S*""","=""2""","=""5s2.5p3.(2P*).4f""","=""3F""","=""3""",,
"=""735.30""","=""0.005""","=""735.248+""","=""(5)Hw""","=""""",,"=""189778.94""","=""203376.04""","=""5s2.5p3.(2D*).4f""","=""1F""","=""3""","=""5s2.5p3.(2D*).6d""","=""1D*""","=""2""",,
"=""744.90""","=""0.010""","=""744.886+""","=""4""","=""""",,"=""161809.98""","=""175231.15""","=""5s2.5p3.(2D*).5d""","=""1D*""","=""2""","=""5s2.5p3.(2P*).6p""","=""3D""","=""1""",,
"=""746.082""","=""0.005""","=""746.090+""","=""30H""","=""""",,"=""138658.20""","=""152057.72""","=""5s2.5p3.(2D*).6s""","=""3D*""","=""3""","=""5s2.5p3.(4S*).6p""","=""3P""","=""2""",,
"=""765.384""","=""0.005""","=""765.385+""","=""5h""","=""""",,"=""158928.10""","=""171989.82""","=""5s2.5p3.(2P*).6s""","=""3P*""","=""2""","=""5s2.5p3.(2D*).6p""","=""1D""","=""2""",,
"=""777.71""","=""0.005""","=""777.692+""","=""(10)""","=""""",,"=""173734.12""","=""186589.15""","=""5s2.5p3.(4S*).4f""","=""3F""","=""2""","=""5s2.5p3.(4S*).6d""","=""3D*""","=""1""",,
"=""779.05""","=""0.005""","=""779.064+""","=""(1)""","=""""",,"=""185120.90""","=""197953.29""","=""5s2.5p3.(4S*).6d""","=""3D*""","=""2""","=""5s2.5p3.(2P*).4f""","=""3G""","=""3""",,
"=""790.29""","=""0.005""","=""790.301+""","=""(4)""","=""""",,"=""173734.12""","=""186384.04""","=""5s2.5p3.(4S*).4f""","=""3F""","=""2""","=""5s2.5p3.(4S*).6d""","=""3D*""","=""3""",,
"=""802.007""","=""0.005""","=""802.031+""","=""(5)bl""","=""""",,"=""185120.90""","=""197585.82""","=""5s2.5p3.(4S*).6d""","=""3D*""","=""2""","=""5s2.5p3.(4S*).5f""","=""5F""","=""3""",,
"=""803.826""","=""0.005""","=""803.798+""","=""(100)hbl""","=""""",,"=""173946.53""","=""186384.04""","=""5s2.5p3.(4S*).4f""","=""3F""","=""4""","=""5s2.5p3.(4S*).6d""","=""3D*""","=""3""",,
"=""804.728""","=""0.005""","=""804.702+""","=""(20)h""","=""""",,"=""184114.53""","=""196538.07""","=""5s2.5p3.(2D*).4f""","=""3G""","=""5""","=""5s2.5p3.(2D*).6d""","=""1G*""","=""4""",,
"=""823.93""","=""0.005""","=""823.948+""","=""(2)h""","=""""",,"=""185120.90""","=""197254.25""","=""5s2.5p3.(4S*).6d""","=""3D*""","=""2""","=""5s2.5p3.(2P*).4f""","=""3F""","=""2""",,
"=""886.940""","=""0.005""","=""886.971+""","=""(2)H""","=""""",,"=""186589.15""","=""197860.38""","=""5s2.5p3.(4S*).6d""","=""3D*""","=""1""","=""5s2.5p3.(4S*).5f""","=""5F""","=""2""",,
