obs_wl_air(nm),ritz_wl_air(nm),unc_ritz_wl,intens,Aki(s^-1),Acc,Ei(cm-1),Ek(cm-1),conf_i,term_i,J_i,conf_k,term_k,J_k,Type,
"=""400.0695""","=""400.0668""","=""0.0011""","=""15""","=""""",,"=""28797.24""","=""53786.00""","=""5d4.6s.(6D).6p""","=""7D*""","=""4""","=""""","=""""","=""4""",,
"=""400.1380""","=""400.1366""","=""0.0011""","=""20""","=""5.6e+05""",B,"=""12161.96""","=""37146.36""","=""5d4.6s2""","=""3H""","=""4""","=""""","=""*""","=""4""",,
"=""400.2656""","=""400.2664""","=""0.0011""","=""3""","=""""",,"=""28898.96""","=""53875.26""","=""5d4.6s2""","=""3P1""","=""2""","=""""","=""*""","=""1""",,
"=""400.2782""","=""""","=""""","=""1""","=""""",,"=""""","=""""","=""""","=""""","=""""","=""""","=""""","=""""",,
"=""400.2956""","=""""","=""""","=""1""","=""""",,"=""""","=""""","=""""","=""""","=""""","=""""","=""""","=""""",,
"=""400.5152""","=""400.5148""","=""0.0011""","=""1""","=""""",,"=""28233.44""","=""53194.25""","=""5d5.(4F).6s""","=""5F""","=""5""","=""""","=""*""","=""5""",,
"=""400.5404""","=""400.5411""","=""0.0011""","=""25""","=""""",,"=""1670.29""","=""26629.46""","=""5d4.6s2""","=""5D""","=""1""","=""5d4.6s.(6D).6p""","=""5D*""","=""0""",,
"=""400.5688""","=""""","=""""","=""1""","=""""",,"=""""","=""""","=""""","=""""","=""""","=""""","=""""","=""""",,
"=""400.5893""","=""400.5893""","=""0.0011""","=""8""","=""""",,"=""34465.83""","=""59422.00""","=""""","=""""","=""3""","=""""","=""*""","=""2""",,
"=""400.7355""","=""400.7336""","=""0.0011""","=""1""","=""""",,"=""18280.48""","=""43227.66""","=""5d5.(6S).6s""","=""5S""","=""2""","=""""","=""*""","=""2""",,
"=""400.7437""","=""400.7441""","=""0.0011""","=""1""","=""""",,"=""28291.88""","=""53238.41""","=""5d5.(2F1).6s""","=""3F""","=""3""","=""""","=""*""","=""4""",,
"=""400.87506""","=""400.8749""","=""0.0011""","=""1000""","=""1.63e+07""",B,"=""2951.29""","=""27889.68""","=""5d5.(6S).6s""","=""7S""","=""3""","=""5d5.(6S).6p""","=""7P*""","=""4""",,
"=""400.9005""","=""400.8996""","=""0.0011""","=""5""","=""""",,"=""18280.48""","=""43217.33""","=""5d5.(6S).6s""","=""5S""","=""2""","=""""","=""*""","=""1""",,
"=""400.9454""","=""400.9464""","=""0.0011""","=""3""","=""""",,"=""26189.20""","=""51123.14""","=""5d4.6s.(6D).6p""","=""7D*""","=""3""","=""5d4.6s.(6D).7s""","=""5D""","=""4""",,
"=""401.0377""","=""401.0383""","=""0.0011""","=""15""","=""""",,"=""23047.31""","=""47975.54""","=""5d4.6s.(6D).6p""","=""7F*""","=""3""","=""5d4.6s.(6D).7s""","=""7D""","=""4""",,
"=""401.1022""","=""401.1015""","=""0.0011""","=""3""","=""""",,"=""27849.80""","=""52774.10""","=""5d5.(2I).6s""","=""3I""","=""5""","=""""","=""*""","=""5""",,
"=""401.1302""","=""401.1289""","=""0.0011""","=""4""","=""""",,"=""25983.60""","=""50906.20""","=""5d4.6s.(6D).6p""","=""5F*""","=""1""","=""""","=""""","=""1""",,
"=""401.1810""","=""401.1794""","=""0.0011""","=""4""","=""""",,"=""20983.02""","=""45902.48""","=""5d5.(4P).6s""","=""5P""","=""2""","=""""","=""*""","=""2""",,
"=""401.2492""","=""""","=""""","=""1w""","=""""",,"=""""","=""""","=""""","=""""","=""""","=""""","=""""","=""""",,
"=""401.2704""","=""401.2694""","=""0.0011""","=""1""","=""""",,"=""32217.91""","=""57131.78""","=""""","=""""","=""3""","=""""","=""*""","=""3""",,
"=""401.2988""","=""""","=""""","=""1""","=""""",,"=""""","=""""","=""""","=""""","=""""","=""""","=""""","=""""",,
"=""401.3186""","=""401.3182""","=""0.0011""","=""10""","=""""",,"=""13348.56""","=""38259.40""","=""5d4.6s2""","=""3G""","=""3""","=""""","=""*""","=""4""",,
"=""401.3440""","=""""","=""""","=""1w""","=""""",,"=""""","=""""","=""""","=""""","=""""","=""""","=""""","=""""",,
"=""401.4935""","=""401.4928""","=""0.0011""","=""6""","=""""",,"=""17701.18""","=""42601.19""","=""5d4.6s2""","=""3F2""","=""3""","=""""","=""*""","=""3""",,
"=""401.5218""","=""401.5216""","=""0.0011""","=""100""","=""""",,"=""19648.54""","=""44546.76""","=""5d5.(4G).6s""","=""5G""","=""6""","=""""","=""*""","=""5""",,
"=""401.6108""","=""401.6115""","=""0.0011""","=""6""","=""""",,"=""24763.39""","=""49656.04""","=""5d4.6s.(6D).6p""","=""7F*""","=""4""","=""5d4.6s.(6D).7s""","=""5D""","=""3""",,
"=""401.6524""","=""401.6525""","=""0.0011""","=""50""","=""""",,"=""27488.11""","=""52378.22""","=""5d5.(6S).6p""","=""7P*""","=""3""","=""""","=""""","=""4""",,
"=""401.6922""","=""401.6933""","=""0.0011""","=""3""","=""""",,"=""33291.80""","=""58179.38""","=""5d5.(2I).6s""","=""1I""","=""6""","=""""","=""*""","=""5""",,
"=""401.7348""","=""401.7340""","=""0.0011""","=""5*""","=""""",,"=""22476.68""","=""47361.74""","=""5d5.(4D).6s""","=""5D""","=""4""","=""""","=""*""","=""3""",,
"=""401.7348""","=""401.7374""","=""0.0011""","=""5*""","=""""",,"=""28233.44""","=""53118.29""","=""5d5.(4F).6s""","=""5F""","=""5""","=""""","=""*""","=""4""",,
"=""401.8313""","=""401.8310""","=""0.0011""","=""3""","=""""",,"=""20427.84""","=""45306.89""","=""5d5.(4P).6s""","=""5P""","=""1""","=""""","=""*""","=""0""",,
"=""401.8750""","=""401.8750""","=""0.0011""","=""3""","=""""",,"=""18974.51""","=""43850.84""","=""5d5.(4G).6s""","=""5G""","=""3""","=""""","=""*""","=""3""",,
"=""401.8898""","=""""","=""""","=""1""","=""""",,"=""""","=""""","=""""","=""""","=""""","=""""","=""""","=""""",,
"=""401.9123""","=""""","=""""","=""2""","=""""",,"=""""","=""""","=""""","=""""","=""""","=""""","=""""","=""""",,
"=""401.9227""","=""401.9228""","=""0.0011""","=""60""","=""6.7e+05""",B,"=""3325.53""","=""28198.90""","=""5d4.6s2""","=""5D""","=""2""","=""5d4.6s.(6D).6p""","=""5P*""","=""1""",,
"=""402.0204""","=""402.0214""","=""0.0011""","=""2""","=""""",,"=""27213.82""","=""52081.09""","=""5d5.(2F1).6s""","=""3F""","=""4""","=""""","=""*""","=""5""",,
"=""402.1746""","=""402.1742""","=""0.0011""","=""3""","=""""",,"=""13348.56""","=""38206.38""","=""5d4.6s2""","=""3G""","=""3""","=""""","=""*""","=""3""",,
"=""402.2115""","=""402.2111""","=""0.0011""","=""15""","=""""",,"=""20064.30""","=""44919.84""","=""5d4.6s.(6D).6p""","=""7F*""","=""1""","=""5d4.6s.(6D).7s""","=""7D""","=""2""",,
"=""402.2830""","=""""","=""""","=""4""","=""""",,"=""""","=""""","=""""","=""""","=""""","=""""","=""""","=""""",,
"=""402.2994""","=""""","=""""","=""1w""","=""""",,"=""""","=""""","=""""","=""""","=""""","=""""","=""""","=""""",,
"=""402.3492""","=""""","=""""","=""2""","=""""",,"=""""","=""""","=""""","=""""","=""""","=""""","=""""","=""""",,
"=""402.3666""","=""402.3662""","=""0.0011""","=""1""","=""""",,"=""27213.82""","=""52059.78""","=""5d5.(2F1).6s""","=""3F""","=""4""","=""""","=""*""","=""4""",,
"=""402.5194""","=""402.5190""","=""0.0011""","=""5""","=""""",,"=""22852.80""","=""47689.33""","=""5d4.6s2""","=""1G2""","=""4""","=""""","=""*""","=""4""",,
"=""402.5348""","=""402.5321""","=""0.0011""","=""1""","=""""",,"=""28392.70""","=""53228.42""","=""5d5.(2I).6s""","=""3I""","=""6""","=""""","=""*""","=""6""",,
"=""402.5888""","=""402.5890""","=""0.0011""","=""1""","=""""",,"=""26861.64""","=""51693.85""","=""5d5.(2F1).6s""","=""3F""","=""2""","=""""","=""*""","=""2""",,
"=""402.6028""","=""402.6015""","=""0.0011""","=""2""","=""""",,"=""17701.18""","=""42532.62""","=""5d4.6s2""","=""3F2""","=""3""","=""""","=""*""","=""4""",,
"=""402.6822""","=""402.6831""","=""0.0011""","=""1w""","=""""",,"=""28291.88""","=""53118.29""","=""5d5.(2F1).6s""","=""3F""","=""3""","=""""","=""*""","=""4""",,
"=""402.8786""","=""402.8783""","=""0.0011""","=""40""","=""2.48e+06""",B,"=""9528.06""","=""34342.44""","=""5d4.6s2""","=""3P2""","=""0""","=""""","=""*""","=""1""",,
"=""402.9023""","=""402.9013""","=""0.0011""","=""5""","=""""",,"=""17701.18""","=""42514.14""","=""5d4.6s2""","=""3F2""","=""3""","=""""","=""*""","=""3""",,
"=""402.9603""","=""402.9601""","=""0.0011""","=""6""","=""""",,"=""15460.01""","=""40269.35""","=""5d4.6s2""","=""3D""","=""3""","=""""","=""*""","=""3""",,
"=""402.9922""","=""""","=""""","=""3""","=""""",,"=""""","=""""","=""""","=""""","=""""","=""""","=""""","=""""",,
"=""402.9982""","=""402.9978""","=""0.0011""","=""3""","=""""",,"=""24610.88""","=""49417.90""","=""5d4.6s2""","=""1F""","=""3""","=""""","=""*""","=""3""",,
"=""403.0844""","=""403.0867""","=""0.0011""","=""1""","=""""",,"=""28392.70""","=""53194.25""","=""5d5.(2I).6s""","=""3I""","=""6""","=""""","=""*""","=""5""",,
"=""403.1668""","=""403.1664""","=""0.0011""","=""6""","=""""",,"=""27488.11""","=""52284.76""","=""5d5.(6S).6p""","=""7P*""","=""3""","=""""","=""""","=""3""",,
"=""403.2382""","=""""","=""""","=""4""","=""""",,"=""""","=""""","=""""","=""""","=""""","=""""","=""""","=""""",,
"=""403.2622""","=""""","=""""","=""3""","=""""",,"=""""","=""""","=""""","=""""","=""""","=""""","=""""","=""""",,
"=""403.3466""","=""403.3469""","=""0.0011""","=""1w""","=""""",,"=""31389.08""","=""56174.63""","=""5d5.(4G).6s""","=""3G""","=""5""","=""""","=""*""","=""4""",,
"=""403.4744""","=""403.4734""","=""0.0011""","=""2""","=""""",,"=""20983.02""","=""45760.80""","=""5d5.(4P).6s""","=""5P""","=""2""","=""""","=""*""","=""1""",,
"=""403.4898""","=""""","=""""","=""1w""","=""""",,"=""""","=""""","=""""","=""""","=""""","=""""","=""""","=""""",,
"=""403.5356""","=""403.5356""","=""0.0011""","=""12""","=""2.90e+06""",B,"=""15460.01""","=""40233.97""","=""5d4.6s2""","=""3D""","=""3""","=""""","=""*""","=""4""",,
"=""403.6227""","=""403.6229""","=""0.0011""","=""2""","=""""",,"=""19827.68""","=""44596.28""","=""5d5.(4P).6s""","=""5P""","=""3""","=""""","=""*""","=""2""",,
"=""403.6428""","=""403.6419""","=""0.0011""","=""2""","=""""",,"=""19253.56""","=""44021.00""","=""5d4.6s2""","=""3P2""","=""2""","=""""","=""*""","=""3""",,
"=""403.6520""","=""403.6518""","=""0.0011""","=""2""","=""""",,"=""16431.31""","=""41198.14""","=""5d4.6s2""","=""3G""","=""4""","=""""","=""*""","=""4""",,
"=""403.6855""","=""403.6855""","=""0.0011""","=""40""","=""1.49e+07""",B,"=""19256.24""","=""44021.00""","=""5d5.(4G).6s""","=""5G""","=""4""","=""""","=""*""","=""3""",,
"=""403.9418""","=""403.9416""","=""0.0011""","=""8""","=""""",,"=""17701.18""","=""42450.24""","=""5d4.6s2""","=""3F2""","=""3""","=""""","=""*""","=""4""",,
"=""403.9854""","=""403.9857""","=""0.0011""","=""12""","=""""",,"=""18974.51""","=""43720.87""","=""5d5.(4G).6s""","=""5G""","=""3""","=""""","=""*""","=""4""",,
"=""403.9922""","=""403.9916""","=""0.0011""","=""5""","=""""",,"=""23930.08""","=""48676.08""","=""5d5.(4D).6s""","=""5D""","=""3""","=""""","=""*""","=""4""",,
"=""404.0588""","=""404.0588""","=""0.0011""","=""10""","=""""",,"=""19648.54""","=""44390.42""","=""5d5.(4G).6s""","=""5G""","=""6""","=""""","=""*""","=""6""",,
"=""404.080""","=""404.0791""","=""0.0011""","=""3""","=""""",,"=""22852.80""","=""47593.44""","=""5d4.6s2""","=""1G2""","=""4""","=""""","=""*""","=""3""",,
"=""404.108""","=""404.1078""","=""0.0011""","=""2""","=""""",,"=""26861.64""","=""51600.52""","=""5d5.(2F1).6s""","=""3F""","=""2""","=""""","=""*""","=""3""",,
"=""404.2390""","=""404.2392""","=""0.0011""","=""6""","=""""",,"=""14976.18""","=""39707.02""","=""5d4.6s2""","=""3D""","=""2""","=""""","=""*""","=""2""",,
"=""404.2674""","=""404.2665""","=""0.0011""","=""3""","=""""",,"=""19256.24""","=""43985.41""","=""5d5.(4G).6s""","=""5G""","=""4""","=""""","=""*""","=""4""",,
"=""404.3408""","=""404.3399""","=""0.0011""","=""3""","=""""",,"=""24789.66""","=""49514.34""","=""5d4.6s2""","=""1D2""","=""2""","=""""","=""*""","=""3""",,
"=""404.3526""","=""""","=""""","=""2""","=""""",,"=""""","=""""","=""""","=""""","=""""","=""""","=""""","=""""",,
"=""404.3894""","=""404.3893""","=""0.0011""","=""8""","=""1.42e+07""",C,"=""19253.56""","=""43975.22""","=""5d4.6s2""","=""3P2""","=""2""","=""""","=""*""","=""2""",,
"=""404.4048""","=""404.4047""","=""0.0011""","=""3""","=""""",,"=""19826.04""","=""44546.76""","=""5d4.6s2""","=""3G""","=""5""","=""""","=""*""","=""5""",,
"=""404.4280""","=""404.4279""","=""0.0011""","=""30""","=""""",,"=""26229.77""","=""50949.07""","=""5d5.(6S).6p""","=""7P*""","=""2""","=""""","=""""","=""1""",,
"=""404.5404""","=""404.5409""","=""0.0011""","=""5w""","=""""",,"=""12161.96""","=""36874.36""","=""5d4.6s2""","=""3H""","=""4""","=""""","=""*""","=""3""",,
"=""404.5594""","=""404.5600""","=""0.0011""","=""100""","=""2.88e+06""",B,"=""2951.29""","=""27662.52""","=""5d5.(6S).6s""","=""7S""","=""3""","=""5d4.6s.(6D).6p""","=""5F*""","=""2""",,
"=""404.6702""","=""404.6704""","=""0.0011""","=""25""","=""""",,"=""13348.56""","=""38053.05""","=""5d4.6s2""","=""3G""","=""3""","=""""","=""*""","=""3""",,
"=""404.698""","=""404.6986""","=""0.0011""","=""1""","=""""",,"=""29853.66""","=""54556.43""","=""5d5.(4F).6s""","=""5F""","=""4""","=""""","=""*""","=""3""",,
"=""404.7938""","=""404.7933""","=""0.0011""","=""12""","=""5.0e+04""",C,"=""1670.29""","=""26367.28""","=""5d4.6s2""","=""5D""","=""1""","=""""","=""*""","=""2""",,
"=""404.8136""","=""404.8139""","=""0.0011""","=""2""","=""""",,"=""32135.94""","=""56831.67""","=""5d5.(4G).6s""","=""3G""","=""4""","=""""","=""*""","=""4""",,
"=""404.8320""","=""404.8313""","=""0.0011""","=""5""","=""""",,"=""20983.02""","=""45677.69""","=""5d5.(4P).6s""","=""5P""","=""2""","=""""","=""*""","=""3""",,
"=""404.8854""","=""404.8874""","=""0.0011""","=""5""","=""""",,"=""33952.85""","=""58644.10""","=""5d5.(4D).6s""","=""3D""","=""3""","=""""","=""*""","=""3""",,
"=""405.0493""","=""405.0506""","=""0.0011""","=""1""","=""""",,"=""28204.20""","=""52885.50""","=""5d5.(4F).6s""","=""5F""","=""2""","=""""","=""*""","=""2""",,
"=""405.1300""","=""405.1306""","=""0.0011""","=""3w""","=""""",,"=""26229.77""","=""50906.20""","=""5d5.(6S).6p""","=""7P*""","=""2""","=""""","=""""","=""1""",,
"=""405.232""","=""405.2324""","=""0.0012""","=""6""","=""""",,"=""14976.18""","=""39646.41""","=""5d4.6s2""","=""3D""","=""2""","=""""","=""*""","=""3""",,
"=""405.268""","=""405.2689""","=""0.0012""","=""2w""","=""""",,"=""19256.24""","=""43924.25""","=""5d5.(4G).6s""","=""5G""","=""4""","=""""","=""*""","=""5""",,
"=""405.3932""","=""405.3933""","=""0.0012""","=""15""","=""4.9e+06""",B,"=""14976.18""","=""39636.62""","=""5d4.6s2""","=""3D""","=""2""","=""""","=""*""","=""1""",,
"=""405.5056""","=""405.5057""","=""0.0012""","=""1""","=""""",,"=""23484.78""","=""48138.38""","=""5d4.6s2""","=""1I""","=""6""","=""""","=""*""","=""5""",,
"=""405.523""","=""405.5228""","=""0.0012""","=""5""","=""1.79e+05""",C,"=""13348.56""","=""38001.12""","=""5d4.6s2""","=""3G""","=""3""","=""""","=""*""","=""4""",,
"=""405.5642""","=""405.5645""","=""0.0012""","=""4""","=""""",,"=""15069.93""","=""39719.96""","=""5d4.6s2""","=""3H""","=""5""","=""""","=""*""","=""4""",,
"=""405.6181""","=""405.6163""","=""0.0012""","=""2w""","=""""",,"=""29139.12""","=""53786.00""","=""5d4.6s.(6D).6p""","=""5F*""","=""3""","=""""","=""""","=""4""",,
"=""405.6459""","=""405.6458""","=""0.0012""","=""2""","=""""",,"=""28347.60""","=""52992.69""","=""5d5.(4F).6s""","=""5F""","=""3""","=""""","=""*""","=""4""",,
"=""405.6908""","=""405.6920""","=""0.0012""","=""2""","=""""",,"=""27213.82""","=""51856.10""","=""5d5.(2F1).6s""","=""3F""","=""4""","=""""","=""*""","=""4""",,
"=""405.7460""","=""405.7450""","=""0.0012""","=""4""","=""""",,"=""19253.56""","=""43892.62""","=""5d4.6s2""","=""3P2""","=""2""","=""""","=""*""","=""1""",,
"=""405.9244""","=""405.9233""","=""0.0012""","=""4""","=""""",,"=""24789.66""","=""49417.90""","=""5d4.6s2""","=""1D2""","=""2""","=""""","=""*""","=""3""",,
"=""406.0166""","=""406.0173""","=""0.0012""","=""1""","=""""",,"=""28233.44""","=""52855.98""","=""5d5.(4F).6s""","=""5F""","=""5""","=""""","=""*""","=""6""",,
"=""406.0234""","=""406.0222""","=""0.0012""","=""2""","=""""",,"=""27662.52""","=""52284.76""","=""5d4.6s.(6D).6p""","=""5F*""","=""2""","=""""","=""""","=""3""",,
"=""406.0705""","=""406.0700""","=""0.0012""","=""12""","=""5.9e+06""",B,"=""19827.68""","=""44447.02""","=""5d5.(4P).6s""","=""5P""","=""3""","=""""","=""*""","=""3""",,
"=""406.2260""","=""406.2266""","=""0.0012""","=""1""","=""""",,"=""33569.53""","=""58179.38""","=""""","=""""","=""4""","=""""","=""*""","=""5""",,
"=""406.4580""","=""406.4574""","=""0.0012""","=""4""","=""""",,"=""28347.60""","=""52943.48""","=""5d5.(4F).6s""","=""5F""","=""3""","=""""","=""*""","=""3""",,
"=""406.4791""","=""406.4785""","=""0.0012""","=""40""","=""1.59e+07""",B,"=""19256.24""","=""43850.84""","=""5d5.(4G).6s""","=""5G""","=""4""","=""""","=""*""","=""3""",,
"=""406.5320""","=""406.5332""","=""0.0012""","=""6""","=""""",,"=""24763.39""","=""49354.68""","=""5d4.6s.(6D).6p""","=""7F*""","=""4""","=""5d4.6s.(6D).7s""","=""7D""","=""5""",,
"=""406.5992""","=""406.5987""","=""0.0012""","=""5""","=""""",,"=""17107.01""","=""41694.34""","=""5d4.6s2""","=""3F2""","=""4""","=""""","=""*""","=""3""",,
"=""406.6910""","=""406.6904""","=""0.0012""","=""8""","=""""",,"=""26367.28""","=""50949.07""","=""""","=""*""","=""2""","=""""","=""""","=""1""",,
"=""406.7513""","=""406.7509""","=""0.0012""","=""2""","=""""",,"=""13777.71""","=""38355.84""","=""5d4.6s2""","=""3F2""","=""2""","=""""","=""*""","=""1""",,
"=""406.9154""","=""406.9137""","=""0.0012""","=""4""","=""""",,"=""20983.02""","=""45551.32""","=""5d5.(4P).6s""","=""5P""","=""2""","=""""","=""*""","=""3""",,
"=""406.9794""","=""406.9786""","=""0.0012""","=""12""","=""""",,"=""19826.04""","=""44390.42""","=""5d4.6s2""","=""3G""","=""5""","=""""","=""*""","=""6""",,
"=""406.9950""","=""406.9948""","=""0.0012""","=""80""","=""3.60e+06""",B,"=""4830.00""","=""29393.40""","=""5d4.6s2""","=""5D""","=""3""","=""5d4.6s.(6D).6p""","=""5P*""","=""2""",,
"=""407.0608""","=""407.0598""","=""0.0012""","=""60""","=""5.7e+05""",B,"=""1670.29""","=""26229.77""","=""5d4.6s2""","=""5D""","=""1""","=""5d5.(6S).6p""","=""7P*""","=""2""",,
"=""407.0890""","=""""","=""""","=""1w""","=""""",,"=""""","=""""","=""""","=""""","=""""","=""""","=""""","=""""",,
"=""407.1928""","=""407.1923""","=""0.0012""","=""25""","=""3.29e+06""",B,"=""15460.01""","=""40011.50""","=""5d4.6s2""","=""3D""","=""3""","=""""","=""*""","=""2""",,
"=""407.3150""","=""407.3145""","=""0.0012""","=""12""","=""""",,"=""15069.93""","=""39614.05""","=""5d4.6s2""","=""3H""","=""5""","=""""","=""*""","=""5""",,
"=""407.3864""","=""407.3859""","=""0.0012""","=""3""","=""""",,"=""19827.68""","=""44367.50""","=""5d5.(4P).6s""","=""5P""","=""3""","=""""","=""*""","=""2""",,
"=""407.4358""","=""407.4357""","=""0.0012""","=""600""","=""1.0e+07""",B,"=""2951.29""","=""27488.11""","=""5d5.(6S).6s""","=""7S""","=""3""","=""5d5.(6S).6p""","=""7P*""","=""3""",,
"=""407.6124""","=""""","=""""","=""2""","=""""",,"=""""","=""""","=""""","=""""","=""""","=""""","=""""","=""""",,
"=""407.7043""","=""407.7039""","=""0.0012""","=""5""","=""""",,"=""27662.52""","=""52183.20""","=""5d4.6s.(6D).6p""","=""5F*""","=""2""","=""""","=""""","=""2""",,
"=""407.8119""","=""407.8127""","=""0.0012""","=""6""","=""""",,"=""27488.11""","=""52002.25""","=""5d5.(6S).6p""","=""7P*""","=""3""","=""""","=""""","=""3""",,
"=""407.9258""","=""407.9250""","=""0.0012""","=""4""","=""""",,"=""22852.80""","=""47360.19""","=""5d4.6s2""","=""1G2""","=""4""","=""""","=""*""","=""4""",,
"=""407.9458""","=""407.9457""","=""0.0012""","=""1""","=""""",,"=""28720.88""","=""53227.03""","=""5d5.(4P).6s""","=""3P""","=""1""","=""""","=""*""","=""1""",,
"=""407.9804""","=""407.9803""","=""0.0012""","=""3""","=""""",,"=""18974.51""","=""43478.58""","=""5d5.(4G).6s""","=""5G""","=""3""","=""""","=""*""","=""3""",,
"=""408.0166""","=""""","=""""","=""1w""","=""""",,"=""""","=""""","=""""","=""""","=""""","=""""","=""""","=""""",,
"=""408.1737""","=""408.1727""","=""0.0012""","=""1""","=""""",,"=""16431.31""","=""40923.83""","=""5d4.6s2""","=""3G""","=""4""","=""""","=""*""","=""3""",,
"=""408.2054""","=""408.2037""","=""0.0012""","=""3""","=""""",,"=""18082.83""","=""42573.49""","=""5d4.6s2""","=""3D""","=""1""","=""""","=""*""","=""1""",,
"=""408.2958""","=""408.2959""","=""0.0012""","=""30""","=""""",,"=""19256.24""","=""43741.37""","=""5d5.(4G).6s""","=""5G""","=""4""","=""""","=""*""","=""5""",,
"=""408.3711""","=""408.3703""","=""0.0012""","=""6""","=""""",,"=""16431.31""","=""40911.98""","=""5d4.6s2""","=""3G""","=""4""","=""""","=""*""","=""5""",,
"=""408.5044""","=""""","=""""","=""2""","=""""",,"=""""","=""""","=""""","=""""","=""""","=""""","=""""","=""""",,
"=""408.600""","=""408.6008""","=""0.0012""","=""2""","=""""",,"=""13307.10""","=""37773.96""","=""5d4.6s2""","=""3P2""","=""1""","=""""","=""*""","=""1""",,
"=""408.6525""","=""""","=""""","=""3""","=""""",,"=""""","=""""","=""""","=""""","=""""","=""""","=""""","=""""",,
"=""408.6961""","=""408.6943""","=""0.0012""","=""2""","=""""",,"=""24610.88""","=""49072.14""","=""5d4.6s2""","=""1F""","=""3""","=""""","=""*""","=""3""",,
"=""408.7388""","=""408.7388""","=""0.0012""","=""4""","=""""",,"=""31389.08""","=""55847.68""","=""5d5.(4G).6s""","=""3G""","=""5""","=""""","=""*""","=""6""",,
"=""408.7729""","=""408.7714""","=""0.0012""","=""1""","=""""",,"=""18116.84""","=""42573.49""","=""5d5.(4G).6s""","=""5G""","=""2""","=""""","=""*""","=""1""",,
"=""408.7980""","=""408.7963""","=""0.0012""","=""1""","=""""",,"=""22476.68""","=""46931.84""","=""5d5.(4D).6s""","=""5D""","=""4""","=""""","=""*""","=""4""",,
"=""408.8330""","=""408.8329""","=""0.0012""","=""30""","=""4.13e+05""",C,"=""3325.53""","=""27778.50""","=""5d4.6s2""","=""5D""","=""2""","=""5d4.6s.(6D).6p""","=""5D*""","=""1""",,
"=""408.8768""","=""408.8758""","=""0.0012""","=""10""","=""""",,"=""19535.01""","=""43985.41""","=""5d5.(4G).6s""","=""5G""","=""5""","=""""","=""*""","=""4""",,
"=""408.9054""","=""408.9038""","=""0.0012""","=""2w""","=""""",,"=""27488.11""","=""51936.84""","=""5d5.(6S).6p""","=""7P*""","=""3""","=""""","=""""","=""2""",,
"=""408.9380""","=""408.9384""","=""0.0012""","=""8""","=""""",,"=""26676.48""","=""51123.14""","=""5d4.6s.(6D).6p""","=""7F*""","=""5""","=""5d4.6s.(6D).7s""","=""5D""","=""4""",,
"=""409.030""","=""""","=""""","=""2""","=""""",,"=""""","=""""","=""""","=""""","=""""","=""""","=""""","=""""",,
"=""409.0636""","=""409.0626""","=""0.0012""","=""6""","=""""",,"=""20983.02""","=""45422.26""","=""5d5.(4P).6s""","=""5P""","=""2""","=""""","=""*""","=""2""",,
"=""409.1040""","=""""","=""""","=""4""","=""""",,"=""""","=""""","=""""","=""""","=""""","=""""","=""""","=""""",,
"=""409.1212""","=""""","=""""","=""3""","=""""",,"=""""","=""""","=""""","=""""","=""""","=""""","=""""","=""""",,
"=""409.2392""","=""409.2396""","=""0.0012""","=""10w""","=""""",,"=""13777.71""","=""38206.38""","=""5d4.6s2""","=""3F2""","=""2""","=""""","=""*""","=""3""",,
"=""409.3134""","=""""","=""""","=""10w""","=""""",,"=""""","=""""","=""""","=""""","=""""","=""""","=""""","=""""",,
"=""409.4747""","=""""","=""""","=""3""","=""""",,"=""""","=""""","=""""","=""""","=""""","=""""","=""""","=""""",,
"=""409.5693""","=""409.5690""","=""0.0012""","=""15""","=""""",,"=""17008.50""","=""41417.52""","=""5d4.6s2""","=""3H""","=""6""","=""""","=""*""","=""6""",,
"=""409.5992""","=""409.6002""","=""0.0012""","=""2""","=""""",,"=""23982.80""","=""48389.96""","=""5d5.(4D).6s""","=""5D""","=""2""","=""""","=""*""","=""1""",,
"=""409.6424""","=""409.6415""","=""0.0012""","=""2w""","=""""",,"=""27778.50""","=""52183.20""","=""5d4.6s.(6D).6p""","=""5D*""","=""1""","=""""","=""""","=""2""",,
"=""409.6756""","=""""","=""""","=""1w""","=""""",,"=""""","=""""","=""""","=""""","=""""","=""""","=""""","=""""",,
"=""409.7344""","=""409.7365""","=""0.0012""","=""2w""","=""""",,"=""26861.64""","=""51260.68""","=""5d5.(2F1).6s""","=""3F""","=""2""","=""""","=""*""","=""1""",,
"=""409.7664""","=""409.7658""","=""0.0012""","=""10""","=""""",,"=""18116.84""","=""42514.14""","=""5d5.(4G).6s""","=""5G""","=""2""","=""""","=""*""","=""3""",,
"=""409.7826""","=""409.7821""","=""0.0012""","=""3""","=""""",,"=""23930.08""","=""48326.41""","=""5d5.(4D).6s""","=""5D""","=""3""","=""""","=""*""","=""3""",,
"=""409.8028""","=""409.8031""","=""0.0012""","=""2w""","=""""",,"=""27889.68""","=""52284.76""","=""5d5.(6S).6p""","=""7P*""","=""4""","=""""","=""""","=""3""",,
"=""409.848""","=""409.8478""","=""0.0012""","=""3""","=""""",,"=""17107.01""","=""41499.43""","=""5d4.6s2""","=""3F2""","=""4""","=""""","=""*""","=""3""",,
"=""409.9016""","=""409.9012""","=""0.0012""","=""10""","=""""",,"=""19535.01""","=""43924.25""","=""5d5.(4G).6s""","=""5G""","=""5""","=""""","=""*""","=""5""",,
"=""410.0334""","=""410.0330""","=""0.0012""","=""2""","=""""",,"=""28392.70""","=""52774.10""","=""5d5.(2I).6s""","=""3I""","=""6""","=""""","=""*""","=""5""",,
"=""410.0891""","=""410.0882""","=""0.0012""","=""6""","=""""",,"=""22476.68""","=""46854.80""","=""5d5.(4D).6s""","=""5D""","=""4""","=""""","=""*""","=""5""",,
"=""410.1648""","=""410.1659""","=""0.0012""","=""3""","=""""",,"=""35299.82""","=""59673.32""","=""""","=""""","=""4""","=""""","=""*""","=""5""",,
"=""410.1845""","=""""","=""""","=""8""","=""""",,"=""""","=""""","=""""","=""""","=""""","=""""","=""""","=""""",,
"=""410.2367""","=""410.2364""","=""0.0012""","=""2w""","=""""",,"=""29479.32""","=""53848.63""","=""5d4.6s2""","=""3F1""","=""4""","=""""","=""*""","=""4""",,
"=""410.2702""","=""410.2701""","=""0.0012""","=""100""","=""4.9e+06""",B,"=""6219.33""","=""30586.64""","=""5d4.6s2""","=""5D""","=""4""","=""5d4.6s.(6D).6p""","=""5P*""","=""3""",,
"=""410.2942""","=""410.2949""","=""0.0012""","=""4""","=""4.2e+04""",C,"=""4830.00""","=""29195.84""","=""5d4.6s2""","=""5D""","=""3""","=""5d4.6s.(6D).6p""","=""5D*""","=""2""",,
"=""410.3118""","=""410.3103""","=""0.0012""","=""6""","=""""",,"=""23455.02""","=""47819.94""","=""5d5.(4D).6s""","=""5D""","=""1""","=""""","=""*""","=""1""",,
"=""410.6698""","=""410.6695""","=""0.0012""","=""6""","=""""",,"=""23982.80""","=""48326.41""","=""5d5.(4D).6s""","=""5D""","=""2""","=""""","=""*""","=""3""",,
"=""410.7816""","=""410.7812""","=""0.0012""","=""5""","=""1.1e+04""",E,"=""3325.53""","=""27662.52""","=""5d4.6s2""","=""5D""","=""2""","=""5d4.6s.(6D).6p""","=""5F*""","=""2""",,
"=""410.8529""","=""410.8527""","=""0.0012""","=""12""","=""""",,"=""18116.84""","=""42449.60""","=""5d5.(4G).6s""","=""5G""","=""2""","=""""","=""*""","=""2""",,
"=""410.9746""","=""410.9749""","=""0.0012""","=""30""","=""""",,"=""13348.56""","=""37674.08""","=""5d4.6s2""","=""3G""","=""3""","=""""","=""*""","=""3""",,
"=""411.0572""","=""411.0562""","=""0.0012""","=""8""","=""2.16e+06""",B,"=""18280.48""","=""42601.19""","=""5d5.(6S).6s""","=""5S""","=""2""","=""""","=""*""","=""3""",,
"=""411.1672""","=""411.1661""","=""0.0012""","=""5""","=""""",,"=""23930.08""","=""48244.29""","=""5d5.(4D).6s""","=""5D""","=""3""","=""""","=""*""","=""2""",,
"=""411.1815""","=""411.1813""","=""0.0012""","=""25""","=""1.6e+05""",B,"=""1670.29""","=""25983.60""","=""5d4.6s2""","=""5D""","=""1""","=""5d4.6s.(6D).6p""","=""5F*""","=""1""",,
"=""411.2484""","=""411.2480""","=""0.0012""","=""8""","=""""",,"=""20427.84""","=""44737.21""","=""5d5.(4P).6s""","=""5P""","=""1""","=""""","=""*""","=""1""",,
"=""411.419""","=""411.4199""","=""0.0012""","=""1""","=""""",,"=""28204.20""","=""52503.41""","=""5d5.(4F).6s""","=""5F""","=""2""","=""""","=""*""","=""2""",,
"=""411.4821""","=""411.4814""","=""0.0012""","=""6w""","=""""",,"=""26229.77""","=""50525.35""","=""5d5.(6S).6p""","=""7P*""","=""2""","=""""","=""""","=""2""",,
"=""411.5585""","=""411.5576""","=""0.0012""","=""12""","=""4.8e+05""",C,"=""15069.93""","=""39361.01""","=""5d4.6s2""","=""3H""","=""5""","=""""","=""*""","=""5""",,
"=""411.6718""","=""411.6744""","=""0.0012""","=""3""","=""""",,"=""32217.91""","=""56502.10""","=""""","=""""","=""3""","=""""","=""*""","=""4""",,
"=""411.8052""","=""411.8050""","=""0.0012""","=""25""","=""9.3e+06""",B,"=""18974.51""","=""43251.00""","=""5d5.(4G).6s""","=""5G""","=""3""","=""""","=""*""","=""4""",,
"=""411.8186""","=""411.8182""","=""0.0012""","=""15""","=""""",,"=""19648.54""","=""43924.25""","=""5d5.(4G).6s""","=""5G""","=""6""","=""""","=""*""","=""5""",,
"=""411.8246""","=""411.8245""","=""0.0012""","=""5""","=""""",,"=""13777.71""","=""38053.05""","=""5d4.6s2""","=""3F2""","=""2""","=""""","=""*""","=""3""",,
"=""411.8976""","=""""","=""""","=""6""","=""""",,"=""""","=""""","=""""","=""""","=""""","=""""","=""""","=""""",,
"=""411.9287""","=""411.9316""","=""0.0012""","=""1w""","=""""",,"=""33291.80""","=""57560.83""","=""5d5.(2I).6s""","=""1I""","=""6""","=""""","=""*""","=""5""",,
"=""412.022""","=""412.0221""","=""0.0012""","=""1w""","=""""",,"=""29853.66""","=""54117.36""","=""5d5.(4F).6s""","=""5F""","=""4""","=""""","=""*""","=""3""",,
"=""412.0356""","=""""","=""""","=""1w""","=""""",,"=""""","=""""","=""""","=""""","=""""","=""""","=""""","=""""",,
"=""412.0854""","=""412.0857""","=""0.0012""","=""15""","=""1.96e+06""",B,"=""15460.01""","=""39719.96""","=""5d4.6s2""","=""3D""","=""3""","=""""","=""*""","=""4""",,
"=""412.2014""","=""412.2013""","=""0.0012""","=""12""","=""5.1e+06""",B,"=""18974.51""","=""43227.66""","=""5d5.(4G).6s""","=""5G""","=""3""","=""""","=""*""","=""2""",,
"=""412.3051""","=""412.3057""","=""0.0012""","=""10""","=""""",,"=""15460.01""","=""39707.02""","=""5d4.6s2""","=""3D""","=""3""","=""""","=""*""","=""2""",,
"=""412.4164""","=""412.4169""","=""0.0012""","=""2w""","=""""",,"=""23930.08""","=""48170.55""","=""5d5.(4D).6s""","=""5D""","=""3""","=""""","=""*""","=""3""",,
"=""412.5164""","=""412.5178""","=""0.0012""","=""20""","=""3.1e+06""",B,"=""16431.31""","=""40665.85""","=""5d4.6s2""","=""3G""","=""4""","=""""","=""*""","=""3""",,
"=""412.5325""","=""412.5328""","=""0.0012""","=""8""","=""""",,"=""18280.48""","=""42514.14""","=""5d5.(6S).6s""","=""5S""","=""2""","=""""","=""*""","=""3""",,
"=""412.5727""","=""412.5732""","=""0.0012""","=""2""","=""""",,"=""27849.80""","=""52081.09""","=""5d5.(2I).6s""","=""3I""","=""5""","=""""","=""*""","=""5""",,
"=""412.6803""","=""412.6799""","=""0.0012""","=""30""","=""""",,"=""19253.56""","=""43478.58""","=""5d4.6s2""","=""3P2""","=""2""","=""""","=""*""","=""3""",,
"=""412.7257""","=""412.7256""","=""0.0012""","=""5""","=""""",,"=""19256.24""","=""43478.58""","=""5d5.(4G).6s""","=""5G""","=""4""","=""""","=""*""","=""3""",,
"=""412.9982""","=""412.9981""","=""0.0012""","=""3""","=""""",,"=""19535.01""","=""43741.37""","=""5d5.(4G).6s""","=""5G""","=""5""","=""""","=""*""","=""5""",,
"=""413.0539""","=""413.0554""","=""0.0012""","=""1""","=""""",,"=""28233.44""","=""52436.44""","=""5d5.(4F).6s""","=""5F""","=""5""","=""""","=""*""","=""4""",,
"=""413.2202""","=""413.2207""","=""0.0012""","=""10""","=""5.9e+06""",B,"=""19827.68""","=""44021.00""","=""5d5.(4P).6s""","=""5P""","=""3""","=""""","=""*""","=""3""",,
"=""413.2472""","=""""","=""""","=""3w""","=""""",,"=""""","=""""","=""""","=""""","=""""","=""""","=""""","=""""",,
"=""413.3160""","=""413.3158""","=""0.0012""","=""2w""","=""""",,"=""23982.80""","=""48170.55""","=""5d5.(4D).6s""","=""5D""","=""2""","=""""","=""*""","=""3""",,
"=""413.3388""","=""413.3389""","=""0.0012""","=""8""","=""""",,"=""15460.01""","=""39646.41""","=""5d4.6s2""","=""3D""","=""3""","=""""","=""*""","=""3""",,
"=""413.3481""","=""413.3481""","=""0.0012""","=""5""","=""""",,"=""19535.01""","=""43720.87""","=""5d5.(4G).6s""","=""5G""","=""5""","=""""","=""*""","=""4""",,
"=""413.4581""","=""413.4574""","=""0.0012""","=""1""","=""""",,"=""18082.83""","=""42262.30""","=""5d4.6s2""","=""3D""","=""1""","=""""","=""*""","=""1""",,
"=""413.6348""","=""413.6344""","=""0.0012""","=""5""","=""""",,"=""18280.48""","=""42449.60""","=""5d5.(6S).6s""","=""5S""","=""2""","=""""","=""*""","=""2""",,
"=""413.7457""","=""413.7464""","=""0.0012""","=""80""","=""8.4e+05""",B,"=""3325.53""","=""27488.11""","=""5d4.6s2""","=""5D""","=""2""","=""5d5.(6S).6p""","=""7P*""","=""3""",,
"=""413.8018""","=""413.8014""","=""0.0012""","=""40""","=""""",,"=""19826.04""","=""43985.41""","=""5d4.6s2""","=""3G""","=""5""","=""""","=""*""","=""4""",,
"=""413.8304""","=""413.8295""","=""0.0012""","=""15""","=""""",,"=""19827.68""","=""43985.41""","=""5d5.(4P).6s""","=""5P""","=""3""","=""""","=""*""","=""4""",,
"=""413.9318""","=""413.9318""","=""0.0012""","=""10""","=""3.3e+06""",C,"=""16431.31""","=""40583.07""","=""5d4.6s2""","=""3G""","=""4""","=""""","=""*""","=""4""",,
"=""414.0039""","=""414.0041""","=""0.0012""","=""8""","=""""",,"=""19827.68""","=""43975.22""","=""5d5.(4P).6s""","=""5P""","=""3""","=""""","=""*""","=""2""",,
"=""414.0400""","=""414.0398""","=""0.0012""","=""8""","=""""",,"=""18116.84""","=""42262.30""","=""5d5.(4G).6s""","=""5G""","=""2""","=""""","=""*""","=""1""",,
"=""414.0797""","=""414.0813""","=""0.0012""","=""1""","=""""",,"=""28898.96""","=""53042.00""","=""5d4.6s2""","=""3P1""","=""2""","=""""","=""*""","=""1""",,
"=""414.2253""","=""414.2249""","=""0.0012""","=""25""","=""5.0e+06""",B,"=""18116.84""","=""42251.51""","=""5d5.(4G).6s""","=""5G""","=""2""","=""""","=""*""","=""3""",,
"=""414.2693""","=""""","=""""","=""2""","=""""",,"=""""","=""""","=""""","=""""","=""""","=""""","=""""","=""""",,
"=""414.4812""","=""414.4818""","=""0.0012""","=""2""","=""""",,"=""32135.94""","=""56255.65""","=""5d5.(4G).6s""","=""3G""","=""4""","=""""","=""*""","=""4""",,
"=""414.5160""","=""414.5157""","=""0.0012""","=""25""","=""""",,"=""13348.56""","=""37466.30""","=""5d4.6s2""","=""3G""","=""3""","=""""","=""*""","=""2""",,
"=""414.5860""","=""414.5860""","=""0.0012""","=""4""","=""""",,"=""23964.67""","=""48078.32""","=""5d4.6s.(6D).6p""","=""7D*""","=""2""","=""5d4.6s.(6D).7s""","=""5D""","=""2""",,
"=""414.5947""","=""414.5947""","=""0.0012""","=""10""","=""""",,"=""12161.96""","=""36275.10""","=""5d4.6s2""","=""3H""","=""4""","=""""","=""*""","=""5""",,
"=""414.7385""","=""414.7389""","=""0.0012""","=""2""","=""""",,"=""28898.96""","=""53003.72""","=""5d4.6s2""","=""3P1""","=""2""","=""""","=""*""","=""2""",,
"=""414.8516""","=""414.8516""","=""0.0012""","=""3""","=""""",,"=""19826.04""","=""43924.25""","=""5d4.6s2""","=""3G""","=""5""","=""""","=""*""","=""5""",,
"=""414.9074""","=""""","=""""","=""3w""","=""""",,"=""""","=""""","=""""","=""""","=""""","=""""","=""""","=""""",,
"=""414.9435""","=""414.9442""","=""0.0012""","=""10""","=""""",,"=""19648.54""","=""43741.37""","=""5d5.(4G).6s""","=""5G""","=""6""","=""""","=""*""","=""5""",,
"=""414.9737""","=""414.9735""","=""0.0012""","=""6""","=""""",,"=""17107.01""","=""41198.14""","=""5d4.6s2""","=""3F2""","=""4""","=""""","=""*""","=""4""",,
"=""415.1822""","=""415.1819""","=""0.0012""","=""2""","=""""",,"=""22852.80""","=""46931.84""","=""5d4.6s2""","=""1G2""","=""4""","=""""","=""*""","=""4""",,
"=""415.2182""","=""415.2186""","=""0.0012""","=""2""","=""""",,"=""27213.82""","=""51290.73""","=""5d5.(2F1).6s""","=""3F""","=""4""","=""""","=""*""","=""5""",,
"=""415.4096""","=""""","=""""","=""2""","=""""",,"=""""","=""""","=""""","=""""","=""""","=""""","=""""","=""""",,
"=""415.4664""","=""415.4664""","=""0.0012""","=""20""","=""""",,"=""19389.43""","=""43451.98""","=""5d4.6s.(6D).6p""","=""7F*""","=""0""","=""5d4.6s.(6D).7s""","=""7D""","=""1""",,
"=""415.5277""","=""""","=""""","=""2w""","=""""",,"=""""","=""""","=""""","=""""","=""""","=""""","=""""","=""""",,
"=""415.5527""","=""""","=""""","=""2w""","=""""",,"=""""","=""""","=""""","=""""","=""""","=""""","=""""","=""""",,
"=""415.6064""","=""""","=""""","=""3w""","=""""",,"=""""","=""""","=""""","=""""","=""""","=""""","=""""","=""""",,
"=""415.7677""","=""415.7678""","=""0.0012""","=""2""","=""""",,"=""16431.31""","=""40476.42""","=""5d4.6s2""","=""3G""","=""4""","=""""","=""*""","=""5""",,
"=""415.8822""","=""415.8814""","=""0.0012""","=""2""","=""""",,"=""23930.08""","=""47968.62""","=""5d5.(4D).6s""","=""5D""","=""3""","=""""","=""*""","=""4""",,
"=""415.8954""","=""415.8952""","=""0.0012""","=""2""","=""""",,"=""32217.91""","=""56255.65""","=""""","=""""","=""3""","=""""","=""*""","=""4""",,
"=""415.9609""","=""""","=""""","=""4""","=""""",,"=""""","=""""","=""""","=""""","=""""","=""""","=""""","=""""",,
"=""415.9782""","=""415.9781""","=""0.0012""","=""5""","=""""",,"=""17701.18""","=""41734.13""","=""5d4.6s2""","=""3F2""","=""3""","=""""","=""*""","=""2""",,
"=""416.0030""","=""416.0029""","=""0.0012""","=""8""","=""""",,"=""20983.02""","=""45014.54""","=""5d5.(4P).6s""","=""5P""","=""2""","=""""","=""*""","=""3""",,
"=""416.0341""","=""416.0346""","=""0.0012""","=""8""","=""6.0e+06""",B,"=""22476.68""","=""46506.37""","=""5d5.(4D).6s""","=""5D""","=""4""","=""""","=""*""","=""5""",,
"=""416.1476""","=""416.1476""","=""0.0012""","=""4""","=""""",,"=""19827.68""","=""43850.84""","=""5d5.(4P).6s""","=""5P""","=""3""","=""""","=""*""","=""3""",,
"=""416.3914""","=""416.3920""","=""0.0012""","=""3""","=""""",,"=""29853.66""","=""53862.72""","=""5d5.(4F).6s""","=""5F""","=""4""","=""""","=""*""","=""5""",,
"=""416.4398""","=""416.4399""","=""0.0012""","=""2""","=""""",,"=""27849.80""","=""51856.10""","=""5d5.(2I).6s""","=""3I""","=""5""","=""""","=""*""","=""4""",,
"=""416.4998""","=""416.5006""","=""0.0012""","=""1""","=""""",,"=""28392.70""","=""52395.50""","=""5d5.(2I).6s""","=""3I""","=""6""","=""""","=""*""","=""5""",,
"=""416.5152""","=""416.5145""","=""0.0012""","=""4""","=""""",,"=""22852.80""","=""46854.80""","=""5d4.6s2""","=""1G2""","=""4""","=""""","=""*""","=""5""",,
"=""416.6139""","=""416.6143""","=""0.0012""","=""10""","=""""",,"=""13777.71""","=""37773.96""","=""5d4.6s2""","=""3F2""","=""2""","=""""","=""*""","=""1""",,
"=""416.640""","=""416.6402""","=""0.0012""","=""2""","=""""",,"=""19256.24""","=""43251.00""","=""5d5.(4G).6s""","=""5G""","=""4""","=""""","=""*""","=""4""",,
"=""416.6676""","=""416.6680""","=""0.0012""","=""2""","=""""",,"=""17701.18""","=""41694.34""","=""5d4.6s2""","=""3F2""","=""3""","=""""","=""*""","=""3""",,
"=""416.6846""","=""""","=""""","=""4""","=""""",,"=""""","=""""","=""""","=""""","=""""","=""""","=""""","=""""",,
"=""416.7002""","=""416.7003""","=""0.0012""","=""2w""","=""""",,"=""33569.53""","=""57560.83""","=""""","=""""","=""4""","=""""","=""*""","=""5""",,
"=""416.8652""","=""416.8650""","=""0.0012""","=""12""","=""""",,"=""18280.48""","=""42262.30""","=""5d5.(6S).6s""","=""5S""","=""2""","=""""","=""*""","=""1""",,
"=""416.9996""","=""416.9993""","=""0.0012""","=""4""","=""""",,"=""19253.56""","=""43227.66""","=""5d4.6s2""","=""3P2""","=""2""","=""""","=""*""","=""2""",,
"=""417.0526""","=""417.0527""","=""0.0012""","=""30""","=""8.1e+06""",B,"=""18280.48""","=""42251.51""","=""5d5.(6S).6s""","=""5S""","=""2""","=""""","=""*""","=""3""",,
"=""417.0820""","=""""","=""""","=""1""","=""""",,"=""""","=""""","=""""","=""""","=""""","=""""","=""""","=""""",,
"=""417.1174""","=""417.1186""","=""0.0012""","=""60""","=""8.6e+05""",B,"=""4830.00""","=""28797.24""","=""5d4.6s2""","=""5D""","=""3""","=""5d4.6s.(6D).6p""","=""7D*""","=""4""",,
"=""417.1415""","=""""","=""""","=""2""","=""""",,"=""""","=""""","=""""","=""""","=""""","=""""","=""""","=""""",,
"=""417.1794""","=""417.1790""","=""0.0012""","=""2""","=""""",,"=""19253.56""","=""43217.33""","=""5d4.6s2""","=""3P2""","=""2""","=""""","=""*""","=""1""",,
"=""417.2934""","=""417.2948""","=""0.0012""","=""2""","=""""",,"=""31389.08""","=""55346.20""","=""5d5.(4G).6s""","=""3G""","=""5""","=""""","=""*""","=""4""",,
"=""417.452""","=""417.4522""","=""0.0012""","=""2w""","=""""",,"=""31432.91""","=""55381.00""","=""5d4.6s.(6D).6p""","=""5F*""","=""4""","=""""","=""""","=""5""",,
"=""417.5988""","=""417.5992""","=""0.0012""","=""5""","=""""",,"=""20427.84""","=""44367.50""","=""5d5.(4P).6s""","=""5P""","=""1""","=""""","=""*""","=""2""",,
"=""417.6589""","=""417.6590""","=""0.0012""","=""2""","=""""",,"=""18974.51""","=""42910.74""","=""5d5.(4G).6s""","=""5G""","=""3""","=""""","=""*""","=""4""",,
"=""417.7822""","=""""","=""""","=""8w""","=""""",,"=""""","=""""","=""""","=""""","=""""","=""""","=""""","=""""",,
"=""417.8054""","=""""","=""""","=""2""","=""""",,"=""""","=""""","=""""","=""""","=""""","=""""","=""""","=""""",,
"=""417.8445""","=""417.8442""","=""0.0012""","=""1""","=""""",,"=""20427.84""","=""44353.46""","=""5d5.(4P).6s""","=""5P""","=""1""","=""""","=""*""","=""1""",,
"=""417.9366""","=""417.9365""","=""0.0012""","=""2w""","=""""",,"=""12161.96""","=""36082.30""","=""5d4.6s2""","=""3H""","=""4""","=""""","=""*""","=""4""",,
"=""418.0232""","=""418.0240""","=""0.0012""","=""10""","=""""",,"=""19826.04""","=""43741.37""","=""5d4.6s2""","=""3G""","=""5""","=""""","=""*""","=""5""",,
"=""418.1388""","=""418.1385""","=""0.0012""","=""5""","=""""",,"=""22476.68""","=""46385.46""","=""5d5.(4D).6s""","=""5D""","=""4""","=""""","=""*""","=""3""",,
"=""418.2305""","=""418.2313""","=""0.0012""","=""2""","=""""",,"=""17008.50""","=""40911.98""","=""5d4.6s2""","=""3H""","=""6""","=""""","=""*""","=""5""",,
"=""418.289""","=""418.2885""","=""0.0012""","=""2""","=""""",,"=""31432.91""","=""55333.12""","=""5d4.6s.(6D).6p""","=""5F*""","=""4""","=""""","=""""","=""4""",,
"=""418.3655""","=""418.3659""","=""0.0012""","=""10""","=""3.0e+06""",B,"=""18082.83""","=""41978.62""","=""5d4.6s2""","=""3D""","=""1""","=""""","=""*""","=""2""",,
"=""418.3816""","=""418.3827""","=""0.0012""","=""12""","=""""",,"=""19826.04""","=""43720.87""","=""5d4.6s2""","=""3G""","=""5""","=""""","=""*""","=""4""",,
"=""418.6002""","=""418.6002""","=""0.0012""","=""6""","=""""",,"=""18082.83""","=""41965.24""","=""5d4.6s2""","=""3D""","=""1""","=""""","=""*""","=""0""",,
"=""418.6071""","=""418.6071""","=""0.0012""","=""""","=""2.22e+06""",B,"=""17701.18""","=""41583.20""","=""5d4.6s2""","=""3F2""","=""3""","=""""","=""*""","=""2""",,
"=""418.7643""","=""418.7626""","=""0.0012""","=""1w""","=""""",,"=""29912.85""","=""53786.00""","=""5d4.6s.(6D).6p""","=""5D*""","=""3""","=""""","=""""","=""4""",,
"=""418.9149""","=""""","=""""","=""3w""","=""""",,"=""""","=""""","=""""","=""""","=""""","=""""","=""""","=""""",,
"=""418.9619""","=""418.9622""","=""0.0012""","=""2""","=""""",,"=""18116.84""","=""41978.62""","=""5d5.(4G).6s""","=""5G""","=""2""","=""""","=""*""","=""2""",,
"=""418.9788""","=""418.9804""","=""0.0012""","=""1""","=""""",,"=""28291.88""","=""52152.62""","=""5d5.(2F1).6s""","=""3F""","=""3""","=""""","=""*""","=""2""",,
"=""418.9960""","=""418.9955""","=""0.0012""","=""1""","=""""",,"=""28204.20""","=""52064.08""","=""5d5.(4F).6s""","=""5F""","=""2""","=""""","=""*""","=""2""",,
"=""419.0136""","=""419.0127""","=""0.0012""","=""3w""","=""""",,"=""28198.90""","=""52057.80""","=""5d4.6s.(6D).6p""","=""5P*""","=""1""","=""""","=""""","=""1""",,
"=""419.0395""","=""419.0415""","=""0.0012""","=""1w""","=""""",,"=""26861.64""","=""50718.90""","=""5d5.(2F1).6s""","=""3F""","=""2""","=""""","=""*""","=""2""",,
"=""419.2087""","=""419.2104""","=""0.0012""","=""2""","=""""",,"=""28233.44""","=""52081.09""","=""5d5.(4F).6s""","=""5F""","=""5""","=""""","=""*""","=""5""",,
"=""419.2363""","=""""","=""""","=""1""","=""""",,"=""""","=""""","=""""","=""""","=""""","=""""","=""""","=""""",,
"=""419.2578""","=""""","=""""","=""1""","=""""",,"=""""","=""""","=""""","=""""","=""""","=""""","=""""","=""""",,
"=""419.3786""","=""419.3794""","=""0.0012""","=""6""","=""""",,"=""16431.31""","=""40269.35""","=""5d4.6s2""","=""3G""","=""4""","=""""","=""*""","=""3""",,
"=""419.3950""","=""419.3952""","=""0.0012""","=""5""","=""""",,"=""23982.80""","=""47819.94""","=""5d5.(4D).6s""","=""5D""","=""2""","=""""","=""*""","=""1""",,
"=""419.554""","=""""","=""""","=""1""","=""""",,"=""""","=""""","=""""","=""""","=""""","=""""","=""""","=""""",,
"=""419.5840""","=""419.5853""","=""0.0012""","=""1""","=""""",,"=""28233.44""","=""52059.78""","=""5d5.(4F).6s""","=""5F""","=""5""","=""""","=""*""","=""4""",,
"=""419.7044""","=""""","=""""","=""1""","=""""",,"=""""","=""""","=""""","=""""","=""""","=""""","=""""","=""""",,
"=""419.7530""","=""419.7531""","=""0.0012""","=""2""","=""""",,"=""17107.01""","=""40923.83""","=""5d4.6s2""","=""3F2""","=""4""","=""""","=""*""","=""3""",,
"=""419.7982""","=""""","=""""","=""1w""","=""""",,"=""""","=""""","=""""","=""""","=""""","=""""","=""""","=""""",,
"=""419.857""","=""419.8543""","=""0.0012""","=""1""","=""""",,"=""28204.20""","=""52015.28""","=""5d5.(4F).6s""","=""5F""","=""2""","=""""","=""*""","=""3""",,
"=""419.9617""","=""419.9620""","=""0.0012""","=""8""","=""""",,"=""17107.01""","=""40911.98""","=""5d4.6s2""","=""3F2""","=""4""","=""""","=""*""","=""5""",,
"=""420.0020""","=""420.0028""","=""0.0014""","=""15""","=""3.12e+06""",B,"=""16431.31""","=""40233.97""","=""5d4.6s2""","=""3G""","=""4""","=""""","=""*""","=""4""",,
"=""420.0419""","=""420.0404""","=""0.0014""","=""2""","=""""",,"=""23455.02""","=""47255.55""","=""5d5.(4D).6s""","=""5D""","=""1""","=""""","=""*""","=""1""",,
"=""420.0885""","=""420.0886""","=""0.0014""","=""4""","=""""",,"=""13348.56""","=""37146.36""","=""5d4.6s2""","=""3G""","=""3""","=""""","=""*""","=""4""",,
"=""420.1615""","=""""","=""""","=""1""","=""""",,"=""""","=""""","=""""","=""""","=""""","=""""","=""""","=""""",,
"=""420.3165""","=""""","=""""","=""1""","=""""",,"=""""","=""""","=""""","=""""","=""""","=""""","=""""","=""""",,
"=""420.3816""","=""420.3816""","=""0.0014""","=""15""","=""4.9e+05""",C,"=""12161.96""","=""35943.17""","=""5d4.6s2""","=""3H""","=""4""","=""""","=""*""","=""3""",,
"=""420.3957""","=""""","=""""","=""2""","=""""",,"=""""","=""""","=""""","=""""","=""""","=""""","=""""","=""""",,
"=""420.4405""","=""420.4408""","=""0.0014""","=""30""","=""5.2e+06""",B,"=""19256.24""","=""43034.10""","=""5d5.(4G).6s""","=""5G""","=""4""","=""""","=""*""","=""5""",,
"=""420.4724""","=""""","=""""","=""2""","=""""",,"=""""","=""""","=""""","=""""","=""""","=""""","=""""","=""""",,
"=""420.5550""","=""420.5565""","=""0.0014""","=""12""","=""""",,"=""21453.90""","=""45225.22""","=""5d4.6s.(6D).6p""","=""7D*""","=""1""","=""5d4.6s.(6D).7s""","=""5D""","=""0""",,
"=""420.6164""","=""420.6170""","=""0.0014""","=""2""","=""""",,"=""28291.88""","=""52059.78""","=""5d5.(2F1).6s""","=""3F""","=""3""","=""""","=""*""","=""4""",,
"=""420.6236""","=""420.6252""","=""0.0014""","=""15""","=""""",,"=""29460.98""","=""53228.42""","=""5d5.(2I).6s""","=""3I""","=""7""","=""""","=""*""","=""6""",,
"=""420.7052""","=""420.7045""","=""0.0014""","=""50""","=""""",,"=""19648.54""","=""43411.50""","=""5d5.(4G).6s""","=""5G""","=""6""","=""""","=""*""","=""7""",,
"=""420.771""","=""420.7702""","=""0.0014""","=""1""","=""""",,"=""23930.08""","=""47689.33""","=""5d5.(4D).6s""","=""5D""","=""3""","=""""","=""*""","=""4""",,
"=""420.8135""","=""420.8155""","=""0.0014""","=""2""","=""""",,"=""28720.88""","=""52477.57""","=""5d5.(4P).6s""","=""3P""","=""1""","=""""","=""*""","=""1""",,
"=""420.8888""","=""""","=""""","=""3""","=""""",,"=""""","=""""","=""""","=""""","=""""","=""""","=""""","=""""",,
"=""420.950""","=""""","=""""","=""2""","=""""",,"=""""","=""""","=""""","=""""","=""""","=""""","=""""","=""""",,
"=""420.9776""","=""""","=""""","=""3""","=""""",,"=""""","=""""","=""""","=""""","=""""","=""""","=""""","=""""",,
"=""421.0185""","=""421.0184""","=""0.0014""","=""5""","=""""",,"=""28233.44""","=""51978.68""","=""5d5.(4F).6s""","=""5F""","=""5""","=""""","=""*""","=""6""",,
"=""421.2886""","=""""","=""""","=""5""","=""""",,"=""""","=""""","=""""","=""""","=""""","=""""","=""""","=""""",,
"=""421.4056""","=""421.4060""","=""0.0014""","=""4""","=""""",,"=""28291.88""","=""52015.28""","=""5d5.(2F1).6s""","=""3F""","=""3""","=""""","=""*""","=""3""",,
"=""421.4954""","=""421.4945""","=""0.0014""","=""6""","=""""",,"=""20174.20""","=""43892.62""","=""5d4.6s2""","=""1S2""","=""0""","=""""","=""*""","=""1""",,
"=""421.5376""","=""421.5377""","=""0.0014""","=""25""","=""3.7e+06""",B,"=""19535.01""","=""43251.00""","=""5d5.(4G).6s""","=""5G""","=""5""","=""""","=""*""","=""4""",,
"=""421.5548""","=""421.5565""","=""0.0014""","=""2w""","=""""",,"=""29479.32""","=""53194.25""","=""5d4.6s2""","=""3F1""","=""4""","=""""","=""*""","=""5""",,
"=""421.6048""","=""421.6054""","=""0.0014""","=""2w""","=""""",,"=""28347.60""","=""52059.78""","=""5d5.(4F).6s""","=""5F""","=""3""","=""""","=""*""","=""4""",,
"=""421.6797""","=""421.6805""","=""0.0014""","=""2w""","=""""",,"=""24610.88""","=""48318.84""","=""5d4.6s2""","=""1F""","=""3""","=""""","=""*""","=""2""",,
"=""421.8552""","=""421.8552""","=""0.0014""","=""15""","=""2.2e+06""",C,"=""18280.48""","=""41978.62""","=""5d5.(6S).6s""","=""5S""","=""2""","=""""","=""*""","=""2""",,
"=""421.9011""","=""421.8996""","=""0.0014""","=""2""","=""""",,"=""27213.82""","=""50909.47""","=""5d5.(2F1).6s""","=""3F""","=""4""","=""""","=""*""","=""4""",,
"=""421.9372""","=""421.9375""","=""0.0014""","=""80""","=""6.1e+05""",B,"=""6219.33""","=""29912.85""","=""5d4.6s2""","=""5D""","=""4""","=""5d4.6s.(6D).6p""","=""5D*""","=""3""",,
"=""422.0273""","=""422.0253""","=""0.0014""","=""6*""","=""""",,"=""13777.71""","=""37466.30""","=""5d4.6s2""","=""3F2""","=""2""","=""""","=""*""","=""2""",,
"=""422.0273""","=""422.0289""","=""0.0014""","=""6*""","=""""",,"=""28392.70""","=""52081.09""","=""5d5.(2I).6s""","=""3I""","=""6""","=""""","=""*""","=""5""",,
"=""422.0534""","=""422.0536""","=""0.0014""","=""5""","=""""",,"=""19827.68""","=""43514.68""","=""5d5.(4P).6s""","=""5P""","=""3""","=""""","=""*""","=""2""",,
"=""422.1717""","=""422.1730""","=""0.0014""","=""6""","=""""",,"=""27213.82""","=""50894.12""","=""5d5.(2F1).6s""","=""3F""","=""4""","=""""","=""*""","=""3""",,
"=""422.2045""","=""422.2050""","=""0.0014""","=""20""","=""""",,"=""15069.93""","=""38748.44""","=""5d4.6s2""","=""3H""","=""5""","=""""","=""*""","=""4""",,
"=""422.3978""","=""422.3982""","=""0.0014""","=""4""","=""""",,"=""28347.60""","=""52015.28""","=""5d5.(4F).6s""","=""5F""","=""3""","=""""","=""*""","=""3""",,
"=""422.4763""","=""422.4753""","=""0.0014""","=""20""","=""""",,"=""23930.08""","=""47593.44""","=""5d5.(4D).6s""","=""5D""","=""3""","=""""","=""*""","=""3""",,
"=""422.5260""","=""""","=""""","=""3w""","=""""",,"=""""","=""""","=""""","=""""","=""""","=""""","=""""","=""""",,
"=""422.5627""","=""""","=""""","=""3w""","=""""",,"=""""","=""""","=""""","=""""","=""""","=""""","=""""","=""""",,
"=""422.6338""","=""422.6335""","=""0.0014""","=""20""","=""""",,"=""19256.24""","=""42910.74""","=""5d5.(4G).6s""","=""5G""","=""4""","=""""","=""*""","=""4""",,
"=""422.6503""","=""422.6501""","=""0.0014""","=""4""","=""""",,"=""22852.80""","=""46506.37""","=""5d4.6s2""","=""1G2""","=""4""","=""""","=""*""","=""5""",,
"=""422.6915""","=""422.6907""","=""0.0014""","=""25""","=""3.7e+06""",C,"=""18082.83""","=""41734.13""","=""5d4.6s2""","=""3D""","=""1""","=""""","=""*""","=""2""",,
"=""422.9792""","=""422.9817""","=""0.0014""","=""1""","=""""",,"=""27488.11""","=""51123.14""","=""5d5.(6S).6p""","=""7P*""","=""3""","=""5d4.6s.(6D).7s""","=""5D""","=""4""",,
"=""423.0150""","=""423.0107""","=""0.0014""","=""2w*""","=""""",,"=""24610.88""","=""48244.29""","=""5d4.6s2""","=""1F""","=""3""","=""""","=""*""","=""2""",,
"=""423.0150""","=""423.0198""","=""0.0014""","=""2w*""","=""""",,"=""26861.64""","=""50494.54""","=""5d5.(2F1).6s""","=""3F""","=""2""","=""""","=""*""","=""2""",,
"=""423.1320""","=""423.1312""","=""0.0014""","=""8""","=""""",,"=""18974.51""","=""42601.19""","=""5d5.(4G).6s""","=""5G""","=""3""","=""""","=""*""","=""3""",,
"=""423.1734""","=""423.1724""","=""0.0014""","=""12""","=""""",,"=""23455.02""","=""47079.40""","=""5d5.(4D).6s""","=""5D""","=""1""","=""""","=""*""","=""2""",,
"=""423.1938""","=""423.1928""","=""0.0014""","=""4""","=""""",,"=""27849.80""","=""51473.04""","=""5d5.(2I).6s""","=""3I""","=""5""","=""""","=""*""","=""4""",,
"=""423.2035""","=""423.2032""","=""0.0014""","=""2""","=""""",,"=""28233.44""","=""51856.10""","=""5d5.(4F).6s""","=""5F""","=""5""","=""""","=""*""","=""4""",,
"=""423.2996""","=""423.2994""","=""0.0014""","=""20""","=""3.5e+06""",C,"=""18116.84""","=""41734.13""","=""5d5.(4G).6s""","=""5G""","=""2""","=""""","=""*""","=""2""",,
"=""423.4345""","=""423.4344""","=""0.0014""","=""40""","=""""",,"=""19256.24""","=""42866.00""","=""5d5.(4G).6s""","=""5G""","=""4""","=""""","=""*""","=""5""",,
"=""423.6622""","=""423.6623""","=""0.0014""","=""8""","=""""",,"=""13307.10""","=""36904.16""","=""5d4.6s2""","=""3P2""","=""1""","=""""","=""*""","=""2""",,
"=""423.7487""","=""423.7487""","=""0.0014""","=""2""","=""""",,"=""27213.82""","=""50806.07""","=""5d5.(2F1).6s""","=""3F""","=""4""","=""""","=""*""","=""5""",,
"=""424.0140""","=""424.0138""","=""0.0014""","=""15""","=""""",,"=""18116.84""","=""41694.34""","=""5d5.(4G).6s""","=""5G""","=""2""","=""""","=""*""","=""3""",,
"=""424.0913""","=""424.0908""","=""0.0014""","=""3""","=""""",,"=""29430.50""","=""53003.72""","=""""","=""""","=""3""","=""""","=""*""","=""2""",,
"=""424.1445""","=""424.1444""","=""0.0014""","=""100""","=""1.07e+07""",B,"=""15460.01""","=""39030.25""","=""5d4.6s2""","=""3D""","=""3""","=""""","=""*""","=""2""",,
"=""424.3350""","=""424.3347""","=""0.0014""","=""8""","=""""",,"=""24610.88""","=""48170.55""","=""5d4.6s2""","=""1F""","=""3""","=""""","=""*""","=""3""",,
"=""424.3630""","=""424.3628""","=""0.0014""","=""20""","=""""",,"=""18974.51""","=""42532.62""","=""5d5.(4G).6s""","=""5G""","=""3""","=""""","=""*""","=""4""",,
"=""424.4088""","=""424.4080""","=""0.0014""","=""1""","=""""",,"=""13348.56""","=""36904.16""","=""5d4.6s2""","=""3G""","=""3""","=""""","=""*""","=""2""",,
"=""424.4364""","=""424.4367""","=""0.0014""","=""200""","=""1.38e+06""",B,"=""6219.33""","=""29773.34""","=""5d4.6s2""","=""5D""","=""4""","=""5d4.6s.(6D).6p""","=""7D*""","=""5""",,
"=""424.5557""","=""424.5562""","=""0.0014""","=""10""","=""""",,"=""20427.84""","=""43975.22""","=""5d5.(4P).6s""","=""5P""","=""1""","=""""","=""*""","=""2""",,
"=""424.7006""","=""424.6959""","=""0.0014""","=""1""","=""""",,"=""18974.51""","=""42514.14""","=""5d5.(4G).6s""","=""5G""","=""3""","=""""","=""*""","=""3""",,
"=""424.8852""","=""424.8846""","=""0.0014""","=""5""","=""""",,"=""24789.66""","=""48318.84""","=""5d4.6s2""","=""1D2""","=""2""","=""""","=""*""","=""2""",,
"=""424.9452""","=""424.9456""","=""0.0014""","=""20""","=""1.88e+06""",B,"=""13348.56""","=""36874.36""","=""5d4.6s2""","=""3G""","=""3""","=""""","=""*""","=""3""",,
"=""425.0812""","=""""","=""""","=""10""","=""""",,"=""""","=""""","=""""","=""""","=""""","=""""","=""""","=""""",,
"=""425.0894""","=""425.0893""","=""0.0014""","=""5""","=""""",,"=""22773.78""","=""46291.63""","=""5d5.(4D).6s""","=""5D""","=""0""","=""""","=""*""","=""1""",,
"=""425.1880""","=""425.1869""","=""0.0014""","=""5""","=""""",,"=""23930.08""","=""47442.53""","=""5d5.(4D).6s""","=""5D""","=""3""","=""""","=""*""","=""2""",,
"=""425.3242""","=""""","=""""","=""3""","=""""",,"=""""","=""""","=""""","=""""","=""""","=""""","=""""","=""""",,
"=""425.4052""","=""425.4055""","=""0.0014""","=""12""","=""""",,"=""18082.83""","=""41583.20""","=""5d4.6s2""","=""3D""","=""1""","=""""","=""*""","=""2""",,
"=""425.4284""","=""425.4286""","=""0.0014""","=""15""","=""""",,"=""19535.01""","=""43034.10""","=""5d5.(4G).6s""","=""5G""","=""5""","=""""","=""*""","=""5""",,
"=""425.4675""","=""425.4672""","=""0.0014""","=""2""","=""""",,"=""17701.18""","=""41198.14""","=""5d4.6s2""","=""3F2""","=""3""","=""""","=""*""","=""4""",,
"=""425.5594""","=""425.5596""","=""0.0014""","=""3""","=""""",,"=""29853.66""","=""53345.52""","=""5d5.(4F).6s""","=""5F""","=""4""","=""""","=""*""","=""3""",,
"=""425.7978""","=""425.7994""","=""0.0015""","=""3""","=""""",,"=""31077.80""","=""54556.43""","=""""","=""""","=""2""","=""""","=""*""","=""3""",,
"=""425.8458""","=""425.8460""","=""0.0015""","=""10""","=""1.36e+06""",C,"=""17107.01""","=""40583.07""","=""5d4.6s2""","=""3F2""","=""4""","=""""","=""*""","=""4""",,
"=""425.8524""","=""425.8520""","=""0.0015""","=""5""","=""""",,"=""18974.51""","=""42450.24""","=""5d5.(4G).6s""","=""5G""","=""3""","=""""","=""*""","=""4""",,
"=""425.8626""","=""425.8636""","=""0.0015""","=""1""","=""""",,"=""18974.51""","=""42449.60""","=""5d5.(4G).6s""","=""5G""","=""3""","=""""","=""*""","=""2""",,
"=""425.9351""","=""425.9363""","=""0.0015""","=""80""","=""""",,"=""21448.76""","=""44919.84""","=""5d4.6s.(6D).6p""","=""7F*""","=""2""","=""5d4.6s.(6D).7s""","=""7D""","=""2""",,
"=""425.9932""","=""425.9937""","=""0.0015""","=""12""","=""""",,"=""17008.50""","=""40476.42""","=""5d4.6s2""","=""3H""","=""6""","=""""","=""*""","=""5""",,
"=""426.0130""","=""426.0133""","=""0.0015""","=""2""","=""""",,"=""26189.20""","=""49656.04""","=""5d4.6s.(6D).6p""","=""7D*""","=""3""","=""5d4.6s.(6D).7s""","=""5D""","=""3""",,
"=""426.022""","=""426.0220""","=""0.0015""","=""""","=""1.74e+07""",B,"=""18116.84""","=""41583.20""","=""5d5.(4G).6s""","=""5G""","=""2""","=""""","=""*""","=""2""",,
"=""426.0287""","=""426.0296""","=""0.0015""","=""30""","=""""",,"=""21453.90""","=""44919.84""","=""5d4.6s.(6D).6p""","=""7D*""","=""1""","=""5d4.6s.(6D).7s""","=""7D""","=""2""",,
"=""426.0511""","=""426.0507""","=""0.0015""","=""3""","=""""",,"=""20427.84""","=""43892.62""","=""5d5.(4P).6s""","=""5P""","=""1""","=""""","=""*""","=""1""",,
"=""426.0652""","=""426.0649""","=""0.0015""","=""2""","=""""",,"=""20983.02""","=""44447.02""","=""5d5.(4P).6s""","=""5P""","=""2""","=""""","=""*""","=""3""",,
"=""426.086""","=""426.0856""","=""0.0015""","=""2""","=""""",,"=""33370.04""","=""56832.90""","=""5d4.6s.(6D).6p""","=""5F*""","=""5""","=""""","=""""","=""6""",,
"=""426.2267""","=""426.2284""","=""0.0015""","=""4""","=""""",,"=""29430.50""","=""52885.50""","=""""","=""""","=""3""","=""""","=""*""","=""2""",,
"=""426.3304""","=""426.3318""","=""0.0015""","=""50""","=""""",,"=""23047.31""","=""46496.62""","=""5d4.6s.(6D).6p""","=""7F*""","=""3""","=""5d4.6s.(6D).7s""","=""7D""","=""3""",,
"=""426.4664""","=""426.4622""","=""0.0015""","=""1""","=""""",,"=""26861.64""","=""50303.78""","=""5d5.(2F1).6s""","=""3F""","=""2""","=""""","=""*""","=""3""",,
"=""426.4840""","=""426.4842""","=""0.0015""","=""5""","=""""",,"=""27849.80""","=""51290.73""","=""5d5.(2I).6s""","=""3I""","=""5""","=""""","=""*""","=""5""",,
"=""426.4980""","=""""","=""""","=""10""","=""""",,"=""""","=""""","=""""","=""""","=""""","=""""","=""""","=""""",,
"=""426.6538""","=""426.6529""","=""0.0015""","=""20""","=""""",,"=""23930.08""","=""47361.74""","=""5d5.(4D).6s""","=""5D""","=""3""","=""""","=""*""","=""3""",,
"=""426.6822""","=""426.6812""","=""0.0015""","=""3""","=""""",,"=""23930.08""","=""47360.19""","=""5d5.(4D).6s""","=""5D""","=""3""","=""""","=""*""","=""4""",,
"=""426.7745""","=""426.7750""","=""0.0015""","=""6""","=""""",,"=""19826.04""","=""43251.00""","=""5d4.6s2""","=""3G""","=""5""","=""""","=""*""","=""4""",,
"=""426.8045""","=""426.8048""","=""0.0015""","=""12""","=""1.48e+06""",B,"=""19827.68""","=""43251.00""","=""5d5.(4P).6s""","=""5P""","=""3""","=""""","=""*""","=""4""",,
"=""426.9382""","=""426.9384""","=""0.0015""","=""200""","=""3.04e+06""",B,"=""2951.29""","=""26367.28""","=""5d5.(6S).6s""","=""7S""","=""3""","=""""","=""*""","=""2""",,
"=""426.9774""","=""426.9773""","=""0.0015""","=""40""","=""5.1e+06""",B,"=""18280.48""","=""41694.34""","=""5d5.(6S).6s""","=""5S""","=""2""","=""""","=""*""","=""3""",,
"=""427.0900""","=""427.0895""","=""0.0015""","=""10""","=""""",,"=""23930.08""","=""47337.79""","=""5d5.(4D).6s""","=""5D""","=""3""","=""""","=""*""","=""2""",,
"=""427.1228""","=""""","=""""","=""4?""","=""""",,"=""""","=""""","=""""","=""""","=""""","=""""","=""""","=""""",,
"=""427.1695""","=""427.1692""","=""0.0015""","=""1""","=""""",,"=""17701.18""","=""41104.52""","=""5d4.6s2""","=""3F2""","=""3""","=""""","=""*""","=""2""",,
"=""427.2300""","=""427.2306""","=""0.0015""","=""8""","=""""",,"=""19827.68""","=""43227.66""","=""5d5.(4P).6s""","=""5P""","=""3""","=""""","=""*""","=""2""",,
"=""427.2985""","=""427.2974""","=""0.0015""","=""1w""","=""""",,"=""28204.20""","=""51600.52""","=""5d5.(4F).6s""","=""5F""","=""2""","=""""","=""*""","=""3""",,
"=""427.3210""","=""427.3215""","=""0.0015""","=""2""","=""""",,"=""29460.98""","=""52855.98""","=""5d5.(2I).6s""","=""3I""","=""7""","=""""","=""*""","=""6""",,
"=""427.3356""","=""""","=""""","=""5""","=""""",,"=""""","=""""","=""""","=""""","=""""","=""""","=""""","=""""",,
"=""427.3688""","=""427.3686""","=""0.0015""","=""20""","=""2.4e+06""",C,"=""22476.68""","=""45869.10""","=""5d5.(4D).6s""","=""5D""","=""4""","=""""","=""*""","=""4""",,
"=""427.3850""","=""""","=""""","=""5""","=""""",,"=""""","=""""","=""""","=""""","=""""","=""""","=""""","=""""",,
"=""427.4136""","=""""","=""""","=""1w""","=""""",,"=""""","=""""","=""""","=""""","=""""","=""""","=""""","=""""",,
"=""427.4548""","=""427.4553""","=""0.0015""","=""100""","=""""",,"=""20064.30""","=""43451.98""","=""5d4.6s.(6D).6p""","=""7F*""","=""1""","=""5d4.6s.(6D).7s""","=""7D""","=""1""",,
"=""427.4932""","=""427.4940""","=""0.0015""","=""10""","=""""",,"=""19648.54""","=""43034.10""","=""5d5.(4G).6s""","=""5G""","=""6""","=""""","=""*""","=""5""",,
"=""427.5142""","=""427.5137""","=""0.0015""","=""6""","=""""",,"=""20983.02""","=""44367.50""","=""5d5.(4P).6s""","=""5P""","=""2""","=""""","=""*""","=""2""",,
"=""427.5486""","=""427.5483""","=""0.0015""","=""50""","=""9.3e+06""",B,"=""18116.84""","=""41499.43""","=""5d5.(4G).6s""","=""5G""","=""2""","=""""","=""*""","=""3""",,
"=""427.5800""","=""427.5794""","=""0.0015""","=""6""","=""""",,"=""24789.66""","=""48170.55""","=""5d4.6s2""","=""1D2""","=""2""","=""""","=""*""","=""3""",,
"=""427.6016""","=""427.6019""","=""0.0015""","=""20""","=""""",,"=""14976.18""","=""38355.84""","=""5d4.6s2""","=""3D""","=""2""","=""""","=""*""","=""1""",,
"=""427.6740""","=""427.6738""","=""0.0015""","=""60""","=""""",,"=""19535.01""","=""42910.74""","=""5d5.(4G).6s""","=""5G""","=""5""","=""""","=""*""","=""4""",,
"=""427.7310""","=""""","=""""","=""3""","=""""",,"=""""","=""""","=""""","=""""","=""""","=""""","=""""","=""""",,
"=""427.7703""","=""427.7706""","=""0.0015""","=""3""","=""""",,"=""20983.02""","=""44353.46""","=""5d5.(4P).6s""","=""5P""","=""2""","=""""","=""*""","=""1""",,
"=""427.7898""","=""427.7894""","=""0.0015""","=""4""","=""""",,"=""17107.01""","=""40476.42""","=""5d4.6s2""","=""3F2""","=""4""","=""""","=""*""","=""5""",,
"=""427.8405""","=""427.8409""","=""0.0015""","=""12""","=""""",,"=""13307.10""","=""36673.70""","=""5d4.6s2""","=""3P2""","=""1""","=""""","=""*""","=""2""",,
"=""428.0280""","=""428.0299""","=""0.0015""","=""1w""","=""""",,"=""32135.94""","=""55492.22""","=""5d5.(4G).6s""","=""3G""","=""4""","=""""","=""*""","=""5""",,
"=""428.0540""","=""428.0536""","=""0.0015""","=""2""","=""""",,"=""23982.80""","=""47337.79""","=""5d5.(4D).6s""","=""5D""","=""2""","=""""","=""*""","=""2""",,
"=""428.0760""","=""""","=""""","=""4""","=""""",,"=""""","=""""","=""""","=""""","=""""","=""""","=""""","=""""",,
"=""428.1210""","=""428.1188""","=""0.0015""","=""4""","=""""",,"=""23455.02""","=""46806.45""","=""5d5.(4D).6s""","=""5D""","=""1""","=""""","=""*""","=""2""",,
"=""428.1898""","=""428.1885""","=""0.0015""","=""3""","=""""",,"=""19253.56""","=""42601.19""","=""5d4.6s2""","=""3P2""","=""2""","=""""","=""*""","=""3""",,
"=""428.2040""","=""""","=""""","=""2""","=""""",,"=""""","=""""","=""""","=""""","=""""","=""""","=""""","=""""",,
"=""428.2345""","=""428.2347""","=""0.0015""","=""30""","=""""",,"=""12161.96""","=""35507.07""","=""5d4.6s2""","=""3H""","=""4""","=""""","=""*""","=""5""",,
"=""428.2377""","=""428.2377""","=""0.0015""","=""""","=""2.07e+06""",B,"=""19256.24""","=""42601.19""","=""5d5.(4G).6s""","=""5G""","=""4""","=""""","=""*""","=""3""",,
"=""428.2723""","=""428.2698""","=""0.0015""","=""2""","=""""",,"=""28720.88""","=""52064.08""","=""5d5.(4P).6s""","=""3P""","=""1""","=""""","=""*""","=""2""",,
"=""428.2922""","=""428.2942""","=""0.0015""","=""1""","=""""",,"=""31077.80""","=""54419.67""","=""""","=""""","=""2""","=""""","=""*""","=""1""",,
"=""428.3180""","=""428.3177""","=""0.0015""","=""1l""","=""""",,"=""29853.66""","=""53194.25""","=""5d5.(4F).6s""","=""5F""","=""4""","=""""","=""*""","=""5""",,
"=""428.3800""","=""428.3801""","=""0.0015""","=""20""","=""1.69e+05""",C,"=""12161.96""","=""35499.15""","=""5d4.6s2""","=""3H""","=""4""","=""""","=""*""","=""3""",,
"=""428.4359""","=""""","=""""","=""3""","=""""",,"=""""","=""""","=""""","=""""","=""""","=""""","=""""","=""""",,
"=""428.4964""","=""428.4939""","=""0.0015""","=""25*""","=""""",,"=""19535.01""","=""42866.00""","=""5d5.(4G).6s""","=""5G""","=""5""","=""""","=""*""","=""5""",,
"=""428.4964""","=""428.4967""","=""0.0015""","=""25*""","=""""",,"=""22773.78""","=""46104.62""","=""5d5.(4D).6s""","=""5D""","=""0""","=""""","=""*""","=""1""",,
"=""428.6008""","=""428.6014""","=""0.0015""","=""30""","=""""",,"=""13348.56""","=""36673.70""","=""5d4.6s2""","=""3G""","=""3""","=""""","=""*""","=""2""",,
"=""428.6208""","=""428.6212""","=""0.0015""","=""6""","=""""",,"=""26861.64""","=""50185.70""","=""5d5.(2F1).6s""","=""3F""","=""2""","=""""","=""*""","=""3""",,
"=""428.6982""","=""428.6971""","=""0.0015""","=""2""","=""""",,"=""19253.56""","=""42573.49""","=""5d4.6s2""","=""3P2""","=""2""","=""""","=""*""","=""1""",,
"=""428.7914""","=""428.7896""","=""0.0015""","=""1w""","=""""",,"=""28291.88""","=""51606.78""","=""5d5.(2F1).6s""","=""3F""","=""3""","=""""","=""*""","=""2""",,
"=""428.8350""","=""428.8345""","=""0.0015""","=""2""","=""""",,"=""22476.68""","=""45789.14""","=""5d5.(4D).6s""","=""5D""","=""4""","=""""","=""*""","=""5""",,
"=""429.0138""","=""429.0138""","=""0.0015""","=""10""","=""""",,"=""18280.48""","=""41583.20""","=""5d5.(6S).6s""","=""5S""","=""2""","=""""","=""*""","=""2""",,
"=""429.0530""","=""429.0548""","=""0.0015""","=""2""","=""""",,"=""33201.61""","=""56502.10""","=""5d5.(2G2).6s""","=""3G""","=""5""","=""""","=""*""","=""4""",,
"=""429.1502""","=""429.1530""","=""0.0015""","=""3""","=""""",,"=""30374.20""","=""53669.36""","=""5d4.6s2""","=""3F1""","=""2""","=""""","=""*""","=""2""",,
"=""429.2149""","=""""","=""""","=""1""","=""""",,"=""""","=""""","=""""","=""""","=""""","=""""","=""""","=""""",,
"=""429.2730""","=""429.2729""","=""0.0015""","=""4""","=""""",,"=""16431.31""","=""39719.96""","=""5d4.6s2""","=""3G""","=""4""","=""""","=""*""","=""4""",,
"=""429.3110""","=""429.3117""","=""0.0015""","=""2""","=""""",,"=""27662.52""","=""50949.07""","=""5d4.6s.(6D).6p""","=""5F*""","=""2""","=""""","=""""","=""1""",,
"=""429.3280""","=""""","=""""","=""2""","=""""",,"=""""","=""""","=""""","=""""","=""""","=""""","=""""","=""""",,
"=""429.3535""","=""""","=""""","=""3""","=""""",,"=""""","=""""","=""""","=""""","=""""","=""""","=""""","=""""",,
"=""429.4097""","=""429.4099""","=""0.0015""","=""30""","=""""",,"=""13307.10""","=""36588.32""","=""5d4.6s2""","=""3P2""","=""1""","=""""","=""*""","=""0""",,
"=""429.4606""","=""429.4605""","=""0.0015""","=""800""","=""1.24e+07""",A,"=""2951.29""","=""26229.77""","=""5d5.(6S).6s""","=""7S""","=""3""","=""5d5.(6S).6p""","=""7P*""","=""2""",,
"=""429.4996""","=""429.4992""","=""0.0015""","=""12""","=""""",,"=""19256.24""","=""42532.62""","=""5d5.(4G).6s""","=""5G""","=""4""","=""""","=""*""","=""4""",,
"=""429.5683""","=""429.5662""","=""0.0015""","=""6""","=""""",,"=""23982.80""","=""47255.55""","=""5d5.(4D).6s""","=""5D""","=""2""","=""""","=""*""","=""1""",,
"=""429.7140""","=""429.7162""","=""0.0015""","=""3""","=""""",,"=""29853.66""","=""53118.29""","=""5d5.(4F).6s""","=""5F""","=""4""","=""""","=""*""","=""4""",,
"=""429.7860""","=""429.7910""","=""0.0015""","=""3w""","=""""",,"=""19253.56""","=""42514.14""","=""5d4.6s2""","=""3P2""","=""2""","=""""","=""*""","=""3""",,
"=""429.8410""","=""429.8405""","=""0.0015""","=""10""","=""""",,"=""19256.24""","=""42514.14""","=""5d5.(4G).6s""","=""5G""","=""4""","=""""","=""*""","=""3""",,
"=""430.2110""","=""430.2103""","=""0.0015""","=""200""","=""3.6e+06""",B,"=""2951.29""","=""26189.20""","=""5d5.(6S).6s""","=""7S""","=""3""","=""5d4.6s.(6D).6p""","=""7D*""","=""3""",,
"=""430.2897""","=""430.2927""","=""0.0015""","=""4""","=""""",,"=""27889.68""","=""51123.14""","=""5d5.(6S).6p""","=""7P*""","=""4""","=""5d4.6s.(6D).7s""","=""5D""","=""4""",,
"=""430.3528""","=""430.3531""","=""0.0015""","=""3""","=""""",,"=""14976.18""","=""38206.38""","=""5d4.6s2""","=""3D""","=""2""","=""""","=""*""","=""3""",,
"=""430.4934""","=""430.4930""","=""0.0015""","=""3""","=""""",,"=""17701.18""","=""40923.83""","=""5d4.6s2""","=""3F2""","=""3""","=""""","=""*""","=""3""",,
"=""430.5318""","=""""","=""""","=""3""","=""""",,"=""""","=""""","=""""","=""""","=""""","=""""","=""""","=""""",,
"=""430.5614""","=""430.5616""","=""0.0015""","=""10""","=""""",,"=""18280.48""","=""41499.43""","=""5d5.(6S).6s""","=""5S""","=""2""","=""""","=""*""","=""3""",,
"=""430.6325""","=""430.6330""","=""0.0015""","=""4""","=""""",,"=""16431.31""","=""39646.41""","=""5d4.6s2""","=""3G""","=""4""","=""""","=""*""","=""3""",,
"=""430.6870""","=""430.6877""","=""0.0015""","=""60""","=""""",,"=""24763.39""","=""47975.54""","=""5d4.6s.(6D).6p""","=""7F*""","=""4""","=""5d4.6s.(6D).7s""","=""7D""","=""4""",,
"=""430.7638""","=""430.7636""","=""0.0015""","=""50""","=""5.4e+06""",B,"=""19826.04""","=""43034.10""","=""5d4.6s2""","=""3G""","=""5""","=""""","=""*""","=""5""",,
"=""430.8496""","=""430.8483""","=""0.0015""","=""4""","=""""",,"=""33370.04""","=""56573.54""","=""5d4.6s.(6D).6p""","=""5F*""","=""5""","=""""","=""""","=""5""",,
"=""430.8944""","=""430.8945""","=""0.0015""","=""15""","=""""",,"=""22476.68""","=""45677.69""","=""5d5.(4D).6s""","=""5D""","=""4""","=""""","=""*""","=""3""",,
"=""430.9260""","=""430.9252""","=""0.0015""","=""4w""","=""""",,"=""30586.64""","=""53786.00""","=""5d4.6s.(6D).6p""","=""5P*""","=""3""","=""""","=""""","=""4""",,
"=""430.9864""","=""430.9868""","=""0.0015""","=""8""","=""""",,"=""19253.56""","=""42449.60""","=""5d4.6s2""","=""3P2""","=""2""","=""""","=""*""","=""2""",,
"=""431.0248""","=""431.0248""","=""0.0015""","=""20""","=""""",,"=""19256.24""","=""42450.24""","=""5d5.(4G).6s""","=""5G""","=""4""","=""""","=""*""","=""4""",,
"=""431.1084""","=""431.1090""","=""0.0015""","=""6""","=""""",,"=""15069.93""","=""38259.40""","=""5d4.6s2""","=""3H""","=""5""","=""""","=""*""","=""4""",,
"=""431.1290""","=""""","=""""","=""3""","=""""",,"=""""","=""""","=""""","=""""","=""""","=""""","=""""","=""""",,
"=""431.2336""","=""431.2341""","=""0.0015""","=""15""","=""""",,"=""16431.31""","=""39614.05""","=""5d4.6s2""","=""3G""","=""4""","=""""","=""*""","=""5""",,
"=""431.4424""","=""431.4453""","=""0.0015""","=""2""","=""""",,"=""32217.91""","=""55389.30""","=""""","=""""","=""3""","=""""","=""*""","=""3""",,
"=""431.4625""","=""431.4606""","=""0.0015""","=""1""","=""""",,"=""27778.50""","=""50949.07""","=""5d4.6s.(6D).6p""","=""5D*""","=""1""","=""""","=""""","=""1""",,
"=""431.5237""","=""431.5230""","=""0.0015""","=""6""","=""""",,"=""17701.18""","=""40868.40""","=""5d4.6s2""","=""3F2""","=""3""","=""""","=""*""","=""2""",,
"=""431.5486""","=""""","=""""","=""3""","=""""",,"=""""","=""""","=""""","=""""","=""""","=""""","=""""","=""""",,
"=""431.6574""","=""""","=""""","=""2""","=""""",,"=""""","=""""","=""""","=""""","=""""","=""""","=""""","=""""",,
"=""431.6802""","=""431.6821""","=""0.0015""","=""20""","=""""",,"=""23455.02""","=""46613.70""","=""5d5.(4D).6s""","=""5D""","=""1""","=""""","=""*""","=""0""",,
"=""431.7650""","=""""","=""""","=""2""","=""""",,"=""""","=""""","=""""","=""""","=""""","=""""","=""""","=""""",,
"=""431.8570""","=""431.8567""","=""0.0015""","=""8""","=""""",,"=""23930.08""","=""47079.40""","=""5d5.(4D).6s""","=""5D""","=""3""","=""""","=""*""","=""2""",,
"=""431.8760""","=""""","=""""","=""4""","=""""",,"=""""","=""""","=""""","=""""","=""""","=""""","=""""","=""""",,
"=""431.9865""","=""""","=""""","=""4""","=""""",,"=""""","=""""","=""""","=""""","=""""","=""""","=""""","=""""",,
"=""432.0479""","=""432.0487""","=""0.0015""","=""3""","=""""",,"=""29853.66""","=""52992.69""","=""5d5.(4F).6s""","=""5F""","=""4""","=""""","=""*""","=""4""",,
"=""432.0985""","=""""","=""""","=""3""","=""""",,"=""""","=""""","=""""","=""""","=""""","=""""","=""""","=""""",,
"=""432.2124""","=""""","=""""","=""2""","=""""",,"=""""","=""""","=""""","=""""","=""""","=""""","=""""","=""""",,
"=""432.2740""","=""432.2742""","=""0.0015""","=""12""","=""""",,"=""17107.01""","=""40233.97""","=""5d4.6s2""","=""3F2""","=""4""","=""""","=""*""","=""4""",,
"=""432.3280""","=""""","=""""","=""4""","=""""",,"=""""","=""""","=""""","=""""","=""""","=""""","=""""","=""""",,
"=""432.6960""","=""432.6965""","=""0.0015""","=""4""","=""""",,"=""26861.64""","=""49966.03""","=""5d5.(2F1).6s""","=""3F""","=""2""","=""""","=""*""","=""3""",,
"=""432.7400""","=""432.7401""","=""0.0015""","=""3""","=""""",,"=""27849.80""","=""50951.86""","=""5d5.(2I).6s""","=""3I""","=""5""","=""""","=""*""","=""6""",,
"=""432.8408""","=""432.8415""","=""0.0015""","=""2""","=""""",,"=""13777.71""","=""36874.36""","=""5d4.6s2""","=""3F2""","=""2""","=""""","=""*""","=""3""",,
"=""432.8782""","=""""","=""""","=""1w""","=""""",,"=""""","=""""","=""""","=""""","=""""","=""""","=""""","=""""",,
"=""433.0306""","=""433.0307""","=""0.0015""","=""2""","=""""",,"=""28198.90""","=""51285.46""","=""5d4.6s.(6D).6p""","=""5P*""","=""1""","=""""","=""""","=""0""",,
"=""433.0658""","=""433.0656""","=""0.0015""","=""20""","=""""",,"=""19826.04""","=""42910.74""","=""5d4.6s2""","=""3G""","=""5""","=""""","=""*""","=""4""",,
"=""433.0967""","=""433.0963""","=""0.0015""","=""30""","=""""",,"=""19827.68""","=""42910.74""","=""5d5.(4P).6s""","=""5P""","=""3""","=""""","=""*""","=""4""",,
"=""433.1620""","=""""","=""""","=""2w""","=""""",,"=""""","=""""","=""""","=""""","=""""","=""""","=""""","=""""",,
"=""433.2130""","=""433.2125""","=""0.0015""","=""25""","=""""",,"=""14976.18""","=""38053.05""","=""5d4.6s2""","=""3D""","=""2""","=""""","=""*""","=""3""",,
"=""433.2536""","=""433.2544""","=""0.0015""","=""4""","=""""",,"=""22476.68""","=""45551.32""","=""5d5.(4D).6s""","=""5D""","=""4""","=""""","=""*""","=""3""",,
"=""433.3760""","=""""","=""""","=""2""","=""""",,"=""""","=""""","=""""","=""""","=""""","=""""","=""""","=""""",,
"=""433.6326""","=""""","=""""","=""4w""","=""""",,"=""""","=""""","=""""","=""""","=""""","=""""","=""""","=""""",,
"=""433.7630""","=""""","=""""","=""3""","=""""",,"=""""","=""""","=""""","=""""","=""""","=""""","=""""","=""""",,
"=""433.8213""","=""433.8201""","=""0.0015""","=""3""","=""""",,"=""18082.83""","=""41127.38""","=""5d4.6s2""","=""3D""","=""1""","=""""","=""*""","=""0""",,
"=""433.8288""","=""433.8290""","=""0.0015""","=""4""","=""""",,"=""29139.12""","=""52183.20""","=""5d4.6s.(6D).6p""","=""5F*""","=""3""","=""""","=""""","=""2""",,
"=""433.8727""","=""433.8728""","=""0.0015""","=""3""","=""6.e+03""",E,"=""3325.53""","=""26367.28""","=""5d4.6s2""","=""5D""","=""2""","=""""","=""*""","=""2""",,
"=""433.9070""","=""433.9065""","=""0.0015""","=""8""","=""""",,"=""19826.04""","=""42866.00""","=""5d4.6s2""","=""3G""","=""5""","=""""","=""*""","=""5""",,
"=""433.9446""","=""433.9438""","=""0.0015""","=""15""","=""""",,"=""20983.02""","=""44021.00""","=""5d5.(4P).6s""","=""5P""","=""2""","=""""","=""*""","=""3""",,
"=""434.0270""","=""""","=""""","=""2""","=""""",,"=""""","=""""","=""""","=""""","=""""","=""""","=""""","=""""",,
"=""434.090""","=""434.0889""","=""0.0015""","=""2w""","=""""",,"=""24789.66""","=""47819.94""","=""5d4.6s2""","=""1D2""","=""2""","=""""","=""*""","=""1""",,
"=""434.1124""","=""""","=""""","=""4""","=""""",,"=""""","=""""","=""""","=""""","=""""","=""""","=""""","=""""",,
"=""434.161""","=""""","=""""","=""3""","=""""",,"=""""","=""""","=""""","=""""","=""""","=""""","=""""","=""""",,
"=""434.253""","=""434.2528""","=""0.0015""","=""1""","=""""",,"=""23484.78""","=""46506.37""","=""5d4.6s2""","=""1I""","=""6""","=""""","=""*""","=""5""",,
"=""434.2781""","=""""","=""""","=""6""","=""""",,"=""""","=""""","=""""","=""""","=""""","=""""","=""""","=""""",,
"=""434.3533""","=""434.3526""","=""0.0015""","=""2""","=""""",,"=""22852.80""","=""45869.10""","=""5d4.6s2""","=""1G2""","=""4""","=""""","=""*""","=""4""",,
"=""434.4376""","=""434.4383""","=""0.0015""","=""3""","=""""",,"=""32378.40""","=""55390.16""","=""5d5.(2D3).6s""","=""3D""","=""1""","=""""","=""*""","=""2""",,
"=""434.4634""","=""""","=""""","=""4""","=""""",,"=""""","=""""","=""""","=""""","=""""","=""""","=""""","=""""",,
"=""434.4963""","=""434.4953""","=""0.0015""","=""8""","=""""",,"=""19253.56""","=""42262.30""","=""5d4.6s2""","=""3P2""","=""2""","=""""","=""*""","=""1""",,
"=""434.5828""","=""434.5828""","=""0.0015""","=""20""","=""4.3e+06""",C,"=""18974.51""","=""41978.62""","=""5d5.(4G).6s""","=""5G""","=""3""","=""""","=""*""","=""2""",,
"=""434.6280""","=""434.6272""","=""0.0015""","=""6""","=""""",,"=""23930.08""","=""46931.84""","=""5d5.(4D).6s""","=""5D""","=""3""","=""""","=""*""","=""4""",,
"=""434.6977""","=""434.6992""","=""0.0015""","=""30""","=""4.1e+06""",B,"=""19253.56""","=""42251.51""","=""5d4.6s2""","=""3P2""","=""2""","=""""","=""*""","=""3""",,
"=""434.7495""","=""434.7498""","=""0.0015""","=""20""","=""2.62e+06""",B,"=""19256.24""","=""42251.51""","=""5d5.(4G).6s""","=""5G""","=""4""","=""""","=""*""","=""3""",,
"=""434.8108""","=""434.8079""","=""0.0015""","=""20""","=""1.45e+07""",B,"=""20983.02""","=""43975.22""","=""5d5.(4P).6s""","=""5P""","=""2""","=""""","=""*""","=""2""",,
"=""434.8927""","=""434.8934""","=""0.0015""","=""1""","=""""",,"=""18116.84""","=""41104.52""","=""5d5.(4G).6s""","=""5G""","=""2""","=""""","=""*""","=""2""",,
"=""434.8995""","=""434.8994""","=""0.0015""","=""5""","=""""",,"=""29195.84""","=""52183.20""","=""5d4.6s.(6D).6p""","=""5D*""","=""2""","=""""","=""""","=""2""",,
"=""435.1097""","=""""","=""""","=""2w""","=""""",,"=""""","=""""","=""""","=""""","=""""","=""""","=""""","=""""",,
"=""435.1336""","=""435.1340""","=""0.0015""","=""2w""","=""""",,"=""22476.68""","=""45451.65""","=""5d5.(4D).6s""","=""5D""","=""4""","=""""","=""*""","=""5""",,
"=""435.2110""","=""435.2096""","=""0.0015""","=""2w""","=""""",,"=""37414.11""","=""60385.09""","=""""","=""""","=""3""","=""""","=""*""","=""4""",,
"=""435.310""","=""""","=""""","=""10""","=""""",,"=""""","=""""","=""""","=""""","=""""","=""""","=""""","=""""",,
"=""435.329""","=""435.3291""","=""0.0015""","=""8""","=""""",,"=""17701.18""","=""40665.85""","=""5d4.6s2""","=""3F2""","=""3""","=""""","=""*""","=""3""",,
"=""435.472""","=""435.4723""","=""0.0015""","=""6""","=""""",,"=""29479.32""","=""52436.44""","=""5d4.6s2""","=""3F1""","=""4""","=""""","=""*""","=""4""",,
"=""435.490""","=""435.4884""","=""0.0015""","=""6""","=""""",,"=""27849.80""","=""50806.07""","=""5d5.(2I).6s""","=""3I""","=""5""","=""""","=""*""","=""5""",,
"=""435.5166""","=""435.5159""","=""0.0015""","=""40""","=""5.1e+05""",B,"=""12161.96""","=""35116.78""","=""5d4.6s2""","=""3H""","=""4""","=""""","=""*""","=""4""",,
"=""435.937""","=""435.9385""","=""0.0015""","=""2""","=""""",,"=""33569.53""","=""56502.10""","=""""","=""""","=""4""","=""""","=""*""","=""4""",,
"=""435.9663""","=""435.9647""","=""0.0015""","=""3""","=""""",,"=""15069.93""","=""38001.12""","=""5d4.6s2""","=""3H""","=""5""","=""""","=""*""","=""4""",,
"=""436.1066""","=""436.1066""","=""0.0015""","=""10""","=""""",,"=""27213.82""","=""50137.55""","=""5d5.(2F1).6s""","=""3F""","=""4""","=""""","=""*""","=""5""",,
"=""436.1534""","=""436.1544""","=""0.0015""","=""8""","=""""",,"=""31389.08""","=""54310.30""","=""5d5.(4G).6s""","=""3G""","=""5""","=""""","=""*""","=""5""",,
"=""436.1814""","=""436.1816""","=""0.0015""","=""25""","=""1.64e+05""",B,"=""6219.33""","=""29139.12""","=""5d4.6s2""","=""5D""","=""4""","=""5d4.6s.(6D).6p""","=""5F*""","=""3""",,
"=""436.2228""","=""""","=""""","=""3""","=""""",,"=""""","=""""","=""""","=""""","=""""","=""""","=""""","=""""",,
"=""436.2670""","=""436.2684""","=""0.0015""","=""3""","=""""",,"=""19535.01""","=""42450.24""","=""5d5.(4G).6s""","=""5G""","=""5""","=""""","=""*""","=""4""",,
"=""436.3754""","=""436.3756""","=""0.0015""","=""3""","=""""",,"=""20983.02""","=""43892.62""","=""5d5.(4P).6s""","=""5P""","=""2""","=""""","=""*""","=""1""",,
"=""436.440""","=""436.4408""","=""0.0015""","=""3""","=""""",,"=""35299.82""","=""58206.00""","=""""","=""""","=""4""","=""""","=""*""","=""3""",,
"=""436.4778""","=""436.4777""","=""0.0015""","=""40""","=""1.8e+05""",C,"=""3325.53""","=""26229.77""","=""5d4.6s2""","=""5D""","=""2""","=""5d5.(6S).6p""","=""7P*""","=""2""",,
"=""436.5954""","=""436.5961""","=""0.0015""","=""15""","=""""",,"=""28392.70""","=""51290.73""","=""5d5.(2I).6s""","=""3I""","=""6""","=""""","=""*""","=""5""",,
"=""436.6073""","=""436.6075""","=""0.0015""","=""20""","=""""",,"=""18974.51""","=""41871.94""","=""5d5.(4G).6s""","=""5G""","=""3""","=""""","=""*""","=""4""",,
"=""436.6346""","=""436.6350""","=""0.0015""","=""6""","=""""",,"=""13777.71""","=""36673.70""","=""5d4.6s2""","=""3F2""","=""2""","=""""","=""*""","=""2""",,
"=""436.8762""","=""436.8754""","=""0.0015""","=""12""","=""""",,"=""13307.10""","=""36190.49""","=""5d4.6s2""","=""3P2""","=""1""","=""""","=""*""","=""1""",,
"=""436.9045""","=""436.9041""","=""0.0015""","=""10""","=""""",,"=""17701.18""","=""40583.07""","=""5d4.6s2""","=""3F2""","=""3""","=""""","=""*""","=""4""",,
"=""437.0795""","=""437.0790""","=""0.0015""","=""5""","=""""",,"=""23455.02""","=""46327.75""","=""5d5.(4D).6s""","=""5D""","=""1""","=""""","=""*""","=""2""",,
"=""437.1732""","=""437.1729""","=""0.0015""","=""10""","=""""",,"=""20983.02""","=""43850.84""","=""5d5.(4P).6s""","=""5P""","=""2""","=""""","=""*""","=""3""",,
"=""437.2522""","=""437.2522""","=""0.0015""","=""40""","=""1.1e+05""",B,"=""3325.53""","=""26189.20""","=""5d4.6s2""","=""5D""","=""2""","=""5d4.6s.(6D).6p""","=""7D*""","=""3""",,
"=""437.3063""","=""""","=""""","=""3w""","=""""",,"=""""","=""""","=""""","=""""","=""""","=""""","=""""","=""""",,
"=""437.7460""","=""437.7452""","=""0.0015""","=""1""","=""""",,"=""26861.64""","=""49699.56""","=""5d5.(2F1).6s""","=""3F""","=""2""","=""""","=""*""","=""2""",,
"=""437.8484""","=""437.8488""","=""0.0015""","=""50""","=""3.48e+05""",B,"=""4830.00""","=""27662.52""","=""5d4.6s2""","=""5D""","=""3""","=""5d4.6s.(6D).6p""","=""5F*""","=""2""",,
"=""437.9048""","=""437.9021""","=""0.0015""","=""2""","=""""",,"=""34302.04""","=""57131.78""","=""5d5.(2G2).6s""","=""3G""","=""4""","=""""","=""*""","=""3""",,
"=""438.0118""","=""438.0111""","=""0.0015""","=""12*""","=""""",,"=""27670.48""","=""50494.54""","=""5d5.(4F).6s""","=""5F""","=""1""","=""""","=""*""","=""2""",,
"=""438.0118""","=""438.0115""","=""0.0015""","=""12*""","=""""",,"=""18280.48""","=""41104.52""","=""5d5.(6S).6s""","=""5S""","=""2""","=""""","=""*""","=""2""",,
"=""438.1862""","=""438.1896""","=""0.0015""","=""5""","=""""",,"=""32217.91""","=""55032.67""","=""""","=""""","=""3""","=""""","=""*""","=""2""",,
"=""438.4850""","=""438.4850""","=""0.0015""","=""40""","=""3.1e+06""",C,"=""15460.01""","=""38259.40""","=""5d4.6s2""","=""3D""","=""3""","=""""","=""*""","=""4""",,
"=""438.5168""","=""438.5160""","=""0.0015""","=""5*""","=""""",,"=""14976.18""","=""37773.96""","=""5d4.6s2""","=""3D""","=""2""","=""""","=""*""","=""1""",,
"=""438.5168""","=""438.5172""","=""0.0015""","=""5*""","=""""",,"=""29139.12""","=""51936.84""","=""5d4.6s.(6D).6p""","=""5F*""","=""3""","=""""","=""""","=""2""",,
"=""438.6770""","=""438.6755""","=""0.0015""","=""15""","=""8.4e+06""",B,"=""20427.84""","=""43217.33""","=""5d5.(4P).6s""","=""5P""","=""1""","=""""","=""*""","=""1""",,
"=""438.7450""","=""438.7452""","=""0.0015""","=""2""","=""""",,"=""22476.68""","=""45262.55""","=""5d5.(4D).6s""","=""5D""","=""4""","=""""","=""*""","=""4""",,
"=""438.9837""","=""438.9833""","=""0.0015""","=""20""","=""2.06e+06""",B,"=""19827.68""","=""42601.19""","=""5d5.(4P).6s""","=""5P""","=""3""","=""""","=""*""","=""3""",,
"=""439.1115""","=""""","=""""","=""3""","=""""",,"=""""","=""""","=""""","=""""","=""""","=""""","=""""","=""""",,
"=""439.2510""","=""439.2512""","=""0.0015""","=""1""","=""""",,"=""18974.51""","=""41734.13""","=""5d5.(4G).6s""","=""5G""","=""3""","=""""","=""*""","=""2""",,
"=""439.4074""","=""439.4069""","=""0.0015""","=""30""","=""3.2e+06""",B,"=""18116.84""","=""40868.40""","=""5d5.(4G).6s""","=""5G""","=""2""","=""""","=""*""","=""2""",,
"=""439.4510""","=""439.4503""","=""0.0015""","=""3""","=""""",,"=""24610.88""","=""47360.19""","=""5d4.6s2""","=""1F""","=""3""","=""""","=""*""","=""4""",,
"=""439.5077""","=""439.5071""","=""0.0015""","=""10""","=""""",,"=""15460.01""","=""38206.38""","=""5d4.6s2""","=""3D""","=""3""","=""""","=""*""","=""3""",,
"=""439.7518""","=""439.7513""","=""0.0015""","=""3""","=""3.3e+04""",E,"=""13348.56""","=""36082.30""","=""5d4.6s2""","=""3G""","=""3""","=""""","=""*""","=""4""",,
"=""439.8270""","=""439.8295""","=""0.0015""","=""2w""","=""""",,"=""31389.08""","=""54118.78""","=""5d5.(4G).6s""","=""3G""","=""5""","=""""","=""*""","=""4""",,
"=""439.8698""","=""""","=""""","=""1""","=""""",,"=""""","=""""","=""""","=""""","=""""","=""""","=""""","=""""",,
"=""439.8850""","=""439.8835""","=""0.0015""","=""2""","=""""",,"=""24610.88""","=""47337.79""","=""5d4.6s2""","=""1F""","=""3""","=""""","=""*""","=""2""",,
"=""439.9194""","=""439.9193""","=""0.0015""","=""1""","=""""",,"=""19253.56""","=""41978.62""","=""5d4.6s2""","=""3P2""","=""2""","=""""","=""*""","=""2""",,
"=""439.9317""","=""439.9286""","=""0.0015""","=""1""","=""""",,"=""28347.60""","=""51072.18""","=""5d5.(4F).6s""","=""5F""","=""3""","=""""","=""*""","=""3""",,
"=""440.0203""","=""440.0205""","=""0.0015""","=""12""","=""1.12e+06""",C,"=""18974.51""","=""41694.34""","=""5d5.(4G).6s""","=""5G""","=""3""","=""""","=""*""","=""3""",,
"=""440.0850""","=""""","=""""","=""2""","=""""",,"=""""","=""""","=""""","=""""","=""""","=""""","=""""","=""""",,
"=""440.1316""","=""""","=""""","=""2""","=""""",,"=""""","=""""","=""""","=""""","=""""","=""""","=""""","=""""",,
"=""440.2652""","=""440.2633""","=""0.0016""","=""3""","=""""",,"=""28198.90""","=""50906.20""","=""5d4.6s.(6D).6p""","=""5P*""","=""1""","=""""","=""""","=""1""",,
"=""440.3274""","=""440.3264""","=""0.0016""","=""6""","=""""",,"=""19535.01""","=""42239.06""","=""5d5.(4G).6s""","=""5G""","=""5""","=""""","=""*""","=""6""",,
"=""440.3947""","=""440.3945""","=""0.0016""","=""40""","=""""",,"=""17008.50""","=""39709.04""","=""5d4.6s2""","=""3H""","=""6""","=""5d4.6s.(4H).6p""","=""5H*""","=""7""",,
"=""440.4458""","=""440.4457""","=""0.0016""","=""4""","=""""",,"=""14976.18""","=""37674.08""","=""5d4.6s2""","=""3D""","=""2""","=""""","=""*""","=""3""",,
"=""440.5024""","=""440.5025""","=""0.0016""","=""3""","=""""",,"=""23930.08""","=""46625.05""","=""5d5.(4D).6s""","=""5D""","=""3""","=""""","=""*""","=""4""",,
"=""440.5996""","=""440.6006""","=""0.0016""","=""1""","=""""",,"=""28204.20""","=""50894.12""","=""5d5.(4F).6s""","=""5F""","=""2""","=""""","=""*""","=""3""",,
"=""440.6390""","=""440.6388""","=""0.0016""","=""8""","=""""",,"=""18082.83""","=""40770.78""","=""5d4.6s2""","=""3D""","=""1""","=""""","=""*""","=""1""",,
"=""440.6676""","=""440.6678""","=""0.0016""","=""4""","=""""",,"=""19827.68""","=""42514.14""","=""5d5.(4P).6s""","=""5P""","=""3""","=""""","=""*""","=""3""",,
"=""440.688""","=""""","=""""","=""2""","=""""",,"=""""","=""""","=""""","=""""","=""""","=""""","=""""","=""""",,
"=""440.8282""","=""440.8283""","=""0.0016""","=""50""","=""""",,"=""26676.48""","=""49354.68""","=""5d4.6s.(6D).6p""","=""7F*""","=""5""","=""5d4.6s.(6D).7s""","=""7D""","=""5""",,
"=""440.8706""","=""440.8705""","=""0.0016""","=""8""","=""""",,"=""28233.44""","=""50909.47""","=""5d5.(4F).6s""","=""5F""","=""5""","=""""","=""*""","=""4""",,
"=""440.9946""","=""""","=""""","=""2""","=""""",,"=""""","=""""","=""""","=""""","=""""","=""""","=""""","=""""",,
"=""441.2188""","=""441.2192""","=""0.0016""","=""40*""","=""""",,"=""4830.00""","=""27488.11""","=""5d4.6s2""","=""5D""","=""3""","=""5d5.(6S).6p""","=""7P*""","=""3""",,
"=""441.2188""","=""441.2199""","=""0.0016""","=""40*""","=""""",,"=""3325.53""","=""25983.60""","=""5d4.6s2""","=""5D""","=""2""","=""5d4.6s.(6D).6p""","=""5F*""","=""1""",,
"=""441.3006""","=""441.3004""","=""0.0016""","=""5""","=""""",,"=""18116.84""","=""40770.78""","=""5d5.(4G).6s""","=""5G""","=""2""","=""""","=""*""","=""1""",,
"=""441.3240""","=""441.3245""","=""0.0016""","=""2""","=""""",,"=""26861.64""","=""49514.34""","=""5d5.(2F1).6s""","=""3F""","=""2""","=""""","=""*""","=""3""",,
"=""441.3860""","=""441.3849""","=""0.0016""","=""4""","=""""",,"=""23455.02""","=""46104.62""","=""5d5.(4D).6s""","=""5D""","=""1""","=""""","=""*""","=""1""",,
"=""441.5075""","=""441.5068""","=""0.0016""","=""25""","=""""",,"=""18280.48""","=""40923.83""","=""5d5.(6S).6s""","=""5S""","=""2""","=""""","=""*""","=""3""",,
"=""441.5703""","=""441.5703""","=""0.0016""","=""12""","=""""",,"=""22476.68""","=""45116.77""","=""5d5.(4D).6s""","=""5D""","=""4""","=""""","=""*""","=""4""",,
"=""441.8441""","=""441.8446""","=""0.0016""","=""15""","=""""",,"=""20427.84""","=""43053.88""","=""5d5.(4P).6s""","=""5P""","=""1""","=""""","=""*""","=""0""",,
"=""441.8811""","=""441.8805""","=""0.0016""","=""6""","=""""",,"=""19826.04""","=""42450.24""","=""5d4.6s2""","=""3G""","=""5""","=""""","=""*""","=""4""",,
"=""441.9247""","=""441.9250""","=""0.0016""","=""12""","=""""",,"=""19827.68""","=""42449.60""","=""5d5.(4P).6s""","=""5P""","=""3""","=""""","=""*""","=""2""",,
"=""442.0463""","=""442.0466""","=""0.0016""","=""40""","=""""",,"=""19256.24""","=""41871.94""","=""5d5.(4G).6s""","=""5G""","=""4""","=""""","=""*""","=""4""",,
"=""442.0998""","=""442.1003""","=""0.0016""","=""20""","=""""",,"=""17107.01""","=""39719.96""","=""5d4.6s2""","=""3F2""","=""4""","=""""","=""*""","=""4""",,
"=""442.1836""","=""442.1836""","=""0.0016""","=""15""","=""""",,"=""18974.51""","=""41583.20""","=""5d5.(4G).6s""","=""5G""","=""3""","=""""","=""*""","=""2""",,
"=""442.2447""","=""442.2451""","=""0.0016""","=""3""","=""""",,"=""17008.50""","=""39614.05""","=""5d4.6s2""","=""3H""","=""6""","=""""","=""*""","=""5""",,
"=""442.3507""","=""442.3494""","=""0.0016""","=""2s""","=""""",,"=""22773.78""","=""45374.00""","=""5d5.(4D).6s""","=""5D""","=""0""","=""""","=""*""","=""1""",,
"=""442.3769""","=""442.3762""","=""0.0016""","=""20""","=""""",,"=""22852.80""","=""45451.65""","=""5d4.6s2""","=""1G2""","=""4""","=""""","=""*""","=""5""",,
"=""442.4888""","=""442.4899""","=""0.0016""","=""8""","=""""",,"=""15460.01""","=""38053.05""","=""5d4.6s2""","=""3D""","=""3""","=""""","=""*""","=""3""",,
"=""442.5912""","=""442.5902""","=""0.0016""","=""30""","=""2.81e+06""",B,"=""18280.48""","=""40868.40""","=""5d5.(6S).6s""","=""5S""","=""2""","=""""","=""*""","=""2""",,
"=""442.7366""","=""442.7365""","=""0.0016""","=""8""","=""""",,"=""29479.32""","=""52059.78""","=""5d4.6s2""","=""3F1""","=""4""","=""""","=""*""","=""4""",,
"=""442.8476""","=""442.8482""","=""0.0016""","=""6""","=""""",,"=""27213.82""","=""49788.58""","=""5d5.(2F1).6s""","=""3F""","=""4""","=""""","=""*""","=""4""",,
"=""443.0830""","=""443.0855""","=""0.0016""","=""2*""","=""""",,"=""32826.63""","=""55389.30""","=""""","=""""","=""3""","=""""","=""*""","=""3""",,
"=""443.0830""","=""443.0867""","=""0.0016""","=""2*""","=""""",,"=""32378.40""","=""54941.01""","=""5d5.(2D3).6s""","=""3D""","=""1""","=""""","=""*""","=""1""",,
"=""443.1522""","=""443.1545""","=""0.0016""","=""3""","=""""",,"=""28392.70""","=""50951.86""","=""5d5.(2I).6s""","=""3I""","=""6""","=""""","=""*""","=""6""",,
"=""443.1963""","=""""","=""""","=""2""","=""""",,"=""""","=""""","=""""","=""""","=""""","=""""","=""""","=""""",,
"=""443.2175""","=""443.2189""","=""0.0016""","=""10""","=""""",,"=""33291.80""","=""55847.68""","=""5d5.(2I).6s""","=""1I""","=""6""","=""""","=""*""","=""6""",,
"=""443.3482""","=""443.3493""","=""0.0016""","=""1w*""","=""""",,"=""33952.85""","=""56502.10""","=""5d5.(4D).6s""","=""3D""","=""3""","=""""","=""*""","=""4""",,
"=""443.3482""","=""443.3540""","=""0.0016""","=""1w*""","=""""",,"=""18116.84""","=""40665.85""","=""5d5.(4G).6s""","=""5G""","=""2""","=""""","=""*""","=""3""",,
"=""443.3634""","=""""","=""""","=""2""","=""""",,"=""""","=""""","=""""","=""""","=""""","=""""","=""""","=""""",,
"=""443.5102""","=""443.5094""","=""0.0016""","=""3w""","=""""",,"=""15460.01""","=""38001.12""","=""5d4.6s2""","=""3D""","=""3""","=""""","=""*""","=""4""",,
"=""443.543""","=""443.5430""","=""0.0016""","=""4w""","=""""",,"=""17107.01""","=""39646.41""","=""5d4.6s2""","=""3F2""","=""4""","=""""","=""*""","=""3""",,
"=""443.5733""","=""443.5733""","=""0.0016""","=""10""","=""""",,"=""22476.68""","=""45014.54""","=""5d5.(4D).6s""","=""5D""","=""4""","=""""","=""*""","=""3""",,
"=""443.6898""","=""443.6897""","=""0.0016""","=""40""","=""""",,"=""23964.67""","=""46496.62""","=""5d4.6s.(6D).6p""","=""7D*""","=""2""","=""5d4.6s.(6D).7s""","=""7D""","=""3""",,
"=""443.8284""","=""443.8281""","=""0.0016""","=""25""","=""1.83e+06""",B,"=""18974.51""","=""41499.43""","=""5d5.(4G).6s""","=""5G""","=""3""","=""""","=""*""","=""3""",,
"=""443.9709""","=""443.9704""","=""0.0016""","=""12""","=""""",,"=""29460.98""","=""51978.68""","=""5d5.(2I).6s""","=""3I""","=""7""","=""""","=""*""","=""6""",,
"=""444.1808""","=""444.1807""","=""0.0016""","=""20""","=""""",,"=""17107.01""","=""39614.05""","=""5d4.6s2""","=""3F2""","=""4""","=""""","=""*""","=""5""",,
"=""444.2443""","=""444.2439""","=""0.0016""","=""3w*""","=""""",,"=""35299.82""","=""57803.66""","=""""","=""""","=""4""","=""""","=""*""","=""4""",,
"=""444.2443""","=""444.2471""","=""0.0016""","=""3w*""","=""""",,"=""33291.80""","=""55795.48""","=""5d5.(2I).6s""","=""1I""","=""6""","=""""","=""*""","=""5""",,
"=""444.4066""","=""444.4074""","=""0.0016""","=""4""","=""""",,"=""20983.02""","=""43478.58""","=""5d5.(4P).6s""","=""5P""","=""2""","=""""","=""*""","=""3""",,
"=""444.4440""","=""444.4455""","=""0.0016""","=""6""","=""""",,"=""23964.67""","=""46458.30""","=""5d4.6s.(6D).6p""","=""7D*""","=""2""","=""5d4.6s.(6D).7s""","=""5D""","=""1""",,
"=""444.5143""","=""444.5149""","=""0.0016""","=""30""","=""""",,"=""14976.18""","=""37466.30""","=""5d4.6s2""","=""3D""","=""2""","=""""","=""*""","=""2""",,
"=""444.7047""","=""444.7037""","=""0.0016""","=""1""","=""""",,"=""19253.56""","=""41734.13""","=""5d4.6s2""","=""3P2""","=""2""","=""""","=""*""","=""2""",,
"=""444.9000""","=""444.9003""","=""0.0016""","=""40""","=""""",,"=""12161.96""","=""34632.60""","=""5d4.6s2""","=""3H""","=""4""","=""""","=""*""","=""4""",,
"=""445.0340""","=""445.0340""","=""0.0016""","=""20""","=""""",,"=""22476.68""","=""44940.57""","=""5d5.(4D).6s""","=""5D""","=""4""","=""""","=""*""","=""4""",,
"=""445.2016""","=""445.2026""","=""0.0016""","=""4w""","=""""",,"=""23930.08""","=""46385.46""","=""5d5.(4D).6s""","=""5D""","=""3""","=""""","=""*""","=""3""",,
"=""445.3608""","=""445.3597""","=""0.0016""","=""2""","=""""",,"=""23455.02""","=""45902.48""","=""5d5.(4D).6s""","=""5D""","=""1""","=""""","=""*""","=""2""",,
"=""445.5458""","=""445.5455""","=""0.0016""","=""20""","=""1.33e+06""",C,"=""19256.24""","=""41694.34""","=""5d5.(4G).6s""","=""5G""","=""4""","=""""","=""*""","=""3""",,
"=""445.6096""","=""445.6102""","=""0.0016""","=""15""","=""""",,"=""27849.80""","=""50284.64""","=""5d5.(2I).6s""","=""3I""","=""5""","=""""","=""*""","=""4""",,
"=""445.8086""","=""445.8085""","=""0.0016""","=""20""","=""4.2e+05""",C,"=""13307.10""","=""35731.96""","=""5d4.6s2""","=""3P2""","=""1""","=""""","=""*""","=""2""",,
"=""445.8284""","=""445.8290""","=""0.0016""","=""10""","=""1.14e+06""",B,"=""19827.68""","=""42251.51""","=""5d5.(4P).6s""","=""5P""","=""3""","=""""","=""*""","=""3""",,
"=""445.8523""","=""445.8515""","=""0.0016""","=""1wl""","=""""",,"=""27213.82""","=""49636.52""","=""5d5.(2F1).6s""","=""3F""","=""4""","=""""","=""*""","=""4""",,
"=""446.0486""","=""446.0488""","=""0.0016""","=""40""","=""2.93e+06""",B,"=""13777.71""","=""36190.49""","=""5d4.6s2""","=""3F2""","=""2""","=""""","=""*""","=""1""",,
"=""446.2514""","=""446.2503""","=""0.0016""","=""8""","=""""",,"=""23982.80""","=""46385.46""","=""5d5.(4D).6s""","=""5D""","=""2""","=""""","=""*""","=""3""",,
"=""446.3498""","=""446.3497""","=""0.0016""","=""12""","=""""",,"=""23930.08""","=""46327.75""","=""5d5.(4D).6s""","=""5D""","=""3""","=""""","=""*""","=""2""",,
"=""446.6344""","=""446.6343""","=""0.0016""","=""50""","=""1.5e+06""",C,"=""13348.56""","=""35731.96""","=""5d4.6s2""","=""3G""","=""3""","=""""","=""*""","=""2""",,
"=""446.6742""","=""""","=""""","=""40""","=""""",,"=""""","=""""","=""""","=""""","=""""","=""""","=""""","=""""",,
"=""446.768""","=""446.7664""","=""0.0016""","=""3""","=""""",,"=""29479.32""","=""51856.10""","=""5d4.6s2""","=""3F1""","=""4""","=""""","=""*""","=""4""",,
"=""446.7885""","=""446.7912""","=""0.0016""","=""1""","=""""",,"=""32957.58""","=""55333.12""","=""""","=""*""","=""3""","=""""","=""""","=""4""",,
"=""446.879""","=""446.8759""","=""0.0016""","=""2""","=""""",,"=""28347.60""","=""50718.90""","=""5d5.(4F).6s""","=""5F""","=""3""","=""""","=""*""","=""2""",,
"=""446.9714""","=""""","=""""","=""10""","=""""",,"=""""","=""""","=""""","=""""","=""""","=""""","=""""","=""""",,
"=""447.2514""","=""447.2515""","=""0.0014""","=""8""","=""1.55e+05""",C,"=""17008.50""","=""39361.01""","=""5d4.6s2""","=""3H""","=""6""","=""""","=""*""","=""5""",,
"=""447.403""","=""447.4029""","=""0.0014""","=""15""","=""""",,"=""23982.80""","=""46327.75""","=""5d5.(4D).6s""","=""5D""","=""2""","=""""","=""*""","=""2""",,
"=""447.564""","=""447.5635""","=""0.0014""","=""4""","=""""",,"=""19535.01""","=""41871.94""","=""5d5.(4G).6s""","=""5G""","=""5""","=""""","=""*""","=""4""",,
"=""447.7824""","=""447.7846""","=""0.0014""","=""4""","=""""",,"=""28797.24""","=""51123.14""","=""5d4.6s.(6D).6p""","=""7D*""","=""4""","=""5d4.6s.(6D).7s""","=""5D""","=""4""",,
"=""447.8826""","=""447.8837""","=""0.0014""","=""2""","=""""",,"=""24610.88""","=""46931.84""","=""5d4.6s2""","=""1F""","=""3""","=""""","=""*""","=""4""",,
"=""447.9594""","=""447.9606""","=""0.0014""","=""3w""","=""""",,"=""16431.31""","=""38748.44""","=""5d4.6s2""","=""3G""","=""4""","=""""","=""*""","=""4""",,
"=""448.1270""","=""448.1273""","=""0.0014""","=""15""","=""""",,"=""23982.80""","=""46291.63""","=""5d5.(4D).6s""","=""5D""","=""2""","=""""","=""*""","=""1""",,
"=""448.4188""","=""448.4177""","=""0.0014""","=""100*""","=""""",,"=""1670.29""","=""23964.67""","=""5d4.6s2""","=""5D""","=""1""","=""5d4.6s.(6D).6p""","=""7D*""","=""2""",,
"=""448.4188""","=""448.4197""","=""0.0014""","=""100*""","=""""",,"=""18116.84""","=""40411.12""","=""5d5.(4G).6s""","=""5G""","=""2""","=""""","=""*""","=""1""",,
"=""448.5091""","=""448.5111""","=""0.0014""","=""12c?""","=""""",,"=""24789.66""","=""47079.40""","=""5d4.6s2""","=""1D2""","=""2""","=""""","=""*""","=""2""",,
"=""448.5476""","=""448.5511""","=""0.0014""","=""4c""","=""""",,"=""27849.80""","=""50137.55""","=""5d5.(2I).6s""","=""3I""","=""5""","=""""","=""*""","=""5""",,
"=""448.7156""","=""448.7196""","=""0.0014""","=""4""","=""""",,"=""30374.20""","=""52653.58""","=""5d4.6s2""","=""3F1""","=""2""","=""""","=""*""","=""2""",,
"=""448.9010""","=""448.9016""","=""0.0014""","=""25""","=""""",,"=""29912.85""","=""52183.20""","=""5d4.6s.(6D).6p""","=""5D*""","=""3""","=""""","=""""","=""2""",,
"=""449.0302""","=""449.0302""","=""0.0014""","=""2c""","=""""",,"=""22852.80""","=""45116.77""","=""5d4.6s2""","=""1G2""","=""4""","=""""","=""*""","=""4""",,
"=""449.2298""","=""449.2314""","=""0.0014""","=""15""","=""3.6e+05""",C,"=""17107.01""","=""39361.01""","=""5d4.6s2""","=""3F2""","=""4""","=""""","=""*""","=""5""",,
"=""449.3958""","=""449.3956""","=""0.0014""","=""20""","=""2.80e+06""",B,"=""19253.56""","=""41499.43""","=""5d4.6s2""","=""3P2""","=""2""","=""""","=""*""","=""3""",,
"=""449.4177""","=""449.4204""","=""0.0014""","=""1""","=""""",,"=""20983.02""","=""43227.66""","=""5d5.(4P).6s""","=""5P""","=""2""","=""""","=""*""","=""2""",,
"=""449.4497""","=""449.4497""","=""0.0014""","=""50""","=""3.00e+06""",B,"=""19256.24""","=""41499.43""","=""5d5.(4G).6s""","=""5G""","=""4""","=""""","=""*""","=""3""",,
"=""449.5294""","=""449.5297""","=""0.0014""","=""40""","=""3.3e+05""",C,"=""15069.93""","=""37309.16""","=""5d4.6s2""","=""3H""","=""5""","=""""","=""*""","=""5""",,
"=""449.6228""","=""""","=""""","=""5""","=""""",,"=""""","=""""","=""""","=""""","=""""","=""""","=""""","=""""",,
"=""449.7674""","=""449.7684""","=""0.0014""","=""5""","=""""",,"=""29853.66""","=""52081.09""","=""5d5.(4F).6s""","=""5F""","=""4""","=""""","=""*""","=""5""",,
"=""449.8448""","=""449.8453""","=""0.0014""","=""15""","=""""",,"=""18974.51""","=""41198.14""","=""5d5.(4G).6s""","=""5G""","=""3""","=""""","=""*""","=""4""",,
"=""449.9094""","=""""","=""""","=""3""","=""""",,"=""""","=""""","=""""","=""""","=""""","=""""","=""""","=""""",,
"=""450.1103""","=""450.1112""","=""0.0016""","=""3""","=""""",,"=""26861.64""","=""49072.14""","=""5d5.(2F1).6s""","=""3F""","=""2""","=""""","=""*""","=""3""",,
"=""450.2590""","=""""","=""""","=""4""","=""""",,"=""""","=""""","=""""","=""""","=""""","=""""","=""""","=""""",,
"=""450.3136""","=""450.3156""","=""0.0016""","=""3""","=""""",,"=""33291.80""","=""55492.22""","=""5d5.(2I).6s""","=""1I""","=""6""","=""""","=""*""","=""5""",,
"=""450.4133""","=""450.4140""","=""0.0016""","=""30""","=""""",,"=""24610.88""","=""46806.45""","=""5d4.6s2""","=""1F""","=""3""","=""""","=""*""","=""2""",,
"=""450.4838""","=""450.4840""","=""0.0016""","=""60""","=""7.0e+05""",B,"=""12161.96""","=""34354.08""","=""5d4.6s2""","=""3H""","=""4""","=""""","=""*""","=""3""",,
"=""450.9300""","=""450.9331""","=""0.0016""","=""4w""","=""""",,"=""29430.50""","=""51600.52""","=""""","=""""","=""3""","=""""","=""*""","=""3""",,
"=""450.9753""","=""450.9756""","=""0.0016""","=""2""","=""""",,"=""27488.11""","=""49656.04""","=""5d5.(6S).6p""","=""7P*""","=""3""","=""5d4.6s.(6D).7s""","=""5D""","=""3""",,
"=""451.0276""","=""451.0259""","=""0.0016""","=""2""","=""""",,"=""13777.71""","=""35943.17""","=""5d4.6s2""","=""3F2""","=""2""","=""""","=""*""","=""3""",,
"=""451.1301""","=""""","=""""","=""3w""","=""""",,"=""""","=""""","=""""","=""""","=""""","=""""","=""""","=""""",,
"=""451.2880""","=""451.2895""","=""0.0016""","=""50""","=""""",,"=""18116.84""","=""40269.35""","=""5d5.(4G).6s""","=""5G""","=""2""","=""""","=""*""","=""3""",,
"=""451.3252""","=""451.3215""","=""0.0016""","=""60*""","=""""",,"=""19827.68""","=""41978.62""","=""5d5.(4P).6s""","=""5P""","=""3""","=""""","=""*""","=""2""",,
"=""451.3252""","=""451.3287""","=""0.0016""","=""60*""","=""""",,"=""13348.56""","=""35499.15""","=""5d4.6s2""","=""3G""","=""3""","=""""","=""*""","=""3""",,
"=""451.4284""","=""451.4293""","=""0.0016""","=""5""","=""""",,"=""20427.84""","=""42573.49""","=""5d5.(4P).6s""","=""5P""","=""1""","=""""","=""*""","=""1""",,
"=""451.5860""","=""451.5866""","=""0.0016""","=""4""","=""9.1e+06""",C,"=""23930.08""","=""46068.02""","=""5d5.(4D).6s""","=""5D""","=""3""","=""""","=""*""","=""3""",,
"=""451.6620""","=""""","=""""","=""2""","=""""",,"=""""","=""""","=""""","=""""","=""""","=""""","=""""","=""""",,
"=""451.7344""","=""451.7355""","=""0.0016""","=""12""","=""3.5e+06""",B,"=""18280.48""","=""40411.12""","=""5d5.(6S).6s""","=""5S""","=""2""","=""""","=""*""","=""1""",,
"=""451.9153""","=""451.9156""","=""0.0016""","=""15""","=""""",,"=""23982.80""","=""46104.62""","=""5d5.(4D).6s""","=""5D""","=""2""","=""""","=""*""","=""1""",,
"=""451.9950""","=""""","=""""","=""6w""","=""""",,"=""""","=""""","=""""","=""""","=""""","=""""","=""""","=""""",,
"=""452.2200""","=""""","=""""","=""5w""","=""""",,"=""""","=""""","=""""","=""""","=""""","=""""","=""""","=""""",,
"=""452.6114""","=""452.6123""","=""0.0016""","=""4""","=""""",,"=""22852.80""","=""44940.57""","=""5d4.6s2""","=""1G2""","=""4""","=""""","=""*""","=""4""",,
"=""452.8443""","=""452.8448""","=""0.0016""","=""2""","=""3.8e+04""",D,"=""15069.93""","=""37146.36""","=""5d4.6s2""","=""3H""","=""5""","=""""","=""*""","=""4""",,
"=""452.9740""","=""452.9751""","=""0.0016""","=""20""","=""""",,"=""22476.68""","=""44546.76""","=""5d5.(4D).6s""","=""5D""","=""4""","=""""","=""*""","=""5""",,
"=""453.0448""","=""453.0457""","=""0.0016""","=""25""","=""""",,"=""12161.96""","=""34228.60""","=""5d4.6s2""","=""3H""","=""4""","=""""","=""*""","=""3""",,
"=""453.4685""","=""453.4719""","=""0.0016""","=""30""","=""""",,"=""19826.04""","=""41871.94""","=""5d4.6s2""","=""3G""","=""5""","=""""","=""*""","=""4""",,
"=""453.5031""","=""453.5057""","=""0.0016""","=""30""","=""""",,"=""19827.68""","=""41871.94""","=""5d5.(4P).6s""","=""5P""","=""3""","=""""","=""*""","=""4""",,
"=""453.5389""","=""453.5411""","=""0.0016""","=""2""","=""""",,"=""29430.50""","=""51473.04""","=""""","=""""","=""3""","=""""","=""*""","=""4""",,
"=""453.6636""","=""453.6658""","=""0.0016""","=""40""","=""""",,"=""28392.70""","=""50429.18""","=""5d5.(2I).6s""","=""3I""","=""6""","=""""","=""*""","=""6""",,
"=""453.9674""","=""453.9690""","=""0.0016""","=""4""","=""""",,"=""20427.84""","=""42449.60""","=""5d5.(4P).6s""","=""5P""","=""1""","=""""","=""*""","=""2""",,
"=""454.0279""","=""454.0305""","=""0.0017""","=""5""","=""""",,"=""17701.18""","=""39719.96""","=""5d4.6s2""","=""3F2""","=""3""","=""""","=""*""","=""4""",,
"=""454.2873""","=""454.2882""","=""0.0017""","=""30""","=""""",,"=""15460.01""","=""37466.30""","=""5d4.6s2""","=""3D""","=""3""","=""""","=""*""","=""2""",,
"=""454.3245""","=""454.3260""","=""0.0017""","=""8""","=""""",,"=""13307.10""","=""35311.56""","=""5d4.6s2""","=""3P2""","=""1""","=""""","=""*""","=""2""",,
"=""454.3491""","=""454.3516""","=""0.0017""","=""60""","=""""",,"=""21448.76""","=""43451.98""","=""5d4.6s.(6D).6p""","=""7F*""","=""2""","=""5d4.6s.(6D).7s""","=""7D""","=""1""",,
"=""454.4545""","=""454.4577""","=""0.0017""","=""10""","=""""",,"=""21453.90""","=""43451.98""","=""5d4.6s.(6D).6p""","=""7D*""","=""1""","=""5d4.6s.(6D).7s""","=""7D""","=""1""",,
"=""454.6469""","=""454.6481""","=""0.0017""","=""50""","=""""",,"=""18280.48""","=""40269.35""","=""5d5.(6S).6s""","=""5S""","=""2""","=""""","=""*""","=""3""",,
"=""454.9510""","=""454.9537""","=""0.0017""","=""6""","=""""",,"=""27213.82""","=""49187.92""","=""5d5.(2F1).6s""","=""3F""","=""4""","=""""","=""*""","=""5""",,
"=""455.0280""","=""455.0315""","=""0.0017""","=""8""","=""""",,"=""22476.68""","=""44447.02""","=""5d5.(4D).6s""","=""5D""","=""4""","=""""","=""*""","=""3""",,
"=""455.1820""","=""455.1819""","=""0.0017""","=""100*""","=""""",,"=""33370.04""","=""55333.12""","=""5d4.6s.(6D).6p""","=""5F*""","=""5""","=""""","=""""","=""4""",,
"=""455.1820""","=""455.1836""","=""0.0017""","=""100*""","=""""",,"=""13348.56""","=""35311.56""","=""5d4.6s2""","=""3G""","=""3""","=""""","=""*""","=""2""",,
"=""455.2500""","=""455.2516""","=""0.0017""","=""25""","=""1.42e+05""",C,"=""12161.96""","=""34121.68""","=""5d4.6s2""","=""3H""","=""4""","=""""","=""*""","=""4""",,
"=""455.3639""","=""455.3650""","=""0.0017""","=""6""","=""""",,"=""13777.71""","=""35731.96""","=""5d4.6s2""","=""3F2""","=""2""","=""""","=""*""","=""2""",,
"=""455.4664""","=""455.4673""","=""0.0017""","=""2""","=""""",,"=""18974.51""","=""40923.83""","=""5d5.(4G).6s""","=""5G""","=""3""","=""""","=""*""","=""3""",,
"=""455.5297""","=""""","=""""","=""4""","=""""",,"=""""","=""""","=""""","=""""","=""""","=""""","=""""","=""""",,
"=""455.5528""","=""455.5522""","=""0.0017""","=""3""","=""""",,"=""17701.18""","=""39646.41""","=""5d4.6s2""","=""3F2""","=""3""","=""""","=""*""","=""3""",,
"=""455.6190""","=""455.6213""","=""0.0017""","=""4""","=""""",,"=""19256.24""","=""41198.14""","=""5d5.(4G).6s""","=""5G""","=""4""","=""""","=""*""","=""4""",,
"=""455.6828""","=""455.6811""","=""0.0017""","=""20*""","=""""",,"=""23930.08""","=""45869.10""","=""5d5.(4D).6s""","=""5D""","=""3""","=""""","=""*""","=""4""",,
"=""455.6828""","=""455.6861""","=""0.0017""","=""20*""","=""""",,"=""27849.80""","=""49788.58""","=""5d5.(2I).6s""","=""3I""","=""5""","=""""","=""*""","=""4""",,
"=""455.8943""","=""455.8962""","=""0.0017""","=""12""","=""1.06e+06""",B,"=""18082.83""","=""40011.50""","=""5d4.6s2""","=""3D""","=""1""","=""""","=""*""","=""2""",,
"=""455.9102""","=""455.9106""","=""0.0017""","=""12""","=""1.72e+06""",B,"=""14976.18""","=""36904.16""","=""5d4.6s2""","=""3D""","=""2""","=""""","=""*""","=""2""",,
"=""456.0474""","=""""","=""""","=""4""","=""""",,"=""""","=""""","=""""","=""""","=""""","=""""","=""""","=""""",,
"=""456.3570""","=""456.3586""","=""0.0017""","=""30""","=""4.1e+06""",B,"=""19827.68""","=""41734.13""","=""5d5.(4P).6s""","=""5P""","=""3""","=""""","=""*""","=""2""",,
"=""456.4048""","=""456.4074""","=""0.0017""","=""10""","=""""",,"=""28233.44""","=""50137.55""","=""5d5.(4F).6s""","=""5F""","=""5""","=""""","=""*""","=""5""",,
"=""456.5297""","=""456.5310""","=""0.0017""","=""25""","=""1.15e+06""",B,"=""14976.18""","=""36874.36""","=""5d4.6s2""","=""3D""","=""2""","=""""","=""*""","=""3""",,
"=""456.6031""","=""456.6044""","=""0.0017""","=""1""","=""""",,"=""18116.84""","=""40011.50""","=""5d5.(4G).6s""","=""5G""","=""2""","=""""","=""*""","=""2""",,
"=""456.6198""","=""456.6205""","=""0.0017""","=""8""","=""""",,"=""18974.51""","=""40868.40""","=""5d5.(4G).6s""","=""5G""","=""3""","=""""","=""*""","=""2""",,
"=""456.7566""","=""""","=""""","=""12""","=""""",,"=""""","=""""","=""""","=""""","=""""","=""""","=""""","=""""",,
"=""456.8597""","=""456.8579""","=""0.0017""","=""4""","=""""",,"=""19535.01""","=""41417.52""","=""5d5.(4G).6s""","=""5G""","=""5""","=""""","=""*""","=""6""",,
"=""457.0638""","=""457.0651""","=""0.0017""","=""80*""","=""""",,"=""34302.04""","=""56174.63""","=""5d5.(2G2).6s""","=""3G""","=""4""","=""""","=""*""","=""4""",,
"=""457.0638""","=""457.0664""","=""0.0017""","=""80*""","=""""",,"=""23047.31""","=""44919.84""","=""5d4.6s.(6D).6p""","=""7F*""","=""3""","=""5d4.6s.(6D).7s""","=""7D""","=""2""",,
"=""457.1872""","=""457.1891""","=""0.0017""","=""10""","=""""",,"=""19827.68""","=""41694.34""","=""5d5.(4P).6s""","=""5P""","=""3""","=""""","=""*""","=""3""",,
"=""457.5352""","=""""","=""""","=""2""","=""""",,"=""""","=""""","=""""","=""""","=""""","=""""","=""""","=""""",,
"=""457.5661""","=""457.5680""","=""0.0017""","=""3""","=""""",,"=""26229.77""","=""48078.32""","=""5d5.(6S).6p""","=""7P*""","=""2""","=""5d4.6s.(6D).7s""","=""5D""","=""2""",,
"=""457.8316""","=""457.8323""","=""0.0017""","=""20""","=""""",,"=""29460.98""","=""51296.92""","=""5d5.(2I).6s""","=""3I""","=""7""","=""""","=""*""","=""7""",,
"=""457.9688""","=""457.9686""","=""0.0017""","=""25""","=""""",,"=""32828.12""","=""54657.56""","=""5d4.6s.(6D).6p""","=""5D*""","=""4""","=""""","=""""","=""3""",,
"=""457.9952""","=""457.9969""","=""0.0017""","=""4""","=""""",,"=""16431.31""","=""38259.40""","=""5d4.6s2""","=""3G""","=""4""","=""""","=""*""","=""4""",,
"=""458.1635""","=""458.1680""","=""0.0017""","=""3w""","=""""",,"=""28898.96""","=""50718.90""","=""5d4.6s2""","=""3P1""","=""2""","=""""","=""*""","=""2""",,
"=""458.4244""","=""458.4252""","=""0.0017""","=""3""","=""""",,"=""31077.80""","=""52885.50""","=""""","=""""","=""2""","=""""","=""*""","=""2""",,
"=""458.4536""","=""458.4525""","=""0.0017""","=""3""","=""""",,"=""34302.04""","=""56108.44""","=""5d5.(2G2).6s""","=""3G""","=""4""","=""""","=""*""","=""3""",,
"=""458.5624""","=""""","=""""","=""3""","=""""",,"=""""","=""""","=""""","=""""","=""""","=""""","=""""","=""""",,
"=""458.6832""","=""458.6835""","=""0.0017""","=""40""","=""4.20e+05""",B,"=""9528.06""","=""31323.48""","=""5d4.6s2""","=""3P2""","=""0""","=""""","=""*""","=""1""",,
"=""458.8734""","=""458.8746""","=""0.0017""","=""60""","=""""",,"=""26189.20""","=""47975.54""","=""5d4.6s.(6D).6p""","=""7D*""","=""3""","=""5d4.6s.(6D).7s""","=""7D""","=""4""",,
"=""459.2390""","=""459.2406""","=""0.0017""","=""20""","=""""",,"=""19648.54""","=""41417.52""","=""5d5.(4G).6s""","=""5G""","=""6""","=""""","=""*""","=""6""",,
"=""459.2566""","=""459.2566""","=""0.0017""","=""15""","=""3.4e+05""",B,"=""13348.56""","=""35116.78""","=""5d4.6s2""","=""3G""","=""3""","=""""","=""*""","=""4""",,
"=""459.2907""","=""459.2959""","=""0.0017""","=""1""","=""""",,"=""27889.68""","=""49656.04""","=""5d5.(6S).6p""","=""7P*""","=""4""","=""5d4.6s.(6D).7s""","=""5D""","=""3""",,
"=""459.9940""","=""459.9960""","=""0.0017""","=""40""","=""""",,"=""24763.39""","=""46496.62""","=""5d4.6s.(6D).6p""","=""7F*""","=""4""","=""5d4.6s.(6D).7s""","=""7D""","=""3""",,
"=""460.0413""","=""460.0428""","=""0.0017""","=""15""","=""1.00e+06""",B,"=""18280.48""","=""40011.50""","=""5d5.(6S).6s""","=""5S""","=""2""","=""""","=""*""","=""2""",,
"=""460.3270""","=""460.3309""","=""0.0017""","=""4""","=""""",,"=""33291.80""","=""55009.22""","=""5d5.(2I).6s""","=""1I""","=""6""","=""""","=""*""","=""5""",,
"=""460.3410""","=""460.3425""","=""0.0017""","=""5""","=""""",,"=""24610.88""","=""46327.75""","=""5d4.6s2""","=""1F""","=""3""","=""""","=""*""","=""2""",,
"=""460.6998""","=""460.7009""","=""0.0017""","=""4w""","=""""",,"=""32957.58""","=""54657.56""","=""""","=""*""","=""3""","=""""","=""""","=""3""",,
"=""460.7565""","=""460.7531""","=""0.0017""","=""6w""","=""""",,"=""14976.18""","=""36673.70""","=""5d4.6s2""","=""3D""","=""2""","=""""","=""*""","=""2""",,
"=""460.8816""","=""460.8844""","=""0.0017""","=""8""","=""""",,"=""18974.51""","=""40665.85""","=""5d5.(4G).6s""","=""5G""","=""3""","=""""","=""*""","=""3""",,
"=""460.9886""","=""460.9904""","=""0.0017""","=""25""","=""1.42e+06""",B,"=""15460.01""","=""37146.36""","=""5d4.6s2""","=""3D""","=""3""","=""""","=""*""","=""4""",,
"=""461.2987""","=""461.3010""","=""0.0017""","=""5""","=""""",,"=""19827.68""","=""41499.43""","=""5d5.(4P).6s""","=""5P""","=""3""","=""""","=""*""","=""3""",,
"=""461.3296""","=""461.3308""","=""0.0017""","=""40""","=""1.7e+05""",C,"=""6219.33""","=""27889.68""","=""5d4.6s2""","=""5D""","=""4""","=""5d5.(6S).6p""","=""7P*""","=""4""",,
"=""461.3886""","=""461.3896""","=""0.0017""","=""2""","=""""",,"=""19256.24""","=""40923.83""","=""5d5.(4G).6s""","=""5G""","=""4""","=""""","=""*""","=""3""",,
"=""461.4830""","=""461.4845""","=""0.0017""","=""6""","=""""",,"=""19535.01""","=""41198.14""","=""5d5.(4G).6s""","=""5G""","=""5""","=""""","=""*""","=""4""",,
"=""461.6396""","=""461.6420""","=""0.0017""","=""3""","=""""",,"=""19256.24""","=""40911.98""","=""5d5.(4G).6s""","=""5G""","=""4""","=""""","=""*""","=""5""",,
"=""461.9448""","=""461.9473""","=""0.0017""","=""4c""","=""""",,"=""17107.01""","=""38748.44""","=""5d4.6s2""","=""3F2""","=""4""","=""""","=""*""","=""4""",,
"=""462.0520""","=""462.0540""","=""0.0017""","=""15""","=""""",,"=""19535.01""","=""41171.44""","=""5d5.(4G).6s""","=""5G""","=""5""","=""""","=""*""","=""6""",,
"=""462.2266""","=""""","=""""","=""2""","=""""",,"=""""","=""""","=""""","=""""","=""""","=""""","=""""","=""""",,
"=""462.3140""","=""462.3156""","=""0.0017""","=""5""","=""""",,"=""18082.83""","=""39707.02""","=""5d4.6s2""","=""3D""","=""1""","=""""","=""*""","=""2""",,
"=""462.3645""","=""462.3680""","=""0.0017""","=""10""","=""""",,"=""16431.31""","=""38053.05""","=""5d4.6s2""","=""3G""","=""4""","=""""","=""*""","=""3""",,
"=""462.3768""","=""462.3787""","=""0.0017""","=""3""","=""""",,"=""23930.08""","=""45551.32""","=""5d5.(4D).6s""","=""5D""","=""3""","=""""","=""*""","=""3""",,
"=""462.4446""","=""462.4443""","=""0.0017""","=""6""","=""""",,"=""20983.02""","=""42601.19""","=""5d5.(4P).6s""","=""5P""","=""2""","=""""","=""*""","=""3""",,
"=""462.5140""","=""462.5156""","=""0.0017""","=""8""","=""""",,"=""19253.56""","=""40868.40""","=""5d4.6s2""","=""3P2""","=""2""","=""""","=""*""","=""2""",,
"=""462.5756""","=""""","=""""","=""4""","=""""",,"=""""","=""""","=""""","=""""","=""""","=""""","=""""","=""""",,
"=""462.6730""","=""""","=""""","=""3""","=""""",,"=""""","=""""","=""""","=""""","=""""","=""""","=""""","=""""",,
"=""462.7591""","=""462.7560""","=""0.0017""","=""6""","=""""",,"=""31389.08""","=""52992.69""","=""5d5.(4G).6s""","=""3G""","=""5""","=""""","=""*""","=""4""",,
"=""462.9230""","=""462.9234""","=""0.0017""","=""4""","=""""",,"=""24789.66""","=""46385.46""","=""5d4.6s2""","=""1D2""","=""2""","=""""","=""*""","=""3""",,
"=""462.9561""","=""462.9572""","=""0.0017""","=""5w""","=""""",,"=""22852.80""","=""44447.02""","=""5d4.6s2""","=""1G2""","=""4""","=""""","=""*""","=""3""",,
"=""463.0139""","=""463.0160""","=""0.0017""","=""2""","=""""",,"=""19826.04""","=""41417.52""","=""5d4.6s2""","=""3G""","=""5""","=""""","=""*""","=""6""",,
"=""463.0372""","=""463.0376""","=""0.0017""","=""6""","=""""",,"=""20983.02""","=""42573.49""","=""5d5.(4P).6s""","=""5P""","=""2""","=""""","=""*""","=""1""",,
"=""463.4786""","=""463.4812""","=""0.0017""","=""20""","=""8.8e+05""",B,"=""16431.31""","=""38001.12""","=""5d4.6s2""","=""3G""","=""4""","=""""","=""*""","=""4""",,
"=""463.5054""","=""463.5089""","=""0.0017""","=""4""","=""""",,"=""23982.80""","=""45551.32""","=""5d5.(4D).6s""","=""5D""","=""2""","=""""","=""*""","=""3""",,
"=""463.6044""","=""463.6060""","=""0.0017""","=""4""","=""""",,"=""23455.02""","=""45019.02""","=""5d5.(4D).6s""","=""5D""","=""1""","=""""","=""*""","=""2""",,
"=""463.7102""","=""""","=""""","=""4""","=""""",,"=""""","=""""","=""""","=""""","=""""","=""""","=""""","=""""",,
"=""463.7857""","=""463.7852""","=""0.0017""","=""8""","=""""",,"=""29393.40""","=""50949.07""","=""5d4.6s.(6D).6p""","=""5P*""","=""2""","=""""","=""""","=""1""",,
"=""463.8251""","=""463.8256""","=""0.0017""","=""2w""","=""""",,"=""18082.83""","=""39636.62""","=""5d4.6s2""","=""3D""","=""1""","=""""","=""*""","=""1""",,
"=""463.946""","=""463.9507""","=""0.0017""","=""4""","=""""",,"=""32238.02""","=""53786.00""","=""""","=""*""","=""3""","=""""","=""""","=""4""",,
"=""464.0270""","=""464.0295""","=""0.0017""","=""8""","=""""",,"=""22476.68""","=""44021.00""","=""5d5.(4D).6s""","=""5D""","=""4""","=""""","=""*""","=""3""",,
"=""464.1764""","=""464.1786""","=""0.0017""","=""10*""","=""""",,"=""20427.84""","=""41965.24""","=""5d5.(4P).6s""","=""5P""","=""1""","=""""","=""*""","=""0""",,
"=""464.1764""","=""464.1812""","=""0.0017""","=""10*""","=""""",,"=""4830.00""","=""26367.28""","=""5d4.6s2""","=""5D""","=""3""","=""""","=""*""","=""2""",,
"=""464.2530""","=""464.2551""","=""0.0017""","=""40""","=""""",,"=""13777.71""","=""35311.56""","=""5d4.6s2""","=""3F2""","=""2""","=""""","=""*""","=""2""",,
"=""464.3116""","=""464.3140""","=""0.0017""","=""10""","=""""",,"=""20983.02""","=""42514.14""","=""5d5.(4P).6s""","=""5P""","=""2""","=""""","=""*""","=""3""",,
"=""464.3446""","=""464.3474""","=""0.0017""","=""2""","=""""",,"=""18116.84""","=""39646.41""","=""5d5.(4G).6s""","=""5G""","=""2""","=""""","=""*""","=""3""",,
"=""464.4880""","=""464.4913""","=""0.0017""","=""5""","=""""",,"=""19648.54""","=""41171.44""","=""5d5.(4G).6s""","=""5G""","=""6""","=""""","=""*""","=""6""",,
"=""464.572""","=""""","=""""","=""1""","=""""",,"=""""","=""""","=""""","=""""","=""""","=""""","=""""","=""""",,
"=""464.6135""","=""464.6140""","=""0.0017""","=""8""","=""2.6e+06""",E,"=""19253.56""","=""40770.78""","=""5d4.6s2""","=""3P2""","=""2""","=""""","=""*""","=""1""",,
"=""465.152""","=""465.1553""","=""0.0017""","=""3""","=""""",,"=""23930.08""","=""45422.26""","=""5d5.(4D).6s""","=""5D""","=""3""","=""""","=""*""","=""2""",,
"=""465.672""","=""""","=""""","=""4""","=""""",,"=""""","=""""","=""""","=""""","=""""","=""""","=""""","=""""",,
"=""465.7034""","=""465.7031""","=""0.0017""","=""4""","=""""",,"=""31389.08""","=""52855.98""","=""5d5.(4G).6s""","=""3G""","=""5""","=""""","=""*""","=""6""",,
"=""465.7416""","=""465.7443""","=""0.0017""","=""40""","=""""",,"=""27889.68""","=""49354.68""","=""5d5.(6S).6p""","=""7P*""","=""4""","=""5d4.6s.(6D).7s""","=""7D""","=""5""",,
"=""465.9867""","=""465.9853""","=""0.0017""","=""60""","=""1.0e+06""",B,"=""0.00""","=""21453.90""","=""5d4.6s2""","=""5D""","=""0""","=""5d4.6s.(6D).6p""","=""7D*""","=""1""",,
"=""466.1235""","=""466.1228""","=""0.0017""","=""8""","=""""",,"=""22476.68""","=""43924.25""","=""5d5.(4D).6s""","=""5D""","=""4""","=""""","=""*""","=""5""",,
"=""466.1975""","=""466.1971""","=""0.0017""","=""10""","=""1.73e+06""",B,"=""15460.01""","=""36904.16""","=""5d4.6s2""","=""3D""","=""3""","=""""","=""*""","=""2""",,
"=""466.2642""","=""466.2661""","=""0.0017""","=""2""","=""""",,"=""28347.60""","=""49788.58""","=""5d5.(4F).6s""","=""5F""","=""3""","=""""","=""*""","=""4""",,
"=""466.294""","=""466.2941""","=""0.0017""","=""6*""","=""""",,"=""33569.53""","=""55009.22""","=""""","=""""","=""4""","=""""","=""*""","=""5""",,
"=""466.294""","=""466.2991""","=""0.0017""","=""6*""","=""""",,"=""23982.80""","=""45422.26""","=""5d5.(4D).6s""","=""5D""","=""2""","=""""","=""*""","=""2""",,
"=""466.5760""","=""466.5803""","=""0.0017""","=""4""","=""""",,"=""18280.48""","=""39707.02""","=""5d5.(6S).6s""","=""5S""","=""2""","=""""","=""*""","=""2""",,
"=""466.8176""","=""466.8184""","=""0.0017""","=""2""","=""""",,"=""30586.64""","=""52002.25""","=""5d4.6s.(6D).6p""","=""5P*""","=""3""","=""""","=""""","=""3""",,
"=""466.8460""","=""466.8459""","=""0.0017""","=""15""","=""1.18e+06""",B,"=""15460.01""","=""36874.36""","=""5d4.6s2""","=""3D""","=""3""","=""""","=""*""","=""3""",,
"=""466.8895""","=""466.8908""","=""0.0017""","=""2*""","=""""",,"=""19253.56""","=""40665.85""","=""5d4.6s2""","=""3P2""","=""2""","=""""","=""*""","=""3""",,
"=""466.8895""","=""466.8921""","=""0.0017""","=""2*""","=""""",,"=""13307.10""","=""34719.33""","=""5d4.6s2""","=""3P2""","=""1""","=""""","=""*""","=""1""",,
"=""467.1626""","=""467.1640""","=""0.0017""","=""8""","=""1.4e+04""",D,"=""4830.00""","=""26229.77""","=""5d4.6s2""","=""5D""","=""3""","=""5d5.(6S).6p""","=""7P*""","=""2""",,
"=""467.2553""","=""""","=""""","=""2""","=""""",,"=""""","=""""","=""""","=""""","=""""","=""""","=""""","=""""",,
"=""467.5090""","=""""","=""""","=""4""","=""""",,"=""""","=""""","=""""","=""""","=""""","=""""","=""""","=""""",,
"=""467.6623""","=""467.6622""","=""0.0018""","=""20""","=""""",,"=""19535.01""","=""40911.98""","=""5d5.(4G).6s""","=""5G""","=""5""","=""""","=""*""","=""5""",,
"=""467.693""","=""""","=""""","=""2""","=""""",,"=""""","=""""","=""""","=""""","=""""","=""""","=""""","=""""",,
"=""467.7374""","=""""","=""""","=""4""","=""""",,"=""""","=""""","=""""","=""""","=""""","=""""","=""""","=""""",,
"=""467.7690""","=""467.7688""","=""0.0018""","=""20""","=""""",,"=""19826.04""","=""41198.14""","=""5d4.6s2""","=""3G""","=""5""","=""""","=""*""","=""4""",,
"=""467.848""","=""""","=""""","=""1""","=""""",,"=""""","=""""","=""""","=""""","=""""","=""""","=""""","=""""",,
"=""467.904""","=""467.9039""","=""0.0018""","=""8""","=""1.52e+06""",B,"=""18280.48""","=""39646.41""","=""5d5.(6S).6s""","=""5S""","=""2""","=""""","=""*""","=""3""",,
"=""468.0509""","=""468.0513""","=""0.0018""","=""80""","=""1.4e+06""",B,"=""4830.00""","=""26189.20""","=""5d4.6s2""","=""5D""","=""3""","=""5d4.6s.(6D).6p""","=""7D*""","=""3""",,
"=""468.1182""","=""468.1184""","=""0.0018""","=""5""","=""""",,"=""18280.48""","=""39636.62""","=""5d5.(6S).6s""","=""5S""","=""2""","=""""","=""*""","=""1""",,
"=""468.2558""","=""468.2574""","=""0.0018""","=""6""","=""""",,"=""29773.34""","=""51123.14""","=""5d4.6s.(6D).6p""","=""7D*""","=""5""","=""5d4.6s.(6D).7s""","=""5D""","=""4""",,
"=""468.3542""","=""468.3539""","=""0.0018""","=""30""","=""""",,"=""19826.04""","=""41171.44""","=""5d4.6s2""","=""3G""","=""5""","=""""","=""*""","=""6""",,
"=""468.600""","=""""","=""""","=""1""","=""""",,"=""""","=""""","=""""","=""""","=""""","=""""","=""""","=""""",,
"=""468.6373""","=""468.6378""","=""0.0018""","=""3""","=""""",,"=""23930.08""","=""45262.55""","=""5d5.(4D).6s""","=""5D""","=""3""","=""""","=""*""","=""4""",,
"=""468.7118""","=""468.7125""","=""0.0018""","=""3""","=""""",,"=""17701.18""","=""39030.25""","=""5d4.6s2""","=""3F2""","=""3""","=""""","=""*""","=""2""",,
"=""468.7612""","=""468.7617""","=""0.0018""","=""6""","=""1.48e+06""",B,"=""19256.24""","=""40583.07""","=""5d5.(4G).6s""","=""5G""","=""4""","=""""","=""*""","=""4""",,
"=""468.9168""","=""468.9196""","=""0.0018""","=""2""","=""""",,"=""30374.20""","=""51693.85""","=""5d4.6s2""","=""3F1""","=""2""","=""""","=""*""","=""2""",,
"=""469.0237""","=""469.0228""","=""0.0018""","=""1""","=""""",,"=""24789.66""","=""46104.62""","=""5d4.6s2""","=""1D2""","=""2""","=""""","=""*""","=""1""",,
"=""469.062""","=""469.0646""","=""0.0018""","=""1""","=""""",,"=""28204.20""","=""49517.26""","=""5d5.(4F).6s""","=""5F""","=""2""","=""""","=""*""","=""2""",,
"=""469.155""","=""469.1560""","=""0.0018""","=""5""","=""""",,"=""26861.64""","=""48170.55""","=""5d5.(2F1).6s""","=""3F""","=""2""","=""""","=""*""","=""3""",,
"=""469.2112""","=""469.2137""","=""0.0018""","=""2""","=""""",,"=""20427.84""","=""41734.13""","=""5d5.(4P).6s""","=""5P""","=""1""","=""""","=""*""","=""2""",,
"=""469.3719""","=""469.3729""","=""0.0018""","=""40""","=""""",,"=""26676.48""","=""47975.54""","=""5d4.6s.(6D).6p""","=""7F*""","=""5""","=""5d4.6s.(6D).7s""","=""7D""","=""4""",,
"=""469.4636""","=""469.4655""","=""0.0018""","=""6*""","=""""",,"=""34302.04""","=""55596.90""","=""5d5.(2G2).6s""","=""3G""","=""4""","=""""","=""*""","=""4""",,
"=""469.4636""","=""469.4660""","=""0.0018""","=""6*""","=""""",,"=""18974.51""","=""40269.35""","=""5d5.(4G).6s""","=""5G""","=""3""","=""""","=""*""","=""3""",,
"=""469.5527""","=""469.5515""","=""0.0018""","=""2""","=""""",,"=""32378.40""","=""53669.36""","=""5d5.(2D3).6s""","=""3D""","=""1""","=""""","=""*""","=""2""",,
"=""469.8108""","=""469.8092""","=""0.0018""","=""8""","=""""",,"=""20983.02""","=""42262.30""","=""5d5.(4P).6s""","=""5P""","=""2""","=""""","=""*""","=""1""",,
"=""469.862""","=""469.8631""","=""0.0018""","=""10""","=""""",,"=""19827.68""","=""41104.52""","=""5d5.(4P).6s""","=""5P""","=""3""","=""""","=""*""","=""2""",,
"=""470.0422""","=""470.0412""","=""0.0018""","=""15""","=""6.2e+04""",C,"=""6219.33""","=""27488.11""","=""5d4.6s2""","=""5D""","=""4""","=""5d5.(6S).6p""","=""7P*""","=""3""",,
"=""470.1590""","=""470.1592""","=""0.0018""","=""4""","=""""",,"=""19648.54""","=""40911.98""","=""5d5.(4G).6s""","=""5G""","=""6""","=""""","=""*""","=""5""",,
"=""470.217""","=""""","=""""","=""2""","=""""",,"=""""","=""""","=""""","=""""","=""""","=""""","=""""","=""""",,
"=""470.247""","=""470.2472""","=""0.0018""","=""10""","=""1.23e+06""",B,"=""18974.51""","=""40233.97""","=""5d5.(4G).6s""","=""5G""","=""3""","=""""","=""*""","=""4""",,
"=""470.564""","=""""","=""""","=""1""","=""""",,"=""""","=""""","=""""","=""""","=""""","=""""","=""""","=""""",,
"=""470.5834""","=""470.5853""","=""0.0018""","=""2""","=""""",,"=""22476.68""","=""43720.87""","=""5d5.(4D).6s""","=""5D""","=""4""","=""""","=""*""","=""4""",,
"=""470.616""","=""470.6167""","=""0.0018""","=""8""","=""""",,"=""16431.31""","=""37674.08""","=""5d4.6s2""","=""3G""","=""4""","=""""","=""*""","=""3""",,
"=""470.958""","=""""","=""""","=""2""","=""""",,"=""""","=""""","=""""","=""""","=""""","=""""","=""""","=""""",,
"=""470.975""","=""""","=""""","=""2""","=""""",,"=""""","=""""","=""""","=""""","=""""","=""""","=""""","=""""",,
"=""471.032""","=""471.0312""","=""0.0018""","=""6""","=""""",,"=""27849.80""","=""49073.88""","=""5d5.(2I).6s""","=""3I""","=""5""","=""""","=""*""","=""5""",,
"=""471.1173""","=""471.1177""","=""0.0018""","=""12""","=""""",,"=""19256.24""","=""40476.42""","=""5d5.(4G).6s""","=""5G""","=""4""","=""""","=""*""","=""5""",,
"=""471.2486""","=""471.2481""","=""0.0018""","=""15""","=""1.57e+06""",B,"=""14976.18""","=""36190.49""","=""5d4.6s2""","=""3D""","=""2""","=""""","=""*""","=""1""",,
"=""471.3355""","=""471.3374""","=""0.0018""","=""2""","=""""",,"=""29912.85""","=""51123.14""","=""5d4.6s.(6D).6p""","=""5D*""","=""3""","=""5d4.6s.(6D).7s""","=""5D""","=""4""",,
"=""471.351""","=""471.3532""","=""0.0018""","=""2""","=""""",,"=""32135.94""","=""53345.52""","=""5d5.(4G).6s""","=""3G""","=""4""","=""""","=""*""","=""3""",,
"=""471.3852""","=""471.3865""","=""0.0018""","=""5""","=""2.5e+04""",C,"=""12161.96""","=""33370.04""","=""5d4.6s2""","=""3H""","=""4""","=""5d4.6s.(6D).6p""","=""5F*""","=""5""",,
"=""471.4507""","=""471.4512""","=""0.0018""","=""5""","=""""",,"=""15069.93""","=""36275.10""","=""5d4.6s2""","=""3H""","=""5""","=""""","=""*""","=""5""",,
"=""471.6864""","=""471.6859""","=""0.0018""","=""8""","=""""",,"=""17008.50""","=""38203.12""","=""5d4.6s2""","=""3H""","=""6""","=""""","=""*""","=""6""",,
"=""471.8618""","=""471.8624""","=""0.0018""","=""8""","=""""",,"=""23930.08""","=""45116.77""","=""5d5.(4D).6s""","=""5D""","=""3""","=""""","=""*""","=""4""",,
"=""472.0392""","=""472.0391""","=""0.0018""","=""10""","=""3.22e+05""",C,"=""13307.10""","=""34485.86""","=""5d4.6s2""","=""3P2""","=""1""","=""""","=""*""","=""2""",,
"=""472.3076""","=""472.3072""","=""0.0018""","=""2""","=""""",,"=""28347.60""","=""49514.34""","=""5d5.(4F).6s""","=""5F""","=""3""","=""""","=""*""","=""3""",,
"=""472.5118""","=""472.5121""","=""0.0018""","=""20""","=""3.8e+06""",B,"=""19253.56""","=""40411.12""","=""5d4.6s2""","=""3P2""","=""2""","=""""","=""*""","=""1""",,
"=""472.5592""","=""472.5586""","=""0.0018""","=""2""","=""""",,"=""9528.06""","=""30683.54""","=""5d4.6s2""","=""3P2""","=""0""","=""""","=""*""","=""1""",,
"=""472.6274""","=""472.6276""","=""0.0018""","=""5""","=""""",,"=""17107.01""","=""38259.40""","=""5d4.6s2""","=""3F2""","=""4""","=""""","=""*""","=""4""",,
"=""472.8768""","=""472.8764""","=""0.0018""","=""4""","=""""",,"=""23455.02""","=""44596.28""","=""5d5.(4D).6s""","=""5D""","=""1""","=""""","=""*""","=""2""",,
"=""472.9648""","=""472.9650""","=""0.0018""","=""20""","=""7.8e+05""",B,"=""13348.56""","=""34485.86""","=""5d4.6s2""","=""3G""","=""3""","=""""","=""*""","=""2""",,
"=""473.0695""","=""473.0700""","=""0.0018""","=""4""","=""""",,"=""22852.80""","=""43985.41""","=""5d4.6s2""","=""1G2""","=""4""","=""""","=""*""","=""4""",,
"=""473.1027""","=""473.1022""","=""0.0018""","=""2*""","=""""",,"=""33952.85""","=""55084.02""","=""5d5.(4D).6s""","=""3D""","=""3""","=""""","=""*""","=""2""",,
"=""473.1027""","=""473.1045""","=""0.0018""","=""2*""","=""""",,"=""34465.83""","=""55596.90""","=""""","=""""","=""3""","=""""","=""*""","=""4""",,
"=""473.6036""","=""473.6061""","=""0.0018""","=""3""","=""""",,"=""33201.61""","=""54310.30""","=""5d5.(2G2).6s""","=""3G""","=""5""","=""""","=""*""","=""5""",,
"=""473.695""","=""473.6996""","=""0.0018""","=""2w""","=""""",,"=""34228.60""","=""55333.12""","=""""","=""*""","=""3""","=""""","=""""","=""4""",,
"=""473.786""","=""473.7928""","=""0.0018""","=""2w""","=""""",,"=""18082.83""","=""39183.20""","=""5d4.6s2""","=""3D""","=""1""","=""""","=""*""","=""1""",,
"=""473.8152""","=""473.8153""","=""0.0018""","=""4""","=""""",,"=""17107.01""","=""38206.38""","=""5d4.6s2""","=""3F2""","=""4""","=""""","=""*""","=""3""",,
"=""474.1498""","=""474.1503""","=""0.0018""","=""4""","=""""",,"=""23930.08""","=""45014.54""","=""5d5.(4D).6s""","=""5D""","=""3""","=""""","=""*""","=""3""",,
"=""474.5586""","=""474.5577""","=""0.0018""","=""8w""","=""1.2e+06""",C,"=""18116.84""","=""39183.20""","=""5d5.(4G).6s""","=""5G""","=""2""","=""""","=""*""","=""1""",,
"=""474.6785""","=""""","=""""","=""3w""","=""""",,"=""""","=""""","=""""","=""""","=""""","=""""","=""""","=""""",,
"=""474.7964""","=""474.7955""","=""0.0018""","=""2""","=""""",,"=""29853.66""","=""50909.47""","=""5d5.(4F).6s""","=""5F""","=""4""","=""""","=""*""","=""4""",,
"=""474.9697""","=""474.9703""","=""0.0018""","=""5""","=""8.7e+05""",B,"=""19535.01""","=""40583.07""","=""5d5.(4G).6s""","=""5G""","=""5""","=""""","=""*""","=""4""",,
"=""474.9909""","=""474.9884""","=""0.0018""","=""1""","=""""",,"=""17701.18""","=""38748.44""","=""5d4.6s2""","=""3F2""","=""3""","=""""","=""*""","=""4""",,
"=""475.1363""","=""475.1360""","=""0.0018""","=""6""","=""""",,"=""19827.68""","=""40868.40""","=""5d5.(4P).6s""","=""5P""","=""3""","=""""","=""*""","=""2""",,
"=""475.2200""","=""475.2203""","=""0.0018""","=""8""","=""7.6e+05""",B,"=""18974.51""","=""40011.50""","=""5d5.(4G).6s""","=""5G""","=""3""","=""""","=""*""","=""2""",,
"=""475.2584""","=""475.2576""","=""0.0018""","=""8""","=""4.3e+05""",B,"=""13307.10""","=""34342.44""","=""5d4.6s2""","=""3P2""","=""1""","=""""","=""*""","=""1""",,
"=""475.3388""","=""475.3389""","=""0.0018""","=""6""","=""""",,"=""23982.80""","=""45014.54""","=""5d5.(4D).6s""","=""5D""","=""2""","=""""","=""*""","=""3""",,
"=""475.698""","=""475.6997""","=""0.0018""","=""3""","=""""",,"=""19253.56""","=""40269.35""","=""5d4.6s2""","=""3P2""","=""2""","=""""","=""*""","=""3""",,
"=""475.7542""","=""475.7542""","=""0.0018""","=""30""","=""2.72e+05""",B,"=""2951.29""","=""23964.67""","=""5d5.(6S).6s""","=""7S""","=""3""","=""5d4.6s.(6D).6p""","=""7D*""","=""2""",,
"=""475.7781""","=""475.7771""","=""0.0018""","=""8""","=""4.1e+05""",C,"=""15069.93""","=""36082.30""","=""5d4.6s2""","=""3H""","=""5""","=""""","=""*""","=""4""",,
"=""475.8197""","=""475.8197""","=""0.0018""","=""10""","=""""",,"=""23930.08""","=""44940.57""","=""5d5.(4D).6s""","=""5D""","=""3""","=""""","=""*""","=""4""",,
"=""475.9340""","=""475.9322""","=""0.0018""","=""2w""","=""2.49e+04""",C,"=""13348.56""","=""34354.08""","=""5d4.6s2""","=""3G""","=""3""","=""""","=""*""","=""3""",,
"=""476.0714""","=""""","=""""","=""3""","=""""",,"=""""","=""""","=""""","=""""","=""""","=""""","=""""","=""""",,
"=""476.102""","=""476.1018""","=""0.0016""","=""3""","=""""",,"=""22852.80""","=""43850.84""","=""5d4.6s2""","=""1G2""","=""4""","=""""","=""*""","=""3""",,
"=""476.563""","=""476.5627""","=""0.0016""","=""2""","=""""",,"=""19256.24""","=""40233.97""","=""5d5.(4G).6s""","=""5G""","=""4""","=""""","=""*""","=""4""",,
"=""476.7782""","=""476.7793""","=""0.0016""","=""8""","=""""",,"=""29460.98""","=""50429.18""","=""5d5.(2I).6s""","=""3I""","=""7""","=""""","=""*""","=""6""",,
"=""476.8057""","=""476.8069""","=""0.0016""","=""3""","=""6.9e+04""",C,"=""14976.18""","=""35943.17""","=""5d4.6s2""","=""3D""","=""2""","=""""","=""*""","=""3""",,
"=""477.0724""","=""477.0758""","=""0.0016""","=""3""","=""""",,"=""23964.67""","=""44919.84""","=""5d4.6s.(6D).6p""","=""7D*""","=""2""","=""5d4.6s.(6D).7s""","=""7D""","=""2""",,
"=""477.2492""","=""477.2523""","=""0.0016""","=""8""","=""""",,"=""18082.83""","=""39030.25""","=""5d4.6s2""","=""3D""","=""1""","=""""","=""*""","=""2""",,
"=""477.3845""","=""477.3845""","=""0.0016""","=""""","=""1.12e+06""",B,"=""13777.71""","=""34719.33""","=""5d4.6s2""","=""3F2""","=""2""","=""""","=""*""","=""1""",,
"=""477.389""","=""477.3893""","=""0.0016""","=""15""","=""""",,"=""19535.01""","=""40476.42""","=""5d5.(4G).6s""","=""5G""","=""5""","=""""","=""*""","=""5""",,
"=""477.702""","=""""","=""""","=""2""","=""""",,"=""""","=""""","=""""","=""""","=""""","=""""","=""""","=""""",,
"=""478.029""","=""478.0285""","=""0.0016""","=""2""","=""""",,"=""18116.84""","=""39030.25""","=""5d5.(4G).6s""","=""5G""","=""2""","=""""","=""*""","=""2""",,
"=""478.050""","=""478.0497""","=""0.0016""","=""6""","=""""",,"=""23455.02""","=""44367.50""","=""5d5.(4D).6s""","=""5D""","=""1""","=""""","=""*""","=""2""",,
"=""478.3694""","=""478.3709""","=""0.0016""","=""2""","=""""",,"=""23455.02""","=""44353.46""","=""5d5.(4D).6s""","=""5D""","=""1""","=""""","=""*""","=""1""",,
"=""478.472""","=""478.4700""","=""0.0016""","=""1""","=""""",,"=""17107.01""","=""38001.12""","=""5d4.6s2""","=""3F2""","=""4""","=""""","=""*""","=""4""",,
"=""478.7206""","=""""","=""""","=""2wl""","=""""",,"=""""","=""""","=""""","=""""","=""""","=""""","=""""","=""""",,
"=""478.7925""","=""478.7924""","=""0.0016""","=""10""","=""""",,"=""13348.56""","=""34228.60""","=""5d4.6s2""","=""3G""","=""3""","=""""","=""*""","=""3""",,
"=""478.8421""","=""478.8427""","=""0.0016""","=""10""","=""2.6e+05""",C,"=""16431.31""","=""37309.16""","=""5d4.6s2""","=""3G""","=""4""","=""""","=""*""","=""5""",,
"=""479.2806""","=""479.2800""","=""0.0016""","=""2""","=""""",,"=""28797.24""","=""49656.04""","=""5d4.6s.(6D).6p""","=""7D*""","=""4""","=""5d4.6s.(6D).7s""","=""5D""","=""3""",,
"=""479.7030""","=""479.7022""","=""0.0016""","=""3""","=""""",,"=""28233.44""","=""49073.88""","=""5d5.(4F).6s""","=""5F""","=""5""","=""""","=""*""","=""5""",,
"=""479.7546""","=""479.7545""","=""0.0016""","=""10""","=""7.2e+05""",B,"=""19827.68""","=""40665.85""","=""5d5.(4P).6s""","=""5P""","=""3""","=""""","=""*""","=""3""",,
"=""479.9907""","=""479.9915""","=""0.0016""","=""25""","=""""",,"=""19648.54""","=""40476.42""","=""5d5.(4G).6s""","=""5G""","=""6""","=""""","=""*""","=""5""",,
"=""480.631""","=""480.6268""","=""0.0016""","=""4wl""","=""""",,"=""28347.60""","=""49147.95""","=""5d5.(4F).6s""","=""5F""","=""3""","=""""","=""*""","=""4""",,
"=""480.7380""","=""480.7361""","=""0.0016""","=""20""","=""""",,"=""12161.96""","=""32957.58""","=""5d4.6s2""","=""3H""","=""4""","=""""","=""*""","=""3""",,
"=""480.9642""","=""480.9630""","=""0.0016""","=""3""","=""""",,"=""32217.91""","=""53003.72""","=""""","=""""","=""3""","=""""","=""*""","=""2""",,
"=""481.0887""","=""481.0915""","=""0.0016""","=""3""","=""""",,"=""28291.88""","=""49072.14""","=""5d5.(2F1).6s""","=""3F""","=""3""","=""""","=""*""","=""3""",,
"=""481.258""","=""481.2568""","=""0.0016""","=""5""","=""8.0e+04""",C,"=""13348.56""","=""34121.68""","=""5d4.6s2""","=""3G""","=""3""","=""""","=""*""","=""4""",,
"=""481.6105""","=""481.6088""","=""0.0016""","=""6""","=""7.5e+05""",B,"=""19253.56""","=""40011.50""","=""5d4.6s2""","=""3P2""","=""2""","=""""","=""*""","=""2""",,
"=""481.6845""","=""481.6816""","=""0.0016""","=""8w*""","=""""",,"=""27213.82""","=""47968.62""","=""5d5.(2F1).6s""","=""3F""","=""4""","=""""","=""*""","=""4""",,
"=""481.6845""","=""481.6907""","=""0.0016""","=""8w*""","=""""",,"=""23982.80""","=""44737.21""","=""5d5.(4D).6s""","=""5D""","=""2""","=""""","=""*""","=""1""",,
"=""481.7675""","=""481.7673""","=""0.0016""","=""6""","=""""",,"=""20983.02""","=""41734.13""","=""5d5.(4P).6s""","=""5P""","=""2""","=""""","=""*""","=""2""",,
"=""481.8358""","=""481.8302""","=""0.0016""","=""3""","=""""",,"=""34632.60""","=""55381.00""","=""""","=""*""","=""4""","=""""","=""""","=""5""",,
"=""482.6943""","=""482.6929""","=""0.0016""","=""2""","=""""",,"=""20983.02""","=""41694.34""","=""5d5.(4P).6s""","=""5P""","=""2""","=""""","=""*""","=""3""",,
"=""483.501""","=""483.5015""","=""0.0016""","=""15""","=""""",,"=""20427.84""","=""41104.52""","=""5d5.(4P).6s""","=""5P""","=""1""","=""""","=""*""","=""2""",,
"=""483.748""","=""483.7467""","=""0.0016""","=""8*""","=""""",,"=""23930.08""","=""44596.28""","=""5d5.(4D).6s""","=""5D""","=""3""","=""""","=""*""","=""2""",,
"=""483.748""","=""483.7477""","=""0.0016""","=""8*""","=""""",,"=""12161.96""","=""32828.12""","=""5d4.6s2""","=""3H""","=""4""","=""5d4.6s.(6D).6p""","=""5D*""","=""4""",,
"=""484.3810""","=""484.3810""","=""0.0016""","=""400""","=""1.9e+06""",B,"=""3325.53""","=""23964.67""","=""5d4.6s2""","=""5D""","=""2""","=""5d4.6s.(6D).6p""","=""7D*""","=""2""",,
"=""484.430""","=""484.4307""","=""0.0016""","=""6*""","=""""",,"=""27213.82""","=""47850.84""","=""5d5.(2F1).6s""","=""3F""","=""4""","=""""","=""*""","=""5""",,
"=""484.430""","=""484.4322""","=""0.0016""","=""6*""","=""""",,"=""13307.10""","=""33944.06""","=""5d4.6s2""","=""3P2""","=""1""","=""""","=""*""","=""2""",,
"=""484.7754""","=""484.7768""","=""0.0016""","=""8""","=""""",,"=""15460.01""","=""36082.30""","=""5d4.6s2""","=""3D""","=""3""","=""""","=""*""","=""4""",,
"=""484.8724""","=""484.8706""","=""0.0016""","=""3""","=""""",,"=""28898.96""","=""49517.26""","=""5d4.6s2""","=""3P1""","=""2""","=""""","=""*""","=""2""",,
"=""485.3831""","=""485.3819""","=""0.0017""","=""5w""","=""""",,"=""20174.20""","=""40770.78""","=""5d4.6s2""","=""1S2""","=""0""","=""""","=""*""","=""1""",,
"=""485.4082""","=""485.4074""","=""0.0017""","=""40""","=""""",,"=""13348.56""","=""33944.06""","=""5d4.6s2""","=""3G""","=""3""","=""""","=""*""","=""2""",,
"=""485.8596""","=""485.8586""","=""0.0017""","=""12""","=""1.3e+05""",B,"=""13777.71""","=""34354.08""","=""5d4.6s2""","=""3F2""","=""2""","=""""","=""*""","=""3""",,
"=""486.0774""","=""486.0783""","=""0.0017""","=""4""","=""""",,"=""17107.01""","=""37674.08""","=""5d4.6s2""","=""3F2""","=""4""","=""""","=""*""","=""3""",,
"=""486.184""","=""""","=""""","=""3c""","=""""",,"=""""","=""""","=""""","=""""","=""""","=""""","=""""","=""""",,
"=""486.289""","=""486.2876""","=""0.0017""","=""2""","=""""",,"=""17701.18""","=""38259.40""","=""5d4.6s2""","=""3F2""","=""3""","=""""","=""*""","=""4""",,
"=""486.3062""","=""486.3061""","=""0.0017""","=""15*""","=""""",,"=""28797.24""","=""49354.68""","=""5d4.6s.(6D).6p""","=""7D*""","=""4""","=""5d4.6s.(6D).7s""","=""7D""","=""5""",,
"=""486.3062""","=""486.3065""","=""0.0017""","=""15*""","=""""",,"=""22476.68""","=""43034.10""","=""5d5.(4D).6s""","=""5D""","=""4""","=""""","=""*""","=""5""",,
"=""486.498""","=""486.4992""","=""0.0017""","=""3c""","=""""",,"=""28720.88""","=""49270.16""","=""5d5.(4P).6s""","=""3P""","=""1""","=""""","=""*""","=""2""",,
"=""486.533""","=""486.5335""","=""0.0017""","=""3""","=""""",,"=""33569.53""","=""54117.36""","=""""","=""""","=""4""","=""""","=""*""","=""3""",,
"=""486.655""","=""""","=""""","=""3""","=""""",,"=""""","=""""","=""""","=""""","=""""","=""""","=""""","=""""",,
"=""486.8025""","=""486.8019""","=""0.0017""","=""15""","=""""",,"=""30586.64""","=""51123.14""","=""5d4.6s.(6D).6p""","=""5P*""","=""3""","=""5d4.6s.(6D).7s""","=""5D""","=""4""",,
"=""487.1884""","=""487.1886""","=""0.0017""","=""3w""","=""""",,"=""23455.02""","=""43975.22""","=""5d5.(4D).6s""","=""5D""","=""1""","=""""","=""*""","=""2""",,
"=""487.2790""","=""487.2786""","=""0.0017""","=""10w""","=""""",,"=""20983.02""","=""41499.43""","=""5d5.(4P).6s""","=""5P""","=""2""","=""""","=""*""","=""3""",,
"=""487.4055""","=""""","=""""","=""3w""","=""""",,"=""""","=""""","=""""","=""""","=""""","=""""","=""""","=""""",,
"=""487.5424""","=""487.5450""","=""0.0017""","=""8""","=""""",,"=""17701.18""","=""38206.38""","=""5d4.6s2""","=""3F2""","=""3""","=""""","=""*""","=""3""",,
"=""487.6690""","=""487.6663""","=""0.0017""","=""6""","=""""",,"=""26861.64""","=""47361.74""","=""5d5.(2F1).6s""","=""3F""","=""2""","=""""","=""*""","=""3""",,
"=""487.828""","=""487.8279""","=""0.0017""","=""20""","=""""",,"=""18082.83""","=""38576.14""","=""5d4.6s2""","=""3D""","=""1""","=""""","=""*""","=""0""",,
"=""487.9686""","=""487.9679""","=""0.0017""","=""4""","=""""",,"=""27488.11""","=""47975.54""","=""5d5.(6S).6p""","=""7P*""","=""3""","=""5d4.6s.(6D).7s""","=""7D""","=""4""",,
"=""488.0713""","=""488.0696""","=""0.0017""","=""8""","=""8.4e+04""",C,"=""15460.01""","=""35943.17""","=""5d4.6s2""","=""3D""","=""3""","=""""","=""*""","=""3""",,
"=""488.2122""","=""""","=""""","=""2""","=""""",,"=""""","=""""","=""""","=""""","=""""","=""""","=""""","=""""",,
"=""488.2528""","=""488.2520""","=""0.0017""","=""3""","=""""",,"=""27213.82""","=""47689.33""","=""5d5.(2F1).6s""","=""3F""","=""4""","=""""","=""*""","=""4""",,
"=""488.2744""","=""488.2713""","=""0.0017""","=""3""","=""""",,"=""25983.60""","=""46458.30""","=""5d4.6s.(6D).6p""","=""5F*""","=""1""","=""5d4.6s.(6D).7s""","=""5D""","=""1""",,
"=""488.3520""","=""""","=""""","=""3""","=""""",,"=""""","=""""","=""""","=""""","=""""","=""""","=""""","=""""",,
"=""488.4541""","=""488.4545""","=""0.0017""","=""4""","=""""",,"=""31389.08""","=""51856.10""","=""5d5.(4G).6s""","=""3G""","=""5""","=""""","=""*""","=""4""",,
"=""488.5225""","=""488.5213""","=""0.0017""","=""5""","=""""",,"=""23982.80""","=""44447.02""","=""5d5.(4D).6s""","=""5D""","=""2""","=""""","=""*""","=""3""",,
"=""488.6191""","=""488.6173""","=""0.0017""","=""2""","=""""",,"=""29195.84""","=""49656.04""","=""5d4.6s.(6D).6p""","=""5D*""","=""2""","=""5d4.6s.(6D).7s""","=""5D""","=""3""",,
"=""488.6899""","=""488.6902""","=""0.0017""","=""200""","=""8.1e+05""",B,"=""6219.33""","=""26676.48""","=""5d4.6s2""","=""5D""","=""4""","=""5d4.6s.(6D).6p""","=""7F*""","=""5""",,
"=""488.7770""","=""488.7783""","=""0.0017""","=""4""","=""""",,"=""19253.56""","=""39707.02""","=""5d4.6s2""","=""3P2""","=""2""","=""""","=""*""","=""2""",,
"=""488.8371""","=""488.8398""","=""0.0017""","=""20""","=""""",,"=""13777.71""","=""34228.60""","=""5d4.6s2""","=""3F2""","=""2""","=""""","=""*""","=""3""",,
"=""489.0273""","=""489.0272""","=""0.0017""","=""25""","=""1.01e+06""",B,"=""16431.31""","=""36874.36""","=""5d4.6s2""","=""3G""","=""4""","=""""","=""*""","=""3""",,
"=""489.0602""","=""489.0602""","=""0.0017""","=""1w""","=""""",,"=""19827.68""","=""40269.35""","=""5d5.(4P).6s""","=""5P""","=""3""","=""""","=""*""","=""3""",,
"=""489.0872""","=""489.0868""","=""0.0017""","=""10""","=""1.37e+06""",B,"=""20427.84""","=""40868.40""","=""5d5.(4P).6s""","=""5P""","=""1""","=""""","=""*""","=""2""",,
"=""489.1142""","=""489.1129""","=""0.0017""","=""2""","=""""",,"=""23484.78""","=""43924.25""","=""5d4.6s2""","=""1I""","=""6""","=""""","=""*""","=""5""",,
"=""489.1621""","=""489.1620""","=""0.0017""","=""10""","=""""",,"=""23930.08""","=""44367.50""","=""5d5.(4D).6s""","=""5D""","=""3""","=""""","=""*""","=""2""",,
"=""489.2422""","=""489.2424""","=""0.0017""","=""40""","=""""",,"=""22476.68""","=""42910.74""","=""5d5.(4D).6s""","=""5D""","=""4""","=""""","=""*""","=""4""",,
"=""489.3165""","=""489.3161""","=""0.0017""","=""3""","=""""",,"=""29853.66""","=""50284.64""","=""5d5.(4F).6s""","=""5F""","=""4""","=""""","=""*""","=""4""",,
"=""489.6518""","=""""","=""""","=""2""","=""""",,"=""""","=""""","=""""","=""""","=""""","=""""","=""""","=""""",,
"=""489.6806""","=""489.6800""","=""0.0017""","=""2""","=""""",,"=""27662.52""","=""48078.32""","=""5d4.6s.(6D).6p""","=""5F*""","=""2""","=""5d4.6s.(6D).7s""","=""5D""","=""2""",,
"=""489.7718""","=""""","=""""","=""1""","=""""",,"=""""","=""""","=""""","=""""","=""""","=""""","=""""","=""""",,
"=""489.8682""","=""489.8688""","=""0.0017""","=""2""","=""""",,"=""19826.04""","=""40233.97""","=""5d4.6s2""","=""3G""","=""5""","=""""","=""*""","=""4""",,
"=""489.9068""","=""489.9082""","=""0.0017""","=""4""","=""""",,"=""19827.68""","=""40233.97""","=""5d5.(4P).6s""","=""5P""","=""3""","=""""","=""*""","=""4""",,
"=""490.1033""","=""490.1025""","=""0.0017""","=""2""","=""""",,"=""22852.80""","=""43251.00""","=""5d4.6s2""","=""1G2""","=""4""","=""""","=""*""","=""4""",,
"=""490.2073""","=""490.2056""","=""0.0017""","=""2""","=""""",,"=""26861.64""","=""47255.55""","=""5d5.(2F1).6s""","=""3F""","=""2""","=""""","=""*""","=""1""",,
"=""490.2320""","=""490.2311""","=""0.0017""","=""25""","=""2.76e+06""",B,"=""19253.56""","=""39646.41""","=""5d4.6s2""","=""3P2""","=""2""","=""""","=""*""","=""3""",,
"=""490.2950""","=""490.2955""","=""0.0017""","=""20""","=""2.06e+06""",B,"=""19256.24""","=""39646.41""","=""5d5.(4G).6s""","=""5G""","=""4""","=""""","=""*""","=""3""",,
"=""490.3157""","=""490.3159""","=""0.0017""","=""4""","=""""",,"=""22476.68""","=""42866.00""","=""5d5.(4D).6s""","=""5D""","=""4""","=""""","=""*""","=""5""",,
"=""490.432""","=""490.4271""","=""0.0017""","=""3w*""","=""""",,"=""23982.80""","=""44367.50""","=""5d5.(4D).6s""","=""5D""","=""2""","=""""","=""*""","=""2""",,
"=""490.432""","=""490.4391""","=""0.0017""","=""3w*""","=""""",,"=""28291.88""","=""48676.08""","=""5d5.(2F1).6s""","=""3F""","=""3""","=""""","=""*""","=""4""",,
"=""490.467""","=""490.4665""","=""0.0017""","=""1""","=""""",,"=""19253.56""","=""39636.62""","=""5d4.6s2""","=""3P2""","=""2""","=""""","=""*""","=""1""",,
"=""490.5487""","=""490.5493""","=""0.0017""","=""5""","=""""",,"=""27213.82""","=""47593.44""","=""5d5.(2F1).6s""","=""3F""","=""4""","=""""","=""*""","=""3""",,
"=""490.8894""","=""490.8877""","=""0.0017""","=""3""","=""""",,"=""31817.63""","=""52183.20""","=""""","=""*""","=""2""","=""""","=""""","=""2""",,
"=""491.0744""","=""491.0749""","=""0.0017""","=""20""","=""""",,"=""19256.24""","=""39614.05""","=""5d5.(4G).6s""","=""5G""","=""4""","=""""","=""*""","=""5""",,
"=""491.2192""","=""491.2182""","=""0.0017""","=""4""","=""""",,"=""17701.18""","=""38053.05""","=""5d4.6s2""","=""3F2""","=""3""","=""""","=""*""","=""3""",,
"=""491.3113""","=""""","=""""","=""3""","=""""",,"=""""","=""""","=""""","=""""","=""""","=""""","=""""","=""""",,
"=""491.4331""","=""491.4338""","=""0.0017""","=""5""","=""""",,"=""20427.84""","=""40770.78""","=""5d5.(4P).6s""","=""5P""","=""1""","=""""","=""*""","=""1""",,
"=""491.6178""","=""491.6165""","=""0.0017""","=""30""","=""""",,"=""14976.18""","=""35311.56""","=""5d4.6s2""","=""3D""","=""2""","=""""","=""*""","=""2""",,
"=""491.6986""","=""491.6973""","=""0.0017""","=""2""","=""""",,"=""29853.66""","=""50185.70""","=""5d5.(4F).6s""","=""5F""","=""4""","=""""","=""*""","=""3""",,
"=""491.7844""","=""491.7834""","=""0.0017""","=""3""","=""""",,"=""28347.60""","=""48676.08""","=""5d5.(4F).6s""","=""5F""","=""3""","=""""","=""*""","=""4""",,
"=""491.9807""","=""""","=""""","=""2""","=""""",,"=""""","=""""","=""""","=""""","=""""","=""""","=""""","=""""",,
"=""492.0802""","=""""","=""""","=""1""","=""""",,"=""""","=""""","=""""","=""""","=""""","=""""","=""""","=""""",,
"=""492.2496""","=""492.2488""","=""0.0017""","=""3""","=""""",,"=""29479.32""","=""49788.58""","=""5d4.6s2""","=""3F1""","=""4""","=""""","=""*""","=""4""",,
"=""492.2926""","=""492.2934""","=""0.0017""","=""15""","=""""",,"=""26189.20""","=""46496.62""","=""5d4.6s.(6D).6p""","=""7D*""","=""3""","=""5d4.6s.(6D).7s""","=""7D""","=""3""",,
"=""492.4561""","=""492.4573""","=""0.0017""","=""15""","=""1.75e+05""",C,"=""17008.50""","=""37309.16""","=""5d4.6s2""","=""3H""","=""6""","=""""","=""*""","=""5""",,
"=""492.5112""","=""492.5112""","=""0.0017""","=""2w""","=""""",,"=""36275.10""","=""56573.54""","=""""","=""*""","=""5""","=""""","=""""","=""5""",,
"=""492.6711""","=""492.6680""","=""0.0017""","=""6""","=""""",,"=""28392.70""","=""48684.68""","=""5d5.(2I).6s""","=""3I""","=""6""","=""""","=""*""","=""6""",,
"=""492.7510""","=""492.7506""","=""0.0017""","=""2""","=""""",,"=""27849.80""","=""48138.38""","=""5d5.(2I).6s""","=""3I""","=""5""","=""""","=""*""","=""5""",,
"=""493.1551""","=""493.1548""","=""0.0017""","=""50""","=""1.0e+06""",C,"=""15460.01""","=""35731.96""","=""5d4.6s2""","=""3D""","=""3""","=""""","=""*""","=""2""",,
"=""493.2048""","=""493.2056""","=""0.0017""","=""2""","=""""",,"=""27213.82""","=""47483.68""","=""5d5.(2F1).6s""","=""3F""","=""4""","=""""","=""*""","=""3""",,
"=""493.2777""","=""493.2789""","=""0.0017""","=""4""","=""""",,"=""26229.77""","=""46496.62""","=""5d5.(6S).6p""","=""7P*""","=""2""","=""5d4.6s.(6D).7s""","=""7D""","=""3""",,
"=""493.3816""","=""493.3814""","=""0.0017""","=""5""","=""""",,"=""29393.40""","=""49656.04""","=""5d4.6s.(6D).6p""","=""5P*""","=""2""","=""5d4.6s.(6D).7s""","=""5D""","=""3""",,
"=""493.4542""","=""493.4564""","=""0.0017""","=""2""","=""""",,"=""32135.94""","=""52395.50""","=""5d5.(4G).6s""","=""3G""","=""4""","=""""","=""*""","=""5""",,
"=""493.5784""","=""493.5824""","=""0.0017""","=""2""","=""""",,"=""34302.04""","=""54556.43""","=""5d5.(2G2).6s""","=""3G""","=""4""","=""""","=""*""","=""3""",,
"=""493.674""","=""""","=""""","=""2s""","=""""",,"=""""","=""""","=""""","=""""","=""""","=""""","=""""","=""""",,
"=""493.773""","=""""","=""""","=""1""","=""""",,"=""""","=""""","=""""","=""""","=""""","=""""","=""""","=""""",,
"=""493.926""","=""493.9291""","=""0.0017""","=""2""","=""""",,"=""31817.63""","=""52057.80""","=""""","=""*""","=""2""","=""""","=""""","=""1""",,
"=""494.009""","=""494.0085""","=""0.0017""","=""4""","=""""",,"=""20174.20""","=""40411.12""","=""5d4.6s2""","=""1S2""","=""0""","=""""","=""*""","=""1""",,
"=""494.1942""","=""494.1931""","=""0.0017""","=""3""","=""""",,"=""24789.66""","=""45019.02""","=""5d4.6s2""","=""1D2""","=""2""","=""""","=""*""","=""2""",,
"=""494.321""","=""""","=""""","=""2w""","=""""",,"=""""","=""""","=""""","=""""","=""""","=""""","=""""","=""""",,
"=""494.5089""","=""494.5114""","=""0.0017""","=""2w""","=""""",,"=""35116.78""","=""55333.12""","=""""","=""*""","=""4""","=""""","=""""","=""4""",,
"=""494.7186""","=""""","=""""","=""3""","=""""",,"=""""","=""""","=""""","=""""","=""""","=""""","=""""","=""""",,
"=""494.8587""","=""494.8587""","=""0.0017""","=""10""","=""1.36e+05""",D,"=""17107.01""","=""37309.16""","=""5d4.6s2""","=""3F2""","=""4""","=""""","=""*""","=""5""",,
"=""495.2790""","=""495.2804""","=""0.0017""","=""3""","=""""",,"=""19535.01""","=""39719.96""","=""5d5.(4G).6s""","=""5G""","=""5""","=""""","=""*""","=""4""",,
"=""495.3075""","=""495.3081""","=""0.0017""","=""15""","=""8.3e+05""",B,"=""19827.68""","=""40011.50""","=""5d5.(4P).6s""","=""5P""","=""3""","=""""","=""*""","=""2""",,
"=""495.3713""","=""495.3700""","=""0.0017""","=""2""","=""""",,"=""22852.80""","=""43034.10""","=""5d4.6s2""","=""1G2""","=""4""","=""""","=""*""","=""5""",,
"=""495.661""","=""""","=""""","=""2w""","=""""",,"=""""","=""""","=""""","=""""","=""""","=""""","=""""","=""""",,
"=""495.7366""","=""495.7372""","=""0.0017""","=""30""","=""""",,"=""13777.71""","=""33944.06""","=""5d4.6s2""","=""3F2""","=""2""","=""""","=""*""","=""2""",,
"=""495.9600""","=""495.9622""","=""0.0017""","=""3""","=""""",,"=""29479.32""","=""49636.52""","=""5d4.6s2""","=""3F1""","=""4""","=""""","=""*""","=""4""",,
"=""496.0432""","=""""","=""""","=""1""","=""""",,"=""""","=""""","=""""","=""""","=""""","=""""","=""""","=""""",,
"=""496.1514""","=""496.1528""","=""0.0017""","=""5""","=""""",,"=""27670.48""","=""47819.94""","=""5d5.(4F).6s""","=""5F""","=""1""","=""""","=""*""","=""1""",,
"=""496.191""","=""496.1907""","=""0.0017""","=""2""","=""""",,"=""27213.82""","=""47361.74""","=""5d5.(2F1).6s""","=""3F""","=""4""","=""""","=""*""","=""3""",,
"=""496.2288""","=""496.2289""","=""0.0017""","=""8""","=""""",,"=""27213.82""","=""47360.19""","=""5d5.(2F1).6s""","=""3F""","=""4""","=""""","=""*""","=""4""",,
"=""496.7685""","=""496.7679""","=""0.0017""","=""4""","=""""",,"=""22476.68""","=""42601.19""","=""5d5.(4D).6s""","=""5D""","=""4""","=""""","=""*""","=""3""",,
"=""496.8428""","=""496.8422""","=""0.0017""","=""4""","=""""",,"=""20983.02""","=""41104.52""","=""5d5.(4P).6s""","=""5P""","=""2""","=""""","=""*""","=""2""",,
"=""496.9110""","=""496.9084""","=""0.0017""","=""2""","=""""",,"=""27849.80""","=""47968.62""","=""5d5.(2I).6s""","=""3I""","=""5""","=""""","=""*""","=""4""",,
"=""497.068""","=""497.0677""","=""0.0017""","=""3""","=""""",,"=""29853.66""","=""49966.03""","=""5d5.(4F).6s""","=""5F""","=""4""","=""""","=""*""","=""3""",,
"=""497.256""","=""497.2557""","=""0.0017""","=""30""","=""3.9e+05""",C,"=""19256.24""","=""39361.01""","=""5d5.(4G).6s""","=""5G""","=""4""","=""""","=""*""","=""5""",,
"=""497.4024""","=""""","=""""","=""2""","=""""",,"=""""","=""""","=""""","=""""","=""""","=""""","=""""","=""""",,
"=""497.5260""","=""""","=""""","=""3""","=""""",,"=""""","=""""","=""""","=""""","=""""","=""""","=""""","=""""",,
"=""497.600""","=""497.5984""","=""0.0017""","=""4""","=""""",,"=""23930.08""","=""44021.00""","=""5d5.(4D).6s""","=""5D""","=""3""","=""""","=""*""","=""3""",,
"=""497.6333""","=""497.6326""","=""0.0017""","=""10""","=""""",,"=""18116.84""","=""38206.38""","=""5d5.(4G).6s""","=""5G""","=""2""","=""""","=""*""","=""3""",,
"=""497.7253""","=""497.7238""","=""0.0017""","=""15""","=""""",,"=""27889.68""","=""47975.54""","=""5d5.(6S).6p""","=""7P*""","=""4""","=""5d4.6s.(6D).7s""","=""7D""","=""4""",,
"=""497.7706""","=""497.7709""","=""0.0017""","=""4""","=""""",,"=""31389.08""","=""51473.04""","=""5d5.(4G).6s""","=""3G""","=""5""","=""""","=""*""","=""4""",,
"=""497.9840""","=""497.9841""","=""0.0017""","=""50""","=""""",,"=""18280.48""","=""38355.84""","=""5d5.(6S).6s""","=""5S""","=""2""","=""""","=""*""","=""1""",,
"=""498.147""","=""""","=""""","=""2""","=""""",,"=""""","=""""","=""""","=""""","=""""","=""""","=""""","=""""",,
"=""498.188""","=""498.1871""","=""0.0017""","=""2""","=""""",,"=""28720.88""","=""48788.06""","=""5d5.(4P).6s""","=""3P""","=""1""","=""""","=""*""","=""1""",,
"=""498.2593""","=""498.2586""","=""0.0017""","=""200""","=""4.17e+05""",B,"=""0.00""","=""20064.30""","=""5d4.6s2""","=""5D""","=""0""","=""5d4.6s.(6D).6p""","=""7F*""","=""1""",,
"=""498.3529""","=""498.3530""","=""0.0017""","=""15""","=""""",,"=""19648.54""","=""39709.04""","=""5d5.(4G).6s""","=""5G""","=""6""","=""5d4.6s.(4H).6p""","=""5H*""","=""7""",,
"=""498.416""","=""498.4166""","=""0.0017""","=""5""","=""""",,"=""22852.80""","=""42910.74""","=""5d4.6s2""","=""1G2""","=""4""","=""""","=""*""","=""4""",,
"=""498.4698""","=""498.4713""","=""0.0017""","=""20""","=""9.0e+05""",B,"=""18974.51""","=""39030.25""","=""5d5.(4G).6s""","=""5G""","=""3""","=""""","=""*""","=""2""",,
"=""498.692""","=""498.6924""","=""0.0017""","=""80""","=""6.3e+05""",C,"=""15069.93""","=""35116.78""","=""5d4.6s2""","=""3H""","=""5""","=""""","=""*""","=""4""",,
"=""498.7330""","=""498.7349""","=""0.0017""","=""3w""","=""""",,"=""23930.08""","=""43975.22""","=""5d5.(4D).6s""","=""5D""","=""3""","=""""","=""*""","=""2""",,
"=""498.8050""","=""""","=""""","=""3w""","=""""",,"=""""","=""""","=""""","=""""","=""""","=""""","=""""","=""""",,
"=""498.908""","=""498.9076""","=""0.0017""","=""15""","=""""",,"=""23982.80""","=""44021.00""","=""5d5.(4D).6s""","=""5D""","=""2""","=""""","=""*""","=""3""",,
"=""498.987""","=""498.9868""","=""0.0017""","=""5""","=""""",,"=""29479.32""","=""49514.34""","=""5d4.6s2""","=""3F1""","=""4""","=""""","=""*""","=""3""",,
"=""499.082""","=""""","=""""","=""1""","=""""",,"=""""","=""""","=""""","=""""","=""""","=""""","=""""","=""""",,
"=""499.185""","=""499.1876""","=""0.0017""","=""2""","=""""",,"=""28291.88""","=""48318.84""","=""5d5.(2F1).6s""","=""3F""","=""3""","=""""","=""*""","=""2""",,
"=""499.2374""","=""499.2375""","=""0.0017""","=""4""","=""""",,"=""34632.60""","=""54657.56""","=""""","=""*""","=""4""","=""""","=""""","=""3""",,
"=""499.4083""","=""""","=""""","=""6""","=""""",,"=""""","=""""","=""""","=""""","=""""","=""""","=""""","=""""",,
"=""499.529""","=""499.5309""","=""0.0017""","=""20""","=""""",,"=""22852.80""","=""42866.00""","=""5d4.6s2""","=""1G2""","=""4""","=""""","=""*""","=""5""",,
"=""500.049""","=""500.0501""","=""0.0018""","=""4""","=""""",,"=""23982.80""","=""43975.22""","=""5d5.(4D).6s""","=""5D""","=""2""","=""""","=""*""","=""2""",,
"=""500.1072""","=""""","=""""","=""5""","=""""",,"=""""","=""""","=""""","=""""","=""""","=""""","=""""","=""""",,
"=""500.279""","=""500.2788""","=""0.0018""","=""12""","=""1.09e+06""",B,"=""20427.84""","=""40411.12""","=""5d5.(4P).6s""","=""5P""","=""1""","=""""","=""*""","=""1""",,
"=""500.3933""","=""500.3907""","=""0.0018""","=""2""","=""""",,"=""28347.60""","=""48326.41""","=""5d5.(4F).6s""","=""5F""","=""3""","=""""","=""*""","=""3""",,
"=""500.5216""","=""500.5223""","=""0.0018""","=""4""","=""""",,"=""22476.68""","=""42450.24""","=""5d5.(4D).6s""","=""5D""","=""4""","=""""","=""*""","=""4""",,
"=""500.5392""","=""500.5388""","=""0.0018""","=""6""","=""""",,"=""17701.18""","=""37674.08""","=""5d4.6s2""","=""3F2""","=""3""","=""""","=""*""","=""3""",,
"=""500.6150""","=""500.6147""","=""0.0018""","=""60""","=""1.2e+06""",B,"=""6219.33""","=""26189.20""","=""5d4.6s2""","=""5D""","=""4""","=""5d4.6s.(6D).6p""","=""7D*""","=""3""",,
"=""500.7221""","=""500.7241""","=""0.0018""","=""8""","=""""",,"=""19648.54""","=""39614.05""","=""5d5.(4G).6s""","=""5G""","=""6""","=""""","=""*""","=""5""",,
"=""500.8110""","=""500.8126""","=""0.0018""","=""4""","=""""",,"=""31323.48""","=""51285.46""","=""""","=""*""","=""1""","=""""","=""""","=""0""",,
"=""500.9874""","=""""","=""""","=""4""","=""""",,"=""""","=""""","=""""","=""""","=""""","=""""","=""""","=""""",,
"=""501.0366""","=""""","=""""","=""5w""","=""""",,"=""""","=""""","=""""","=""""","=""""","=""""","=""""","=""""",,
"=""501.1454""","=""""","=""""","=""3""","=""""",,"=""""","=""""","=""""","=""""","=""""","=""""","=""""","=""""",,
"=""501.1768""","=""501.1749""","=""0.0018""","=""1""","=""""",,"=""24789.66""","=""44737.21""","=""5d4.6s2""","=""1D2""","=""2""","=""""","=""*""","=""1""",,
"=""501.229""","=""501.2345""","=""0.0018""","=""3w""","=""""",,"=""32238.02""","=""52183.20""","=""""","=""*""","=""3""","=""""","=""""","=""2""",,
"=""501.3436""","=""501.3443""","=""0.0018""","=""10""","=""""",,"=""20983.02""","=""40923.83""","=""5d5.(4P).6s""","=""5P""","=""2""","=""""","=""*""","=""3""",,
"=""501.3980""","=""501.3971""","=""0.0018""","=""4*""","=""""",,"=""30586.64""","=""50525.35""","=""5d4.6s.(6D).6p""","=""5P*""","=""3""","=""""","=""""","=""2""",,
"=""501.3980""","=""501.4004""","=""0.0018""","=""4*""","=""""",,"=""29479.32""","=""49417.90""","=""5d4.6s2""","=""3F1""","=""4""","=""""","=""*""","=""3""",,
"=""501.457""","=""501.4600""","=""0.0018""","=""8""","=""""",,"=""18116.84""","=""38053.05""","=""5d5.(4G).6s""","=""5G""","=""2""","=""""","=""*""","=""3""",,
"=""501.5304""","=""501.5309""","=""0.0018""","=""50""","=""5.4e+05""",B,"=""4830.00""","=""24763.39""","=""5d4.6s2""","=""5D""","=""3""","=""5d4.6s.(6D).6p""","=""7F*""","=""4""",,
"=""501.7212""","=""501.7195""","=""0.0018""","=""12""","=""""",,"=""18280.48""","=""38206.38""","=""5d5.(6S).6s""","=""5S""","=""2""","=""""","=""*""","=""3""",,
"=""501.8504""","=""501.8489""","=""0.0018""","=""4""","=""""",,"=""23930.08""","=""43850.84""","=""5d5.(4D).6s""","=""5D""","=""3""","=""""","=""*""","=""3""",,
"=""501.9520""","=""501.9517""","=""0.0018""","=""3""","=""""",,"=""33201.61""","=""53118.29""","=""5d5.(2G2).6s""","=""3G""","=""5""","=""""","=""*""","=""4""",,
"=""502.1324""","=""502.1247""","=""0.0018""","=""5""","=""""",,"=""23982.80""","=""43892.62""","=""5d5.(4D).6s""","=""5D""","=""2""","=""""","=""*""","=""1""",,
"=""502.2496""","=""502.2478""","=""0.0018""","=""5""","=""""",,"=""28233.44""","=""48138.38""","=""5d5.(4F).6s""","=""5F""","=""5""","=""""","=""*""","=""5""",,
"=""502.3423""","=""502.3437""","=""0.0018""","=""2w""","=""""",,"=""37414.11""","=""57315.25""","=""""","=""""","=""3""","=""""","=""*""","=""4""",,
"=""502.5270""","=""502.5260""","=""0.0018""","=""5""","=""""",,"=""19826.04""","=""39719.96""","=""5d4.6s2""","=""3G""","=""5""","=""""","=""*""","=""4""",,
"=""502.5684""","=""502.5674""","=""0.0018""","=""6""","=""""",,"=""19827.68""","=""39719.96""","=""5d5.(4P).6s""","=""5P""","=""3""","=""""","=""*""","=""4""",,
"=""502.744""","=""502.7418""","=""0.0018""","=""5""","=""""",,"=""20983.02""","=""40868.40""","=""5d5.(4P).6s""","=""5P""","=""2""","=""""","=""*""","=""2""",,
"=""502.8934""","=""502.8925""","=""0.0018""","=""20*""","=""""",,"=""28198.90""","=""48078.32""","=""5d4.6s.(6D).6p""","=""5P*""","=""1""","=""5d4.6s.(6D).7s""","=""5D""","=""2""",,
"=""502.8934""","=""502.8946""","=""0.0018""","=""20*""","=""""",,"=""32135.94""","=""52015.28""","=""5d5.(4G).6s""","=""3G""","=""4""","=""""","=""*""","=""3""",,
"=""502.8934""","=""502.8946""","=""0.0018""","=""20*""","=""""",,"=""19827.68""","=""39707.02""","=""5d5.(4P).6s""","=""5P""","=""3""","=""""","=""*""","=""2""",,
"=""502.9112""","=""502.9115""","=""0.0018""","=""6""","=""""",,"=""28291.88""","=""48170.55""","=""5d5.(2F1).6s""","=""3F""","=""3""","=""""","=""*""","=""3""",,
"=""502.9498""","=""""","=""""","=""2w""","=""""",,"=""""","=""""","=""""","=""""","=""""","=""""","=""""","=""""",,
"=""503.1813""","=""503.1806""","=""0.0018""","=""15""","=""""",,"=""23982.80""","=""43850.84""","=""5d5.(4D).6s""","=""5D""","=""2""","=""""","=""*""","=""3""",,
"=""503.4364""","=""503.4350""","=""0.0018""","=""2w""","=""""",,"=""28392.70""","=""48250.70""","=""5d5.(2I).6s""","=""3I""","=""6""","=""""","=""*""","=""7""",,
"=""503.575""","=""503.5765""","=""0.0018""","=""4""","=""""",,"=""34121.68""","=""53974.10""","=""""","=""*""","=""4""","=""""","=""""","=""5""",,
"=""503.5998""","=""503.5986""","=""0.0018""","=""5""","=""""",,"=""15460.01""","=""35311.56""","=""5d4.6s2""","=""3D""","=""3""","=""""","=""*""","=""2""",,
"=""503.9028""","=""503.9037""","=""0.0018""","=""10""","=""""",,"=""27849.80""","=""47689.33""","=""5d5.(2I).6s""","=""3I""","=""5""","=""""","=""*""","=""4""",,
"=""504.0360""","=""504.0371""","=""0.0018""","=""60""","=""5.2e+05""",C,"=""13307.10""","=""33141.38""","=""5d4.6s2""","=""3P2""","=""1""","=""""","=""*""","=""2""",,
"=""504.141""","=""""","=""""","=""3w""","=""""",,"=""""","=""""","=""""","=""""","=""""","=""""","=""""","=""""",,
"=""504.1768""","=""504.1753""","=""0.0018""","=""4w""","=""""",,"=""26629.46""","=""46458.30""","=""5d4.6s.(6D).6p""","=""5D*""","=""0""","=""5d4.6s.(6D).7s""","=""5D""","=""1""",,
"=""504.2482""","=""504.2476""","=""0.0018""","=""3""","=""""",,"=""19535.01""","=""39361.01""","=""5d5.(4G).6s""","=""5G""","=""5""","=""""","=""*""","=""5""",,
"=""504.432""","=""504.4325""","=""0.0018""","=""20""","=""""",,"=""19827.68""","=""39646.41""","=""5d5.(4P).6s""","=""5P""","=""3""","=""""","=""*""","=""3""",,
"=""504.4908""","=""504.4939""","=""0.0018""","=""4""","=""""",,"=""31077.80""","=""50894.12""","=""""","=""""","=""2""","=""""","=""*""","=""3""",,
"=""505.141""","=""505.1447""","=""0.0018""","=""1c""","=""""",,"=""23930.08""","=""43720.87""","=""5d5.(4D).6s""","=""5D""","=""3""","=""""","=""*""","=""4""",,
"=""505.223""","=""505.2220""","=""0.0018""","=""30""","=""1.1e+06""",E,"=""20983.02""","=""40770.78""","=""5d5.(4P).6s""","=""5P""","=""2""","=""""","=""*""","=""1""",,
"=""505.3276""","=""505.3280""","=""0.0018""","=""400""","=""1.9e+06""",B,"=""1670.29""","=""21453.90""","=""5d4.6s2""","=""5D""","=""1""","=""5d4.6s.(6D).6p""","=""7D*""","=""1""",,
"=""505.4596""","=""505.4594""","=""0.0018""","=""150""","=""3.3e+05""",D,"=""1670.29""","=""21448.76""","=""5d4.6s2""","=""5D""","=""1""","=""5d4.6s.(6D).6p""","=""7F*""","=""2""",,
"=""505.5516""","=""505.5524""","=""0.0018""","=""50""","=""4.0e+06""",B,"=""22476.68""","=""42251.51""","=""5d5.(4D).6s""","=""5D""","=""4""","=""""","=""*""","=""3""",,
"=""505.6094""","=""505.6102""","=""0.0018""","=""4""","=""""",,"=""18280.48""","=""38053.05""","=""5d5.(6S).6s""","=""5S""","=""2""","=""""","=""*""","=""3""",,
"=""505.650""","=""""","=""""","=""2""","=""""",,"=""""","=""""","=""""","=""""","=""""","=""""","=""""","=""""",,
"=""505.684""","=""""","=""""","=""2""","=""""",,"=""""","=""""","=""""","=""""","=""""","=""""","=""""","=""""",,
"=""505.745""","=""505.7437""","=""0.0018""","=""2""","=""""",,"=""17107.01""","=""36874.36""","=""5d4.6s2""","=""3F2""","=""4""","=""""","=""*""","=""3""",,
"=""505.8006""","=""505.8008""","=""0.0018""","=""30""","=""""",,"=""17701.18""","=""37466.30""","=""5d4.6s2""","=""3F2""","=""3""","=""""","=""*""","=""2""",,
"=""505.9342""","=""""","=""""","=""2""","=""""",,"=""""","=""""","=""""","=""""","=""""","=""""","=""""","=""""",,
"=""506.208""","=""""","=""""","=""2""","=""""",,"=""""","=""""","=""""","=""""","=""""","=""""","=""""","=""""",,
"=""506.3142""","=""""","=""""","=""5""","=""""",,"=""""","=""""","=""""","=""""","=""""","=""""","=""""","=""""",,
"=""506.3638""","=""506.3636""","=""0.0018""","=""8""","=""1.4e+05""",D,"=""14976.18""","=""34719.33""","=""5d4.6s2""","=""3D""","=""2""","=""""","=""*""","=""1""",,
"=""506.4807""","=""""","=""""","=""5""","=""""",,"=""""","=""""","=""""","=""""","=""""","=""""","=""""","=""""",,
"=""506.5682""","=""506.5681""","=""0.0018""","=""4""","=""""",,"=""28233.44""","=""47968.62""","=""5d5.(4F).6s""","=""5F""","=""5""","=""""","=""*""","=""4""",,
"=""506.6573""","=""""","=""""","=""3""","=""""",,"=""""","=""""","=""""","=""""","=""""","=""""","=""""","=""""",,
"=""506.719""","=""""","=""""","=""2""","=""""",,"=""""","=""""","=""""","=""""","=""""","=""""","=""""","=""""",,
"=""506.9118""","=""506.9123""","=""0.0018""","=""120""","=""""",,"=""3325.53""","=""23047.31""","=""5d4.6s2""","=""5D""","=""2""","=""5d4.6s.(6D).6p""","=""7F*""","=""3""",,
"=""507.1515""","=""507.1517""","=""0.0018""","=""6""","=""3.4e+05""",C,"=""19648.54""","=""39361.01""","=""5d5.(4G).6s""","=""5G""","=""6""","=""""","=""*""","=""5""",,
"=""507.1735""","=""507.1736""","=""0.0018""","=""150""","=""""",,"=""29643.06""","=""49354.68""","=""5d4.6s.(6D).6p""","=""7F*""","=""6""","=""5d4.6s.(6D).7s""","=""7D""","=""5""",,
"=""507.2504""","=""507.2513""","=""0.0018""","=""3""","=""""",,"=""29479.32""","=""49187.92""","=""5d4.6s2""","=""3F1""","=""4""","=""""","=""*""","=""5""",,
"=""507.7010""","=""507.7013""","=""0.0018""","=""10""","=""""",,"=""18082.83""","=""37773.96""","=""5d4.6s2""","=""3D""","=""1""","=""""","=""*""","=""1""",,
"=""507.9204""","=""507.9154""","=""0.0018""","=""4""","=""""",,"=""20983.02""","=""40665.85""","=""5d5.(4P).6s""","=""5P""","=""2""","=""""","=""*""","=""3""",,
"=""507.9922""","=""507.9931""","=""0.0018""","=""3""","=""""",,"=""22852.80""","=""42532.62""","=""5d4.6s2""","=""1G2""","=""4""","=""""","=""*""","=""4""",,
"=""508.072""","=""508.0726""","=""0.0018""","=""10""","=""""",,"=""28291.88""","=""47968.62""","=""5d5.(2F1).6s""","=""3F""","=""3""","=""""","=""*""","=""4""",,
"=""508.200""","=""""","=""""","=""3""","=""""",,"=""""","=""""","=""""","=""""","=""""","=""""","=""""","=""""",,
"=""508.2722""","=""508.2705""","=""0.0018""","=""4""","=""""",,"=""28720.88""","=""48389.96""","=""5d5.(4P).6s""","=""3P""","=""1""","=""""","=""*""","=""1""",,
"=""508.3142""","=""508.3163""","=""0.0018""","=""4""","=""""",,"=""27670.48""","=""47337.79""","=""5d5.(4F).6s""","=""5F""","=""1""","=""""","=""*""","=""2""",,
"=""508.5876""","=""508.5888""","=""0.0018""","=""5w""","=""3.0e+04""",D,"=""15460.01""","=""35116.78""","=""5d4.6s2""","=""3D""","=""3""","=""""","=""*""","=""4""",,
"=""508.9982""","=""508.9977""","=""0.0018""","=""20""","=""""",,"=""27213.82""","=""46854.80""","=""5d5.(2F1).6s""","=""3F""","=""4""","=""""","=""*""","=""5""",,
"=""509.392""","=""509.3968""","=""0.0018""","=""2""","=""""",,"=""31323.48""","=""50949.07""","=""""","=""*""","=""1""","=""""","=""""","=""1""",,
"=""509.4173""","=""509.4194""","=""0.0018""","=""6""","=""""",,"=""33569.53""","=""53194.25""","=""""","=""""","=""4""","=""""","=""*""","=""5""",,
"=""509.502""","=""509.4978""","=""0.0018""","=""2c""","=""""",,"=""37146.36""","=""56768.06""","=""""","=""*""","=""4""","=""""","=""""","=""5""",,
"=""509.6126""","=""509.6095""","=""0.0018""","=""2""","=""""",,"=""28233.44""","=""47850.84""","=""5d5.(4F).6s""","=""5F""","=""5""","=""""","=""*""","=""5""",,
"=""509.650""","=""509.6526""","=""0.0018""","=""2""","=""""",,"=""28204.20""","=""47819.94""","=""5d5.(4F).6s""","=""5F""","=""2""","=""""","=""*""","=""1""",,
"=""509.825""","=""509.8273""","=""0.0018""","=""2""","=""""",,"=""13348.56""","=""32957.58""","=""5d4.6s2""","=""3G""","=""3""","=""""","=""*""","=""3""",,
"=""510.1276""","=""510.1286""","=""0.0018""","=""3w""","=""""",,"=""22852.80""","=""42450.24""","=""5d4.6s2""","=""1G2""","=""4""","=""""","=""*""","=""4""",,
"=""510.4643""","=""510.4630""","=""0.0018""","=""2""","=""""",,"=""23930.08""","=""43514.68""","=""5d5.(4D).6s""","=""5D""","=""3""","=""""","=""*""","=""2""",,
"=""510.4885""","=""510.4875""","=""0.0018""","=""1""","=""""",,"=""20427.84""","=""40011.50""","=""5d5.(4P).6s""","=""5P""","=""1""","=""""","=""*""","=""2""",,
"=""510.5144""","=""510.5120""","=""0.0018""","=""4""","=""""",,"=""31323.48""","=""50906.20""","=""""","=""*""","=""1""","=""""","=""""","=""1""",,
"=""510.5478""","=""510.5480""","=""0.0018""","=""20""","=""""",,"=""29773.34""","=""49354.68""","=""5d4.6s.(6D).6p""","=""7D*""","=""5""","=""5d4.6s.(6D).7s""","=""7D""","=""5""",,
"=""510.6411""","=""510.6393""","=""0.0018""","=""4""","=""""",,"=""24789.66""","=""44367.50""","=""5d4.6s2""","=""1D2""","=""2""","=""""","=""*""","=""2""",,
"=""510.778""","=""510.7789""","=""0.0018""","=""5""","=""""",,"=""33201.61""","=""52774.10""","=""5d5.(2G2).6s""","=""3G""","=""5""","=""""","=""*""","=""5""",,
"=""510.825""","=""""","=""""","=""2""","=""""",,"=""""","=""""","=""""","=""""","=""""","=""""","=""""","=""""",,
"=""511.036""","=""511.0353""","=""0.0018""","=""15""","=""""",,"=""15069.93""","=""34632.60""","=""5d4.6s2""","=""3H""","=""5""","=""""","=""*""","=""4""",,
"=""511.1774""","=""511.1771""","=""0.0018""","=""10""","=""""",,"=""18116.84""","=""37674.08""","=""5d5.(4G).6s""","=""5G""","=""2""","=""""","=""*""","=""3""",,
"=""511.390""","=""511.3842""","=""0.0018""","=""3w""","=""""",,"=""23484.78""","=""43034.10""","=""5d4.6s2""","=""1I""","=""6""","=""""","=""*""","=""5""",,
"=""511.459""","=""511.4557""","=""0.0018""","=""3""","=""""",,"=""34302.04""","=""53848.63""","=""5d5.(2G2).6s""","=""3G""","=""4""","=""""","=""*""","=""4""",,
"=""511.529""","=""511.5302""","=""0.0018""","=""4""","=""""",,"=""28720.88""","=""48264.62""","=""5d5.(4P).6s""","=""3P""","=""1""","=""""","=""*""","=""0""",,
"=""511.7612""","=""511.7599""","=""0.0018""","=""20""","=""1.61e+05""",D,"=""19826.04""","=""39361.01""","=""5d4.6s2""","=""3G""","=""5""","=""""","=""*""","=""5""",,
"=""511.8418""","=""511.8409""","=""0.0018""","=""8""","=""""",,"=""23982.80""","=""43514.68""","=""5d5.(4D).6s""","=""5D""","=""2""","=""""","=""*""","=""2""",,
"=""512.0553""","=""512.0543""","=""0.0018""","=""20""","=""""",,"=""37309.16""","=""56832.90""","=""""","=""*""","=""5""","=""""","=""""","=""6""",,
"=""512.3625""","=""512.3660""","=""0.0018""","=""1""","=""""",,"=""16431.31""","=""35943.17""","=""5d4.6s2""","=""3G""","=""4""","=""""","=""*""","=""3""",,
"=""512.4234""","=""512.4233""","=""0.0018""","=""40""","=""4.0e+05""",C,"=""14976.18""","=""34485.86""","=""5d4.6s2""","=""3D""","=""2""","=""""","=""*""","=""2""",,
"=""512.532""","=""""","=""""","=""1""","=""""",,"=""""","=""""","=""""","=""""","=""""","=""""","=""""","=""""",,
"=""512.788""","=""512.7886""","=""0.0018""","=""4c""","=""""",,"=""23982.80""","=""43478.58""","=""5d5.(4D).6s""","=""5D""","=""2""","=""""","=""*""","=""3""",,
"=""512.849""","=""512.8491""","=""0.0018""","=""20""","=""""",,"=""18280.48""","=""37773.96""","=""5d5.(6S).6s""","=""5S""","=""2""","=""""","=""*""","=""1""",,
"=""512.8836""","=""512.8828""","=""0.0018""","=""6""","=""""",,"=""19256.24""","=""38748.44""","=""5d5.(4G).6s""","=""5G""","=""4""","=""""","=""*""","=""4""",,
"=""512.981""","=""512.9797""","=""0.0018""","=""25""","=""""",,"=""22773.78""","=""42262.30""","=""5d5.(4D).6s""","=""5D""","=""0""","=""""","=""*""","=""1""",,
"=""513.0114""","=""513.0115""","=""0.0018""","=""50""","=""""",,"=""23964.67""","=""43451.98""","=""5d4.6s.(6D).6p""","=""7D*""","=""2""","=""5d4.6s.(6D).7s""","=""7D""","=""1""",,
"=""513.1318""","=""""","=""""","=""10""","=""""",,"=""""","=""""","=""""","=""""","=""""","=""""","=""""","=""""",,
"=""513.211""","=""513.2156""","=""0.0018""","=""2c""","=""""",,"=""13348.56""","=""32828.12""","=""5d4.6s2""","=""3G""","=""3""","=""5d4.6s.(6D).6p""","=""5D*""","=""4""",,
"=""513.311""","=""513.3110""","=""0.0018""","=""20""","=""""",,"=""32217.91""","=""51693.85""","=""""","=""""","=""3""","=""""","=""*""","=""2""",,
"=""513.608""","=""513.6106""","=""0.0018""","=""5w""","=""""",,"=""32135.94""","=""51600.52""","=""5d5.(4G).6s""","=""3G""","=""4""","=""""","=""*""","=""3""",,
"=""513.670""","=""513.6676""","=""0.0018""","=""12""","=""""",,"=""20174.20""","=""39636.62""","=""5d4.6s2""","=""1S2""","=""0""","=""""","=""*""","=""1""",,
"=""513.763""","=""513.7605""","=""0.0018""","=""3""","=""""",,"=""37309.16""","=""56768.06""","=""""","=""*""","=""5""","=""""","=""""","=""5""",,
"=""513.7798""","=""513.7806""","=""0.0018""","=""6""","=""""",,"=""28392.70""","=""47850.84""","=""5d5.(2I).6s""","=""3I""","=""6""","=""""","=""*""","=""5""",,
"=""513.8400""","=""513.8400""","=""0.0018""","=""25""","=""""",,"=""28233.44""","=""47689.33""","=""5d5.(4F).6s""","=""5F""","=""5""","=""""","=""*""","=""4""",,
"=""514.1248""","=""514.1230""","=""0.0019""","=""12""","=""1.12e+05""",C,"=""17701.18""","=""37146.36""","=""5d4.6s2""","=""3F2""","=""3""","=""""","=""*""","=""4""",,
"=""514.5453""","=""514.5467""","=""0.0019""","=""8""","=""""",,"=""32826.63""","=""52255.80""","=""""","=""""","=""3""","=""""","=""*""","=""3""",,
"=""514.5774""","=""514.5750""","=""0.0019""","=""25""","=""2.10e+06""",B,"=""20983.02""","=""40411.12""","=""5d5.(4P).6s""","=""5P""","=""2""","=""""","=""*""","=""1""",,
"=""514.772""","=""514.7727""","=""0.0019""","=""3c""","=""""",,"=""32957.58""","=""52378.22""","=""""","=""*""","=""3""","=""""","=""""","=""4""",,
"=""514.8727""","=""514.8694""","=""0.0019""","=""6*""","=""""",,"=""31389.08""","=""50806.07""","=""5d5.(4G).6s""","=""3G""","=""5""","=""""","=""*""","=""5""",,
"=""514.8727""","=""514.8761""","=""0.0019""","=""6*""","=""""",,"=""31077.80""","=""50494.54""","=""""","=""""","=""2""","=""""","=""*""","=""2""",,
"=""514.9765""","=""""","=""""","=""3""","=""""",,"=""""","=""""","=""""","=""""","=""""","=""""","=""""","=""""",,
"=""515.0252""","=""515.0222""","=""0.0019""","=""4""","=""""",,"=""27213.82""","=""46625.05""","=""5d5.(2F1).6s""","=""3F""","=""4""","=""""","=""*""","=""4""",,
"=""515.079""","=""515.0835""","=""0.0019""","=""5""","=""""",,"=""27670.48""","=""47079.40""","=""5d5.(4F).6s""","=""5F""","=""1""","=""""","=""*""","=""2""",,
"=""515.1286""","=""""","=""""","=""3""","=""""",,"=""""","=""""","=""""","=""""","=""""","=""""","=""""","=""""",,
"=""515.3555""","=""515.3546""","=""0.0019""","=""40""","=""""",,"=""22852.80""","=""42251.51""","=""5d4.6s2""","=""1G2""","=""4""","=""""","=""*""","=""3""",,
"=""515.3880""","=""515.3881""","=""0.0019""","=""20""","=""""",,"=""28291.88""","=""47689.33""","=""5d5.(2F1).6s""","=""3F""","=""3""","=""""","=""*""","=""4""",,
"=""515.4462""","=""515.4463""","=""0.0019""","=""30""","=""""",,"=""22476.68""","=""41871.94""","=""5d5.(4D).6s""","=""5D""","=""4""","=""""","=""*""","=""4""",,
"=""515.4904""","=""515.4904""","=""0.0019""","=""15""","=""""",,"=""18280.48""","=""37674.08""","=""5d5.(6S).6s""","=""5S""","=""2""","=""""","=""*""","=""3""",,
"=""515.6722""","=""""","=""""","=""4""","=""""",,"=""""","=""""","=""""","=""""","=""""","=""""","=""""","=""""",,
"=""515.7618""","=""515.7598""","=""0.0019""","=""4""","=""""",,"=""18082.83""","=""37466.30""","=""5d4.6s2""","=""3D""","=""1""","=""""","=""*""","=""2""",,
"=""515.8187""","=""515.8197""","=""0.0019""","=""15""","=""""",,"=""23484.78""","=""42866.00""","=""5d4.6s2""","=""1I""","=""6""","=""""","=""*""","=""5""",,
"=""515.9095""","=""515.9081""","=""0.0019""","=""2""","=""9.1e+03""",D,"=""14976.18""","=""34354.08""","=""5d4.6s2""","=""3D""","=""2""","=""""","=""*""","=""3""",,
"=""515.9564""","=""""","=""""","=""3""","=""""",,"=""""","=""""","=""""","=""""","=""""","=""""","=""""","=""""",,
"=""516.000""","=""515.9978""","=""0.0019""","=""5""","=""""",,"=""24610.88""","=""43985.41""","=""5d4.6s2""","=""1F""","=""3""","=""""","=""*""","=""4""",,
"=""516.0322""","=""""","=""""","=""4""","=""""",,"=""""","=""""","=""""","=""""","=""""","=""""","=""""","=""""",,
"=""516.106""","=""""","=""""","=""4""","=""""",,"=""""","=""""","=""""","=""""","=""""","=""""","=""""","=""""",,
"=""516.2146""","=""516.2182""","=""0.0019""","=""8""","=""""",,"=""14976.18""","=""34342.44""","=""5d4.6s2""","=""3D""","=""2""","=""""","=""*""","=""1""",,
"=""516.2874""","=""516.2872""","=""0.0019""","=""4""","=""2.0e+04""",D,"=""13777.71""","=""33141.38""","=""5d4.6s2""","=""3F2""","=""2""","=""""","=""*""","=""2""",,
"=""516.348""","=""""","=""""","=""4""","=""""",,"=""""","=""""","=""""","=""""","=""""","=""""","=""""","=""""",,
"=""516.6648""","=""516.6664""","=""0.0019""","=""2""","=""""",,"=""18116.84""","=""37466.30""","=""5d5.(4G).6s""","=""5G""","=""2""","=""""","=""*""","=""2""",,
"=""516.878""","=""516.8790""","=""0.0019""","=""2w""","=""""",,"=""34632.60""","=""53974.10""","=""""","=""*""","=""4""","=""""","=""""","=""5""",,
"=""517.065""","=""""","=""""","=""2""","=""""",,"=""""","=""""","=""""","=""""","=""""","=""""","=""""","=""""",,
"=""517.2626""","=""517.2620""","=""0.0019""","=""3""","=""""",,"=""32957.58""","=""52284.76""","=""""","=""*""","=""3""","=""""","=""""","=""3""",,
"=""517.364""","=""""","=""""","=""4""","=""""",,"=""""","=""""","=""""","=""""","=""""","=""""","=""""","=""""",,
"=""517.431""","=""517.4296""","=""0.0019""","=""5""","=""""",,"=""23930.08""","=""43251.00""","=""5d5.(4D).6s""","=""5D""","=""3""","=""""","=""*""","=""4""",,
"=""517.5732""","=""517.5761""","=""0.0019""","=""6""","=""""",,"=""32378.40""","=""51693.85""","=""5d5.(2D3).6s""","=""3D""","=""1""","=""""","=""*""","=""2""",,
"=""517.776""","=""517.7726""","=""0.0019""","=""8""","=""""",,"=""28233.44""","=""47541.56""","=""5d5.(4F).6s""","=""5F""","=""5""","=""""","=""*""","=""6""",,
"=""517.951""","=""517.9486""","=""0.0019""","=""10""","=""""",,"=""28291.88""","=""47593.44""","=""5d5.(2F1).6s""","=""3F""","=""3""","=""""","=""*""","=""3""",,
"=""518.004""","=""""","=""""","=""3""","=""""",,"=""""","=""""","=""""","=""""","=""""","=""""","=""""","=""""",,
"=""518.057""","=""518.0554""","=""0.0019""","=""1w""","=""""",,"=""23930.08""","=""43227.66""","=""5d5.(4D).6s""","=""5D""","=""3""","=""""","=""*""","=""2""",,
"=""518.194""","=""518.1905""","=""0.0019""","=""5w""","=""""",,"=""27213.82""","=""46506.37""","=""5d5.(2F1).6s""","=""3F""","=""4""","=""""","=""*""","=""5""",,
"=""518.230""","=""""","=""""","=""3w""","=""""",,"=""""","=""""","=""""","=""""","=""""","=""""","=""""","=""""",,
"=""518.3586""","=""518.3576""","=""0.0019""","=""6""","=""""",,"=""20983.02""","=""40269.35""","=""5d5.(4P).6s""","=""5P""","=""2""","=""""","=""*""","=""3""",,
"=""518.3965""","=""518.3963""","=""0.0019""","=""40""","=""9.6e+05""",B,"=""18974.51""","=""38259.40""","=""5d5.(4G).6s""","=""5G""","=""3""","=""""","=""*""","=""4""",,
"=""518.552""","=""518.5498""","=""0.0019""","=""2""","=""""",,"=""20427.84""","=""39707.02""","=""5d5.(4P).6s""","=""5P""","=""1""","=""""","=""*""","=""2""",,
"=""518.7537""","=""518.7541""","=""0.0019""","=""6""","=""""",,"=""28898.96""","=""48170.55""","=""5d4.6s2""","=""3P1""","=""2""","=""""","=""*""","=""3""",,
"=""518.8867""","=""518.8884""","=""0.0019""","=""10""","=""""",,"=""17008.50""","=""36275.10""","=""5d4.6s2""","=""3H""","=""6""","=""""","=""*""","=""5""",,
"=""518.9516""","=""518.9482""","=""0.0019""","=""3""","=""""",,"=""37309.16""","=""56573.54""","=""""","=""*""","=""5""","=""""","=""""","=""5""",,
"=""519.2705""","=""519.2706""","=""0.0019""","=""40""","=""""",,"=""14976.18""","=""34228.60""","=""5d4.6s2""","=""3D""","=""2""","=""""","=""*""","=""3""",,
"=""519.563""","=""519.5621""","=""0.0019""","=""40""","=""""",,"=""25983.60""","=""45225.22""","=""5d4.6s.(6D).6p""","=""5F*""","=""1""","=""5d4.6s.(6D).7s""","=""5D""","=""0""",,
"=""519.649""","=""519.6509""","=""0.0019""","=""9""","=""""",,"=""28204.20""","=""47442.53""","=""5d5.(4F).6s""","=""5F""","=""2""","=""""","=""*""","=""2""",,
"=""519.828""","=""519.8255""","=""0.0019""","=""5""","=""""",,"=""18974.51""","=""38206.38""","=""5d5.(4G).6s""","=""5G""","=""3""","=""""","=""*""","=""3""",,
"=""519.996""","=""519.9945""","=""0.0019""","=""2""","=""""",,"=""32957.58""","=""52183.20""","=""""","=""*""","=""3""","=""""","=""""","=""2""",,
"=""520.144""","=""520.1406""","=""0.0019""","=""4""","=""""",,"=""29853.66""","=""49073.88""","=""5d5.(4F).6s""","=""5F""","=""4""","=""""","=""*""","=""5""",,
"=""520.211""","=""520.2099""","=""0.0019""","=""2""","=""""",,"=""22476.68""","=""41694.34""","=""5d5.(4D).6s""","=""5D""","=""4""","=""""","=""*""","=""3""",,
"=""520.325""","=""520.3244""","=""0.0019""","=""10""","=""""",,"=""19535.01""","=""38748.44""","=""5d5.(4G).6s""","=""5G""","=""5""","=""""","=""*""","=""4""",,
"=""520.452""","=""520.4504""","=""0.0019""","=""12""","=""6.8e+06""",B,"=""20427.84""","=""39636.62""","=""5d5.(4P).6s""","=""5P""","=""1""","=""""","=""*""","=""1""",,
"=""520.518""","=""520.5154""","=""0.0019""","=""4""","=""""",,"=""26861.64""","=""46068.02""","=""5d5.(2F1).6s""","=""3F""","=""2""","=""""","=""*""","=""3""",,
"=""520.618""","=""520.6187""","=""0.0019""","=""12""","=""2.49e+06""",B,"=""19827.68""","=""39030.25""","=""5d5.(4P).6s""","=""5P""","=""3""","=""""","=""*""","=""2""",,
"=""520.778""","=""520.7762""","=""0.0019""","=""2""","=""""",,"=""29479.32""","=""48676.08""","=""5d4.6s2""","=""3F1""","=""4""","=""""","=""*""","=""4""",,
"=""520.912""","=""520.9108""","=""0.0019""","=""5""","=""""",,"=""28291.88""","=""47483.68""","=""5d5.(2F1).6s""","=""3F""","=""3""","=""""","=""*""","=""3""",,
"=""521.074""","=""521.0732""","=""0.0019""","=""1""","=""""",,"=""18280.48""","=""37466.30""","=""5d5.(6S).6s""","=""5S""","=""2""","=""""","=""*""","=""2""",,
"=""521.234""","=""521.2348""","=""0.0019""","=""3""","=""""",,"=""13777.71""","=""32957.58""","=""5d4.6s2""","=""3F2""","=""2""","=""""","=""*""","=""3""",,
"=""521.281""","=""521.2775""","=""0.0019""","=""16""","=""""",,"=""28797.24""","=""47975.54""","=""5d4.6s.(6D).6p""","=""7D*""","=""4""","=""5d4.6s.(6D).7s""","=""7D""","=""4""",,
"=""521.4175""","=""521.4167""","=""0.0019""","=""12""","=""""",,"=""17701.18""","=""36874.36""","=""5d4.6s2""","=""3F2""","=""3""","=""""","=""*""","=""3""",,
"=""521.555""","=""521.5552""","=""0.0019""","=""3""","=""""",,"=""17107.01""","=""36275.10""","=""5d4.6s2""","=""3F2""","=""4""","=""""","=""*""","=""5""",,
"=""521.8194""","=""521.8187""","=""0.0019""","=""4""","=""""",,"=""35499.15""","=""54657.56""","=""""","=""*""","=""3""","=""""","=""""","=""3""",,
"=""521.8432""","=""521.8424""","=""0.0019""","=""10""","=""""",,"=""28204.20""","=""47361.74""","=""5d5.(4F).6s""","=""5F""","=""2""","=""""","=""*""","=""3""",,
"=""521.922""","=""521.9173""","=""0.0019""","=""3""","=""""",,"=""32135.94""","=""51290.73""","=""5d5.(4G).6s""","=""3G""","=""4""","=""""","=""*""","=""5""",,
"=""521.956""","=""521.9552""","=""0.0019""","=""2""","=""""",,"=""34632.60""","=""53786.00""","=""""","=""*""","=""4""","=""""","=""""","=""4""",,
"=""522.0354""","=""522.0301""","=""0.0019""","=""4w""","=""""",,"=""28291.88""","=""47442.53""","=""5d5.(2F1).6s""","=""3F""","=""3""","=""""","=""*""","=""2""",,
"=""522.427""","=""522.4276""","=""0.0019""","=""4""","=""""",,"=""28347.60""","=""47483.68""","=""5d5.(4F).6s""","=""5F""","=""3""","=""""","=""*""","=""3""",,
"=""522.4657""","=""522.4661""","=""0.0019""","=""250""","=""1.2e+06""",B,"=""4830.00""","=""23964.67""","=""5d4.6s2""","=""5D""","=""3""","=""5d4.6s.(6D).6p""","=""7D*""","=""2""",,
"=""522.9127""","=""522.9088""","=""0.0019""","=""25""","=""""",,"=""23455.02""","=""42573.49""","=""5d5.(4D).6s""","=""5D""","=""1""","=""""","=""*""","=""1""",,
"=""523.0246""","=""""","=""""","=""2""","=""""",,"=""""","=""""","=""""","=""""","=""""","=""""","=""""","=""""",,
"=""523.3523""","=""523.3520""","=""0.0019""","=""150""","=""""",,"=""19253.56""","=""38355.84""","=""5d4.6s2""","=""3P2""","=""2""","=""""","=""*""","=""1""",,
"=""523.9092""","=""523.9071""","=""0.0019""","=""4""","=""""",,"=""27849.80""","=""46931.84""","=""5d5.(2I).6s""","=""3I""","=""5""","=""""","=""*""","=""4""",,
"=""523.9786""","=""523.9780""","=""0.0019""","=""60""","=""""",,"=""13307.10""","=""32386.56""","=""5d4.6s2""","=""3P2""","=""1""","=""""","=""*""","=""0""",,
"=""524.0782""","=""524.0796""","=""0.0019""","=""15""","=""""",,"=""16431.31""","=""35507.07""","=""5d4.6s2""","=""3G""","=""4""","=""""","=""*""","=""5""",,
"=""524.256""","=""524.2544""","=""0.0019""","=""40""","=""""",,"=""30586.64""","=""49656.04""","=""5d4.6s.(6D).6p""","=""5P*""","=""3""","=""5d4.6s.(6D).7s""","=""5D""","=""3""",,
"=""524.298""","=""524.2973""","=""0.0019""","=""250""","=""1.1e+06""",B,"=""16431.31""","=""35499.15""","=""5d4.6s2""","=""3G""","=""4""","=""""","=""*""","=""3""",,
"=""524.3996""","=""""","=""""","=""5w""","=""""",,"=""""","=""""","=""""","=""""","=""""","=""""","=""""","=""""",,
"=""524.5686""","=""524.5675""","=""0.0019""","=""4""","=""""",,"=""36275.10""","=""55333.12""","=""""","=""*""","=""5""","=""""","=""""","=""4""",,
"=""524.7417""","=""524.7401""","=""0.0019""","=""25""","=""3.0e+04""",D,"=""15069.93""","=""34121.68""","=""5d4.6s2""","=""3H""","=""5""","=""""","=""*""","=""4""",,
"=""524.9045""","=""524.9010""","=""0.0019""","=""3""","=""""",,"=""28291.88""","=""47337.79""","=""5d5.(2F1).6s""","=""3F""","=""3""","=""""","=""*""","=""2""",,
"=""525.0131""","=""525.0137""","=""0.0019""","=""1w""","=""""",,"=""33141.38""","=""52183.20""","=""""","=""*""","=""2""","=""""","=""""","=""2""",,
"=""525.0406""","=""525.0408""","=""0.0019""","=""12""","=""""",,"=""26861.64""","=""45902.48""","=""5d5.(2F1).6s""","=""3F""","=""2""","=""""","=""*""","=""2""",,
"=""525.4542""","=""525.4544""","=""0.0019""","=""100""","=""3.86e+05""",C,"=""15460.01""","=""34485.86""","=""5d4.6s2""","=""3D""","=""3""","=""""","=""*""","=""2""",,
"=""525.5396""","=""525.5401""","=""0.0019""","=""120""","=""2.61e+06""",B,"=""22476.68""","=""41499.43""","=""5d5.(4D).6s""","=""5D""","=""4""","=""""","=""*""","=""3""",,
"=""525.9342""","=""525.9338""","=""0.0019""","=""300""","=""""",,"=""27488.11""","=""46496.62""","=""5d5.(6S).6p""","=""7P*""","=""3""","=""5d4.6s.(6D).7s""","=""7D""","=""3""",,
"=""526.2818""","=""""","=""""","=""3""","=""""",,"=""""","=""""","=""""","=""""","=""""","=""""","=""""","=""""",,
"=""526.3215""","=""526.3195""","=""0.0019""","=""100""","=""""",,"=""23455.02""","=""42449.60""","=""5d5.(4D).6s""","=""5D""","=""1""","=""""","=""*""","=""2""",,
"=""526.7054""","=""526.7055""","=""0.0019""","=""6""","=""""",,"=""23930.08""","=""42910.74""","=""5d5.(4D).6s""","=""5D""","=""3""","=""""","=""*""","=""4""",,
"=""526.8550""","=""526.8545""","=""0.0019""","=""80""","=""1.4e+05""",C,"=""17107.01""","=""36082.30""","=""5d4.6s2""","=""3F2""","=""4""","=""""","=""*""","=""4""",,
"=""526.9326""","=""526.9315""","=""0.0019""","=""100""","=""""",,"=""17701.18""","=""36673.70""","=""5d4.6s2""","=""3F2""","=""3""","=""""","=""*""","=""2""",,
"=""527.4787""","=""527.4792""","=""0.0019""","=""15""","=""""",,"=""19253.56""","=""38206.38""","=""5d4.6s2""","=""3P2""","=""2""","=""""","=""*""","=""3""",,
"=""527.5529""","=""527.5538""","=""0.0019""","=""150""","=""""",,"=""19256.24""","=""38206.38""","=""5d5.(4G).6s""","=""5G""","=""4""","=""""","=""*""","=""3""",,
"=""527.859""","=""527.8585""","=""0.0020""","=""20""","=""""",,"=""29139.12""","=""48078.32""","=""5d4.6s.(6D).6p""","=""5F*""","=""3""","=""5d4.6s.(6D).7s""","=""5D""","=""2""",,
"=""527.981""","=""""","=""""","=""5w""","=""""",,"=""""","=""""","=""""","=""""","=""""","=""""","=""""","=""""",,
"=""528.121""","=""""","=""""","=""5""","=""""",,"=""""","=""""","=""""","=""""","=""""","=""""","=""""","=""""",,
"=""528.2646""","=""528.2660""","=""0.0020""","=""4w""","=""""",,"=""34465.83""","=""53390.42""","=""""","=""""","=""3""","=""""","=""*""","=""3""",,
"=""528.3274""","=""528.3272""","=""0.0020""","=""15""","=""""",,"=""19826.04""","=""38748.44""","=""5d4.6s2""","=""3G""","=""5""","=""""","=""*""","=""4""",,
"=""528.3732""","=""528.3730""","=""0.0020""","=""4""","=""""",,"=""19827.68""","=""38748.44""","=""5d5.(4P).6s""","=""5P""","=""3""","=""""","=""*""","=""4""",,
"=""528.4077""","=""""","=""""","=""5""","=""""",,"=""""","=""""","=""""","=""""","=""""","=""""","=""""","=""""",,
"=""528.552""","=""""","=""""","=""5""","=""""",,"=""""","=""""","=""""","=""""","=""""","=""""","=""""","=""""",,
"=""528.7117""","=""""","=""""","=""3w""","=""""",,"=""""","=""""","=""""","=""""","=""""","=""""","=""""","=""""",,
"=""528.8505""","=""528.8470""","=""0.0020""","=""3""","=""""",,"=""24610.88""","=""43514.68""","=""5d4.6s2""","=""1F""","=""3""","=""""","=""*""","=""2""",,
"=""529.0637""","=""529.0664""","=""0.0020""","=""4""","=""""",,"=""30374.20""","=""49270.16""","=""5d4.6s2""","=""3F1""","=""2""","=""""","=""*""","=""2""",,
"=""529.0774""","=""529.0776""","=""0.0020""","=""15""","=""""",,"=""31389.08""","=""50284.64""","=""5d5.(4G).6s""","=""3G""","=""5""","=""""","=""*""","=""4""",,
"=""529.2486""","=""529.2485""","=""0.0020""","=""2""","=""""",,"=""13348.56""","=""32238.02""","=""5d4.6s2""","=""3G""","=""3""","=""""","=""*""","=""3""",,
"=""529.3034""","=""""","=""""","=""20""","=""""",,"=""""","=""""","=""""","=""""","=""""","=""""","=""""","=""""",,
"=""529.4449""","=""529.4441""","=""0.0020""","=""5""","=""""",,"=""29195.84""","=""48078.32""","=""5d4.6s.(6D).6p""","=""5D*""","=""2""","=""5d4.6s.(6D).7s""","=""5D""","=""2""",,
"=""529.5252""","=""529.5224""","=""0.0020""","=""6*""","=""""",,"=""34465.83""","=""53345.52""","=""""","=""""","=""3""","=""""","=""*""","=""3""",,
"=""529.5252""","=""529.5283""","=""0.0020""","=""6*""","=""""",,"=""33201.61""","=""52081.09""","=""5d5.(2G2).6s""","=""3G""","=""5""","=""""","=""*""","=""5""",,
"=""529.6462""","=""529.6483""","=""0.0020""","=""20""","=""""",,"=""28204.20""","=""47079.40""","=""5d5.(4F).6s""","=""5F""","=""2""","=""""","=""*""","=""2""",,
"=""529.8585""","=""529.8589""","=""0.0020""","=""8""","=""""",,"=""24610.88""","=""43478.58""","=""5d4.6s2""","=""1F""","=""3""","=""""","=""*""","=""3""",,
"=""530.2378""","=""530.2383""","=""0.0020""","=""15""","=""""",,"=""27213.82""","=""46068.02""","=""5d5.(2F1).6s""","=""3F""","=""4""","=""""","=""*""","=""3""",,
"=""530.5939""","=""530.5946""","=""0.0020""","=""12""","=""""",,"=""22852.80""","=""41694.34""","=""5d4.6s2""","=""1G2""","=""4""","=""""","=""*""","=""3""",,
"=""530.7459""","=""530.7461""","=""0.0020""","=""15""","=""3.7e+04""",C,"=""17107.01""","=""35943.17""","=""5d4.6s2""","=""3F2""","=""4""","=""""","=""*""","=""3""",,
"=""530.8036""","=""530.8042""","=""0.0020""","=""4""","=""""",,"=""27662.52""","=""46496.62""","=""5d4.6s.(6D).6p""","=""5F*""","=""2""","=""5d4.6s.(6D).7s""","=""7D""","=""3""",,
"=""531.037""","=""531.0334""","=""0.0020""","=""4""","=""""",,"=""33569.53""","=""52395.50""","=""""","=""""","=""4""","=""""","=""*""","=""5""",,
"=""531.1353""","=""531.1335""","=""0.0020""","=""20*""","=""""",,"=""27849.80""","=""46672.22""","=""5d5.(2I).6s""","=""3I""","=""5""","=""""","=""*""","=""6""",,
"=""531.1353""","=""531.1335""","=""0.0020""","=""20*""","=""""",,"=""29853.66""","=""48676.08""","=""5d5.(4F).6s""","=""5F""","=""4""","=""""","=""*""","=""4""",,
"=""531.164""","=""531.1643""","=""0.0020""","=""1""","=""""",,"=""18082.83""","=""36904.16""","=""5d4.6s2""","=""3D""","=""1""","=""""","=""*""","=""2""",,
"=""531.2282""","=""531.2275""","=""0.0020""","=""5*""","=""""",,"=""34465.83""","=""53284.92""","=""""","=""""","=""3""","=""""","=""*""","=""2""",,
"=""531.2282""","=""531.2312""","=""0.0020""","=""5*""","=""""",,"=""35299.82""","=""54118.78""","=""""","=""""","=""4""","=""""","=""*""","=""4""",,
"=""531.3124""","=""531.3134""","=""0.0020""","=""6w""","=""""",,"=""26861.64""","=""45677.69""","=""5d5.(2F1).6s""","=""3F""","=""2""","=""""","=""*""","=""3""",,
"=""531.4384""","=""""","=""""","=""8w""","=""""",,"=""""","=""""","=""""","=""""","=""""","=""""","=""""","=""""",,
"=""531.6037""","=""""","=""""","=""5w""","=""""",,"=""""","=""""","=""""","=""""","=""""","=""""","=""""","=""""",,
"=""531.7831""","=""531.7814""","=""0.0020""","=""15""","=""""",,"=""19253.56""","=""38053.05""","=""5d4.6s2""","=""3P2""","=""2""","=""""","=""*""","=""3""",,
"=""531.8862""","=""531.8864""","=""0.0020""","=""40""","=""""",,"=""27662.52""","=""46458.30""","=""5d4.6s.(6D).6p""","=""5F*""","=""2""","=""5d4.6s.(6D).7s""","=""5D""","=""1""",,
"=""532.0604""","=""532.0579""","=""0.0020""","=""10""","=""""",,"=""29460.98""","=""48250.70""","=""5d5.(2I).6s""","=""3I""","=""7""","=""""","=""*""","=""7""",,
"=""532.1282""","=""532.1259""","=""0.0020""","=""3w""","=""""",,"=""18116.84""","=""36904.16""","=""5d5.(4G).6s""","=""5G""","=""2""","=""""","=""*""","=""2""",,
"=""532.5769""","=""""","=""""","=""6w""","=""""",,"=""""","=""""","=""""","=""""","=""""","=""""","=""""","=""""",,
"=""532.6575""","=""532.6569""","=""0.0020""","=""1w""","=""""",,"=""15460.01""","=""34228.60""","=""5d4.6s2""","=""3D""","=""3""","=""""","=""*""","=""3""",,
"=""532.677""","=""""","=""""","=""1""","=""""",,"=""""","=""""","=""""","=""""","=""""","=""""","=""""","=""""",,
"=""532.7052""","=""532.7037""","=""0.0020""","=""4""","=""""",,"=""38001.12""","=""56768.06""","=""""","=""*""","=""4""","=""""","=""""","=""5""",,
"=""532.9711""","=""532.9713""","=""0.0020""","=""5""","=""""",,"=""18116.84""","=""36874.36""","=""5d5.(4G).6s""","=""5G""","=""2""","=""""","=""*""","=""3""",,
"=""533.257""","=""""","=""""","=""4w""","=""""",,"=""""","=""""","=""""","=""""","=""""","=""""","=""""","=""""",,
"=""533.623""","=""""","=""""","=""3""","=""""",,"=""""","=""""","=""""","=""""","=""""","=""""","=""""","=""""",,
"=""533.7348""","=""533.7361""","=""0.0020""","=""40""","=""""",,"=""26189.20""","=""44919.84""","=""5d4.6s.(6D).6p""","=""7D*""","=""3""","=""5d4.6s.(6D).7s""","=""7D""","=""2""",,
"=""533.9260""","=""533.9254""","=""0.0020""","=""8""","=""""",,"=""20983.02""","=""39707.02""","=""5d5.(4P).6s""","=""5P""","=""2""","=""""","=""*""","=""2""",,
"=""533.9940""","=""533.9924""","=""0.0020""","=""10""","=""""",,"=""28720.88""","=""47442.53""","=""5d5.(4P).6s""","=""3P""","=""1""","=""""","=""*""","=""2""",,
"=""534.3002""","=""""","=""""","=""6""","=""""",,"=""""","=""""","=""""","=""""","=""""","=""""","=""""","=""""",,
"=""534.484""","=""""","=""""","=""5w""","=""""",,"=""""","=""""","=""""","=""""","=""""","=""""","=""""","=""""",,
"=""534.5887""","=""534.5898""","=""0.0020""","=""3w""","=""""",,"=""33952.85""","=""52653.58""","=""5d5.(4D).6s""","=""3D""","=""3""","=""""","=""*""","=""2""",,
"=""534.6193""","=""534.6230""","=""0.0020""","=""4w""","=""""",,"=""18974.51""","=""37674.08""","=""5d5.(4G).6s""","=""5G""","=""3""","=""""","=""*""","=""3""",,
"=""534.6691""","=""534.6696""","=""0.0020""","=""5""","=""""",,"=""30374.20""","=""49072.14""","=""5d4.6s2""","=""3F1""","=""2""","=""""","=""*""","=""3""",,
"=""534.8058""","=""""","=""""","=""5w""","=""""",,"=""""","=""""","=""""","=""""","=""""","=""""","=""""","=""""",,
"=""534.8932""","=""534.8947""","=""0.0020""","=""60""","=""""",,"=""26229.77""","=""44919.84""","=""5d5.(6S).6p""","=""7P*""","=""2""","=""5d4.6s.(6D).7s""","=""7D""","=""2""",,
"=""534.9854""","=""534.9860""","=""0.0020""","=""8""","=""""",,"=""33291.80""","=""51978.68""","=""5d5.(2I).6s""","=""1I""","=""6""","=""""","=""*""","=""6""",,
"=""535.0434""","=""535.0421""","=""0.0020""","=""40""","=""""",,"=""29393.40""","=""48078.32""","=""5d4.6s.(6D).6p""","=""5P*""","=""2""","=""5d4.6s.(6D).7s""","=""5D""","=""2""",,
"=""535.1892""","=""535.1888""","=""0.0020""","=""30""","=""""",,"=""27778.50""","=""46458.30""","=""5d4.6s.(6D).6p""","=""5D*""","=""1""","=""5d4.6s.(6D).7s""","=""5D""","=""1""",,
"=""535.4446""","=""535.4456""","=""0.0020""","=""50""","=""1.0e+05""",C,"=""9528.06""","=""28198.90""","=""5d4.6s2""","=""3P2""","=""0""","=""5d4.6s.(6D).6p""","=""5P*""","=""1""",,
"=""535.525""","=""535.5239""","=""0.0020""","=""25""","=""""",,"=""19535.01""","=""38203.12""","=""5d5.(4G).6s""","=""5G""","=""5""","=""""","=""*""","=""6""",,
"=""535.6601""","=""535.6594""","=""0.0020""","=""20""","=""""",,"=""20983.02""","=""39646.41""","=""5d5.(4P).6s""","=""5P""","=""2""","=""""","=""*""","=""3""",,
"=""535.7094""","=""535.7087""","=""0.0020""","=""40""","=""8.4e+04""",C,"=""15460.01""","=""34121.68""","=""5d4.6s2""","=""3D""","=""3""","=""""","=""*""","=""4""",,
"=""535.832""","=""535.8351""","=""0.0020""","=""25""","=""""",,"=""27670.48""","=""46327.75""","=""5d5.(4F).6s""","=""5F""","=""1""","=""""","=""*""","=""2""",,
"=""536.141""","=""536.1408""","=""0.0020""","=""15""","=""""",,"=""22852.80""","=""41499.43""","=""5d4.6s2""","=""1G2""","=""4""","=""""","=""*""","=""3""",,
"=""536.2864""","=""536.2901""","=""0.0020""","=""12""","=""""",,"=""34302.04""","=""52943.48""","=""5d5.(2G2).6s""","=""3G""","=""4""","=""""","=""*""","=""3""",,
"=""536.3337""","=""536.3327""","=""0.0020""","=""5w""","=""""",,"=""28291.88""","=""46931.84""","=""5d5.(2F1).6s""","=""3F""","=""3""","=""""","=""*""","=""4""",,
"=""536.3716""","=""""","=""""","=""2""","=""""",,"=""""","=""""","=""""","=""""","=""""","=""""","=""""","=""""",,
"=""536.5085""","=""""","=""""","=""2""","=""""",,"=""""","=""""","=""""","=""""","=""""","=""""","=""""","=""""",,
"=""536.7124""","=""""","=""""","=""2w""","=""""",,"=""""","=""""","=""""","=""""","=""""","=""""","=""""","=""""",,
"=""536.8014""","=""536.8015""","=""0.0020""","=""5""","=""""",,"=""18280.48""","=""36904.16""","=""5d5.(6S).6s""","=""5S""","=""2""","=""""","=""*""","=""2""",,
"=""536.8685""","=""536.8684""","=""0.0020""","=""40""","=""""",,"=""28233.44""","=""46854.80""","=""5d5.(4F).6s""","=""5F""","=""5""","=""""","=""*""","=""5""",,
"=""536.9534""","=""536.9541""","=""0.0020""","=""1w""","=""""",,"=""23982.80""","=""42601.19""","=""5d5.(4D).6s""","=""5D""","=""2""","=""""","=""*""","=""3""",,
"=""537.0004""","=""537.0005""","=""0.0020""","=""4w""","=""""",,"=""24610.88""","=""43227.66""","=""5d4.6s2""","=""1F""","=""3""","=""""","=""*""","=""2""",,
"=""537.1967""","=""""","=""""","=""2""","=""""",,"=""""","=""""","=""""","=""""","=""""","=""""","=""""","=""""",,
"=""537.2828""","=""537.2845""","=""0.0020""","=""25""","=""""",,"=""27889.68""","=""46496.62""","=""5d5.(6S).6p""","=""7P*""","=""4""","=""5d4.6s.(6D).7s""","=""7D""","=""3""",,
"=""537.4138""","=""537.4116""","=""0.0020""","=""40*""","=""""",,"=""23930.08""","=""42532.62""","=""5d5.(4D).6s""","=""5D""","=""3""","=""""","=""*""","=""4""",,
"=""537.4138""","=""537.4153""","=""0.0020""","=""40*""","=""""",,"=""20427.84""","=""39030.25""","=""5d5.(4P).6s""","=""5P""","=""1""","=""""","=""*""","=""2""",,
"=""537.4418""","=""""","=""""","=""15""","=""""",,"=""""","=""""","=""""","=""""","=""""","=""""","=""""","=""""",,
"=""537.6117""","=""""","=""""","=""2w""","=""""",,"=""""","=""""","=""""","=""""","=""""","=""""","=""""","=""""",,
"=""537.6603""","=""537.6619""","=""0.0020""","=""2w""","=""""",,"=""18280.48""","=""36874.36""","=""5d5.(6S).6s""","=""5S""","=""2""","=""""","=""*""","=""3""",,
"=""537.7488""","=""537.7489""","=""0.0020""","=""3""","=""""",,"=""18082.83""","=""36673.70""","=""5d4.6s2""","=""3D""","=""1""","=""""","=""*""","=""2""",,
"=""537.9438""","=""537.9460""","=""0.0020""","=""10w""","=""""",,"=""23930.08""","=""42514.14""","=""5d5.(4D).6s""","=""5D""","=""3""","=""""","=""*""","=""3""",,
"=""538.1992""","=""538.1991""","=""0.0020""","=""10""","=""""",,"=""27213.82""","=""45789.14""","=""5d5.(2F1).6s""","=""3F""","=""4""","=""""","=""*""","=""5""",,
"=""538.2813""","=""538.2831""","=""0.0020""","=""4w""","=""""",,"=""38001.12""","=""56573.54""","=""""","=""*""","=""4""","=""""","=""""","=""5""",,
"=""538.8004""","=""538.8007""","=""0.0020""","=""40""","=""""",,"=""19648.54""","=""38203.12""","=""5d5.(4G).6s""","=""5G""","=""6""","=""""","=""*""","=""6""",,
"=""538.8584""","=""538.8593""","=""0.0020""","=""15""","=""""",,"=""26367.28""","=""44919.84""","=""""","=""*""","=""2""","=""5d4.6s.(6D).7s""","=""7D""","=""2""",,
"=""538.9661""","=""538.9683""","=""0.0020""","=""3""","=""""",,"=""35299.82""","=""53848.63""","=""""","=""""","=""4""","=""""","=""*""","=""4""",,
"=""539.1070""","=""539.1063""","=""0.0020""","=""30""","=""8.9e+03""",C,"=""6219.33""","=""24763.39""","=""5d4.6s2""","=""5D""","=""4""","=""5d4.6s.(6D).6p""","=""7F*""","=""4""",,
"=""539.254""","=""""","=""""","=""2""","=""""",,"=""""","=""""","=""""","=""""","=""""","=""""","=""""","=""""",,
"=""539.278""","=""539.2791""","=""0.0020""","=""4""","=""""",,"=""29430.50""","=""47968.62""","=""""","=""""","=""3""","=""""","=""*""","=""4""",,
"=""539.381""","=""539.3795""","=""0.0020""","=""2""","=""""",,"=""28720.88""","=""47255.55""","=""5d5.(4P).6s""","=""3P""","=""1""","=""""","=""*""","=""1""",,
"=""539.4736""","=""539.4764""","=""0.0020""","=""10""","=""""",,"=""23982.80""","=""42514.14""","=""5d5.(4D).6s""","=""5D""","=""2""","=""""","=""*""","=""3""",,
"=""539.6506""","=""""","=""""","=""5""","=""""",,"=""""","=""""","=""""","=""""","=""""","=""""","=""""","=""""",,
"=""539.7020""","=""539.7018""","=""0.0020""","=""25""","=""""",,"=""23455.02""","=""41978.62""","=""5d5.(4D).6s""","=""5D""","=""1""","=""""","=""*""","=""2""",,
"=""539.7948""","=""539.7951""","=""0.0020""","=""30""","=""""",,"=""19253.56""","=""37773.96""","=""5d4.6s2""","=""3P2""","=""2""","=""""","=""*""","=""1""",,
"=""539.8212""","=""539.8207""","=""0.0020""","=""8""","=""""",,"=""23930.08""","=""42449.60""","=""5d5.(4D).6s""","=""5D""","=""3""","=""""","=""*""","=""2""",,
"=""539.9388""","=""""","=""""","=""1""","=""""",,"=""""","=""""","=""""","=""""","=""""","=""""","=""""","=""""",,
"=""539.9602""","=""539.9650""","=""0.0020""","=""5w""","=""""",,"=""28291.88""","=""46806.45""","=""5d5.(2F1).6s""","=""3F""","=""3""","=""""","=""*""","=""2""",,
"=""540.0289""","=""540.0295""","=""0.0020""","=""8""","=""""",,"=""26861.64""","=""45374.00""","=""5d5.(2F1).6s""","=""3F""","=""2""","=""""","=""*""","=""1""",,
"=""540.0936""","=""540.0919""","=""0.0020""","=""15""","=""""",,"=""23455.02""","=""41965.24""","=""5d5.(4D).6s""","=""5D""","=""1""","=""""","=""*""","=""0""",,
"=""540.2296""","=""540.2300""","=""0.0020""","=""3""","=""""",,"=""18082.83""","=""36588.32""","=""5d4.6s2""","=""3D""","=""1""","=""""","=""*""","=""0""",,
"=""540.2628""","=""540.2583""","=""0.0020""","=""1""","=""""",,"=""34302.04""","=""52806.56""","=""5d5.(2G2).6s""","=""3G""","=""4""","=""""","=""*""","=""3""",,
"=""540.4322""","=""540.4321""","=""0.0020""","=""25""","=""""",,"=""17008.50""","=""35507.07""","=""5d4.6s2""","=""3H""","=""6""","=""""","=""*""","=""5""",,
"=""540.6302""","=""540.6302""","=""0.0020""","=""15""","=""""",,"=""18974.51""","=""37466.30""","=""5d5.(4G).6s""","=""5G""","=""3""","=""""","=""*""","=""2""",,
"=""540.8136""","=""""","=""""","=""1""","=""""",,"=""""","=""""","=""""","=""""","=""""","=""""","=""""","=""""",,
"=""540.8576""","=""540.8566""","=""0.0020""","=""15""","=""""",,"=""15460.01""","=""33944.06""","=""5d4.6s2""","=""3D""","=""3""","=""""","=""*""","=""2""",,
"=""541.2055""","=""541.2077""","=""0.0021""","=""1w""","=""""",,"=""34302.04""","=""52774.10""","=""5d5.(2G2).6s""","=""3G""","=""4""","=""""","=""*""","=""5""",,
"=""541.2960""","=""541.2953""","=""0.0021""","=""6""","=""""",,"=""13348.56""","=""31817.63""","=""5d4.6s2""","=""3G""","=""3""","=""""","=""*""","=""2""",,
"=""541.3832""","=""541.3821""","=""0.0021""","=""10""","=""1.0e+05""",D,"=""19535.01""","=""38001.12""","=""5d5.(4G).6s""","=""5G""","=""5""","=""""","=""*""","=""4""",,
"=""541.4826""","=""541.4797""","=""0.0021""","=""1w""","=""""",,"=""28898.96""","=""47361.74""","=""5d4.6s2""","=""3P1""","=""2""","=""""","=""*""","=""3""",,
"=""541.5528""","=""541.5522""","=""0.0021""","=""12""","=""""",,"=""13777.71""","=""32238.02""","=""5d4.6s2""","=""3F2""","=""2""","=""""","=""*""","=""3""",,
"=""541.5974""","=""541.5976""","=""0.0021""","=""3""","=""""",,"=""36874.36""","=""55333.12""","=""""","=""*""","=""3""","=""""","=""""","=""4""",,
"=""541.9390""","=""541.9385""","=""0.0021""","=""40""","=""""",,"=""22476.68""","=""40923.83""","=""5d5.(4D).6s""","=""5D""","=""4""","=""""","=""*""","=""3""",,
"=""542.1858""","=""542.1845""","=""0.0021""","=""15""","=""""",,"=""28233.44""","=""46672.22""","=""5d5.(4F).6s""","=""5F""","=""5""","=""""","=""*""","=""6""",,
"=""542.2090""","=""542.2075""","=""0.0021""","=""2""","=""""",,"=""24789.66""","=""43227.66""","=""5d4.6s2""","=""1D2""","=""2""","=""""","=""*""","=""2""",,
"=""542.2876""","=""542.2869""","=""0.0021""","=""40""","=""""",,"=""22476.68""","=""40911.98""","=""5d5.(4D).6s""","=""5D""","=""4""","=""""","=""*""","=""5""",,
"=""542.321""","=""542.3210""","=""0.0021""","=""1""","=""""",,"=""27670.48""","=""46104.62""","=""5d5.(4F).6s""","=""5F""","=""1""","=""""","=""*""","=""1""",,
"=""542.344""","=""542.3439""","=""0.0021""","=""12""","=""""",,"=""19826.04""","=""38259.40""","=""5d4.6s2""","=""3G""","=""5""","=""""","=""*""","=""4""",,
"=""542.393""","=""542.3922""","=""0.0021""","=""40""","=""2.9e+05""",B,"=""19827.68""","=""38259.40""","=""5d5.(4P).6s""","=""5P""","=""3""","=""""","=""*""","=""4""",,
"=""542.463""","=""""","=""""","=""4""","=""""",,"=""""","=""""","=""""","=""""","=""""","=""""","=""""","=""""",,
"=""542.491""","=""""","=""""","=""2""","=""""",,"=""""","=""""","=""""","=""""","=""""","=""""","=""""","=""""",,
"=""542.510""","=""542.5114""","=""0.0021""","=""1""","=""""",,"=""24789.66""","=""43217.33""","=""5d4.6s2""","=""1D2""","=""2""","=""""","=""*""","=""1""",,
"=""542.599""","=""542.5994""","=""0.0021""","=""2""","=""""",,"=""12161.96""","=""30586.64""","=""5d4.6s2""","=""3H""","=""4""","=""5d4.6s.(6D).6p""","=""5P*""","=""3""",,
"=""542.721""","=""542.7220""","=""0.0021""","=""10""","=""""",,"=""19253.56""","=""37674.08""","=""5d4.6s2""","=""3P2""","=""2""","=""""","=""*""","=""3""",,
"=""542.799""","=""542.8010""","=""0.0021""","=""5""","=""""",,"=""19256.24""","=""37674.08""","=""5d5.(4G).6s""","=""5G""","=""4""","=""""","=""*""","=""3""",,
"=""542.914""","=""542.9183""","=""0.0021""","=""3""","=""""",,"=""30374.20""","=""48788.06""","=""5d4.6s2""","=""3F1""","=""2""","=""""","=""*""","=""1""",,
"=""543.094""","=""""","=""""","=""2""","=""""",,"=""""","=""""","=""""","=""""","=""""","=""""","=""""","=""""",,
"=""543.3256""","=""543.3255""","=""0.0021""","=""6""","=""""",,"=""17107.01""","=""35507.07""","=""5d4.6s2""","=""3F2""","=""4""","=""""","=""*""","=""5""",,
"=""543.3884""","=""""","=""""","=""2""","=""""",,"=""""","=""""","=""""","=""""","=""""","=""""","=""""","=""""",,
"=""543.5032""","=""543.5042""","=""0.0021""","=""100""","=""9.0e+04""",C,"=""1670.29""","=""20064.30""","=""5d4.6s2""","=""5D""","=""1""","=""5d4.6s.(6D).6p""","=""7F*""","=""1""",,
"=""543.559""","=""543.5594""","=""0.0021""","=""30""","=""1.2e+05""",C,"=""17107.01""","=""35499.15""","=""5d4.6s2""","=""3F2""","=""4""","=""""","=""*""","=""3""",,
"=""543.575""","=""543.5751""","=""0.0021""","=""4""","=""""",,"=""28233.44""","=""46625.05""","=""5d5.(4F).6s""","=""5F""","=""5""","=""""","=""*""","=""4""",,
"=""543.7637""","=""""","=""""","=""2w""","=""""",,"=""""","=""""","=""""","=""""","=""""","=""""","=""""","=""""",,
"=""543.8852""","=""543.8853""","=""0.0021""","=""8""","=""3.3e+04""",E,"=""17701.18""","=""36082.30""","=""5d4.6s2""","=""3F2""","=""3""","=""""","=""*""","=""4""",,
"=""543.9568""","=""543.9569""","=""0.0021""","=""15""","=""""",,"=""19827.68""","=""38206.38""","=""5d5.(4P).6s""","=""5P""","=""3""","=""""","=""*""","=""3""",,
"=""544.005""","=""544.0049""","=""0.0021""","=""25""","=""""",,"=""19826.04""","=""38203.12""","=""5d4.6s2""","=""3G""","=""5""","=""""","=""*""","=""6""",,
"=""544.111""","=""""","=""""","=""8""","=""""",,"=""""","=""""","=""""","=""""","=""""","=""""","=""""","=""""",,
"=""544.1696""","=""544.1695""","=""0.0021""","=""4""","=""""",,"=""29479.32""","=""47850.84""","=""5d4.6s2""","=""3F1""","=""4""","=""""","=""*""","=""5""",,
"=""544.201""","=""544.2021""","=""0.0021""","=""1""","=""""",,"=""38203.12""","=""56573.54""","=""""","=""*""","=""6""","=""""","=""""","=""5""",,
"=""544.335""","=""544.3360""","=""0.0021""","=""12""","=""""",,"=""31077.80""","=""49443.70""","=""""","=""""","=""2""","=""""","=""*""","=""1""",,
"=""544.6126""","=""544.6121""","=""0.0021""","=""5""","=""""",,"=""28898.96""","=""47255.55""","=""5d4.6s2""","=""3P1""","=""2""","=""""","=""*""","=""1""",,
"=""544.890""","=""""","=""""","=""3""","=""""",,"=""""","=""""","=""""","=""""","=""""","=""""","=""""","=""""",,
"=""544.9454""","=""544.9461""","=""0.0021""","=""2""","=""""",,"=""22852.80""","=""41198.14""","=""5d4.6s2""","=""1G2""","=""4""","=""""","=""*""","=""4""",,
"=""545.179""","=""545.1791""","=""0.0021""","=""4""","=""""",,"=""27213.82""","=""45551.32""","=""5d5.(2F1).6s""","=""3F""","=""4""","=""""","=""*""","=""3""",,
"=""545.249""","=""""","=""""","=""1""","=""""",,"=""""","=""""","=""""","=""""","=""""","=""""","=""""","=""""",,
"=""545.658""","=""545.6573""","=""0.0021""","=""30""","=""""",,"=""23930.08""","=""42251.51""","=""5d5.(4D).6s""","=""5D""","=""3""","=""""","=""*""","=""3""",,
"=""545.792""","=""545.7925""","=""0.0021""","=""12""","=""""",,"=""29853.66""","=""48170.55""","=""5d5.(4F).6s""","=""5F""","=""4""","=""""","=""*""","=""3""",,
"=""545.935""","=""""","=""""","=""3w""","=""""",,"=""""","=""""","=""""","=""""","=""""","=""""","=""""","=""""",,
"=""546.052""","=""""","=""""","=""3w""","=""""",,"=""""","=""""","=""""","=""""","=""""","=""""","=""""","=""""",,
"=""546.293""","=""546.2930""","=""0.0021""","=""1""","=""3.e+03""",E,"=""15069.93""","=""33370.04""","=""5d4.6s2""","=""3H""","=""5""","=""5d4.6s.(6D).6p""","=""5F*""","=""5""",,
"=""546.445""","=""546.4450""","=""0.0021""","=""3w""","=""""",,"=""32828.12""","=""51123.14""","=""5d4.6s.(6D).6p""","=""5D*""","=""4""","=""5d4.6s.(6D).7s""","=""5D""","=""4""",,
"=""546.695""","=""546.6891""","=""0.0021""","=""4*""","=""""",,"=""35499.15""","=""53786.00""","=""""","=""*""","=""3""","=""""","=""""","=""4""",,
"=""546.695""","=""546.6975""","=""0.0021""","=""4*""","=""""",,"=""33569.53""","=""51856.10""","=""""","=""""","=""4""","=""""","=""*""","=""4""",,
"=""546.753""","=""546.7528""","=""0.0021""","=""12""","=""""",,"=""29853.66""","=""48138.38""","=""5d5.(4F).6s""","=""5F""","=""4""","=""""","=""*""","=""5""",,
"=""546.860""","=""""","=""""","=""1""","=""""",,"=""""","=""""","=""""","=""""","=""""","=""""","=""""","=""""",,
"=""546.9092""","=""546.9083""","=""0.0021""","=""15*""","=""""",,"=""28392.70""","=""46672.22""","=""5d5.(2I).6s""","=""3I""","=""6""","=""""","=""*""","=""6""",,
"=""546.9092""","=""546.9089""","=""0.0021""","=""15*""","=""""",,"=""23982.80""","=""42262.30""","=""5d5.(4D).6s""","=""5D""","=""2""","=""""","=""*""","=""1""",,
"=""546.970""","=""546.9703""","=""0.0021""","=""2""","=""""",,"=""28347.60""","=""46625.05""","=""5d5.(4F).6s""","=""5F""","=""3""","=""""","=""*""","=""4""",,
"=""546.9932""","=""546.9948""","=""0.0021""","=""2""","=""""",,"=""32217.91""","=""50494.54""","=""""","=""""","=""3""","=""""","=""*""","=""2""",,
"=""547.102""","=""547.1056""","=""0.0021""","=""2w""","=""""",,"=""28233.44""","=""46506.37""","=""5d5.(4F).6s""","=""5F""","=""5""","=""""","=""*""","=""5""",,
"=""547.150""","=""547.1505""","=""0.0021""","=""3""","=""""",,"=""33201.61""","=""51473.04""","=""5d5.(2G2).6s""","=""3G""","=""5""","=""""","=""*""","=""4""",,
"=""547.2314""","=""547.2320""","=""0.0021""","=""6""","=""""",,"=""23982.80""","=""42251.51""","=""5d5.(4D).6s""","=""5D""","=""2""","=""""","=""*""","=""3""",,
"=""547.5110""","=""547.5110""","=""0.0021""","=""30""","=""""",,"=""28198.90""","=""46458.30""","=""5d4.6s.(6D).6p""","=""5P*""","=""1""","=""5d4.6s.(6D).7s""","=""5D""","=""1""",,
"=""547.6032""","=""547.6010""","=""0.0021""","=""15""","=""""",,"=""27849.80""","=""46106.20""","=""5d5.(2I).6s""","=""3I""","=""5""","=""""","=""*""","=""6""",,
"=""547.7776""","=""547.7798""","=""0.0021""","=""80""","=""2.6e+05""",C,"=""9528.06""","=""27778.50""","=""5d4.6s2""","=""3P2""","=""0""","=""5d4.6s.(6D).6p""","=""5D*""","=""1""",,
"=""547.8656""","=""547.8698""","=""0.0021""","=""3""","=""""",,"=""31389.08""","=""49636.52""","=""5d5.(4G).6s""","=""3G""","=""5""","=""""","=""*""","=""4""",,
"=""547.9229""","=""547.9266""","=""0.0021""","=""10""","=""""",,"=""32826.63""","=""51072.18""","=""""","=""""","=""3""","=""""","=""*""","=""3""",,
"=""548.0617""","=""""","=""""","=""15""","=""""",,"=""""","=""""","=""""","=""""","=""""","=""""","=""""","=""""",,
"=""548.2866""","=""""","=""""","=""2""","=""""",,"=""""","=""""","=""""","=""""","=""""","=""""","=""""","=""""",,
"=""548.3276""","=""548.3338""","=""0.0021""","=""2""","=""""",,"=""27670.48""","=""45902.48""","=""5d5.(4F).6s""","=""5F""","=""1""","=""""","=""*""","=""2""",,
"=""548.4486""","=""""","=""""","=""4""","=""""",,"=""""","=""""","=""""","=""""","=""""","=""""","=""""","=""""",,
"=""548.5312""","=""548.5333""","=""0.0021""","=""2""","=""""",,"=""19827.68""","=""38053.05""","=""5d5.(4P).6s""","=""5P""","=""3""","=""""","=""*""","=""3""",,
"=""548.6006""","=""548.6007""","=""0.0021""","=""60""","=""""",,"=""31432.91""","=""49656.04""","=""5d4.6s.(6D).6p""","=""5F*""","=""4""","=""5d4.6s.(6D).7s""","=""5D""","=""3""",,
"=""548.7766""","=""548.7760""","=""0.0021""","=""40""","=""""",,"=""4830.00""","=""23047.31""","=""5d4.6s2""","=""5D""","=""3""","=""5d4.6s.(6D).6p""","=""7F*""","=""3""",,
"=""548.8466""","=""""","=""""","=""6""","=""""",,"=""""","=""""","=""""","=""""","=""""","=""""","=""""","=""""",,
"=""548.913""","=""548.9137""","=""0.0021""","=""4""","=""""",,"=""19253.56""","=""37466.30""","=""5d4.6s2""","=""3P2""","=""2""","=""""","=""*""","=""2""",,
"=""548.996""","=""548.9960""","=""0.0021""","=""20""","=""""",,"=""29479.32""","=""47689.33""","=""5d4.6s2""","=""3F1""","=""4""","=""""","=""*""","=""4""",,
"=""549.2306""","=""549.2315""","=""0.0021""","=""150""","=""""",,"=""29773.34""","=""47975.54""","=""5d4.6s.(6D).6p""","=""7D*""","=""5""","=""5d4.6s.(6D).7s""","=""7D""","=""4""",,
"=""549.256""","=""549.2590""","=""0.0021""","=""3""","=""""",,"=""16431.31""","=""34632.60""","=""5d4.6s2""","=""3G""","=""4""","=""""","=""*""","=""4""",,
"=""549.2908""","=""549.2925""","=""0.0021""","=""4""","=""""",,"=""20983.02""","=""39183.20""","=""5d5.(4P).6s""","=""5P""","=""2""","=""""","=""*""","=""1""",,
"=""549.5256""","=""549.5286""","=""0.0021""","=""3""","=""""",,"=""31077.80""","=""49270.16""","=""""","=""""","=""2""","=""""","=""*""","=""2""",,
"=""549.6234""","=""549.6250""","=""0.0021""","=""30""","=""4.0e+05""",B,"=""22476.68""","=""40665.85""","=""5d5.(4D).6s""","=""5D""","=""4""","=""""","=""*""","=""3""",,
"=""549.8622""","=""549.8641""","=""0.0021""","=""12""","=""""",,"=""28204.20""","=""46385.46""","=""5d5.(4F).6s""","=""5F""","=""2""","=""""","=""*""","=""3""",,
"=""550.0490""","=""550.0511""","=""0.0021""","=""75""","=""6.9e+05""",C,"=""19826.04""","=""38001.12""","=""5d4.6s2""","=""3G""","=""5""","=""""","=""*""","=""4""",,
"=""550.0996""","=""550.1007""","=""0.0021""","=""10""","=""7.1e+04""",C,"=""19827.68""","=""38001.12""","=""5d5.(4P).6s""","=""5P""","=""3""","=""""","=""*""","=""4""",,
"=""550.147""","=""550.1489""","=""0.0021""","=""5""","=""4.1e+04""",E,"=""18974.51""","=""37146.36""","=""5d5.(4G).6s""","=""5G""","=""3""","=""""","=""*""","=""4""",,
"=""550.344""","=""550.3394""","=""0.0021""","=""100*""","=""""",,"=""32957.58""","=""51123.14""","=""""","=""*""","=""3""","=""5d4.6s.(6D).7s""","=""5D""","=""4""",,
"=""550.344""","=""550.3421""","=""0.0021""","=""100*""","=""""",,"=""29912.85""","=""48078.32""","=""5d4.6s.(6D).6p""","=""5D*""","=""3""","=""5d4.6s.(6D).7s""","=""5D""","=""2""",,
"=""550.344""","=""550.3503""","=""0.0021""","=""100*""","=""""",,"=""14976.18""","=""33141.38""","=""5d4.6s2""","=""3D""","=""2""","=""""","=""*""","=""2""",,
"=""550.648""","=""550.6549""","=""0.0021""","=""12""","=""""",,"=""32378.40""","=""50533.55""","=""5d5.(2D3).6s""","=""3D""","=""1""","=""""","=""*""","=""1""",,
"=""550.8474""","=""550.8506""","=""0.0021""","=""4""","=""""",,"=""32135.94""","=""50284.64""","=""5d5.(4G).6s""","=""3G""","=""4""","=""""","=""*""","=""4""",,
"=""550.861""","=""550.8628""","=""0.0021""","=""20""","=""""",,"=""20427.84""","=""38576.14""","=""5d5.(4P).6s""","=""5P""","=""1""","=""""","=""*""","=""0""",,
"=""551.281""","=""551.2850""","=""0.0021""","=""1""","=""""",,"=""34302.04""","=""52436.44""","=""5d5.(2G2).6s""","=""3G""","=""4""","=""""","=""*""","=""4""",,
"=""551.4676""","=""551.4684""","=""0.0021""","=""300""","=""7.3e+05""",C,"=""3325.53""","=""21453.90""","=""5d4.6s2""","=""5D""","=""2""","=""5d4.6s.(6D).6p""","=""7D*""","=""1""",,
"=""551.506""","=""""","=""""","=""3""","=""""",,"=""""","=""""","=""""","=""""","=""""","=""""","=""""","=""""",,
"=""551.520""","=""""","=""""","=""2""","=""""",,"=""""","=""""","=""""","=""""","=""""","=""""","=""""","=""""",,
"=""551.880""","=""551.8766""","=""0.0021""","=""1w""","=""""",,"=""29853.66""","=""47968.62""","=""5d5.(4F).6s""","=""5F""","=""4""","=""""","=""*""","=""4""",,
"=""551.9135""","=""551.9138""","=""0.0021""","=""2""","=""""",,"=""33944.06""","=""52057.80""","=""""","=""*""","=""2""","=""""","=""""","=""1""",,
"=""552.1004""","=""552.0991""","=""0.0021""","=""10""","=""4.7e+05""",B,"=""18082.83""","=""36190.49""","=""5d4.6s2""","=""3D""","=""1""","=""""","=""*""","=""1""",,
"=""552.5276""","=""552.5287""","=""0.0021""","=""1w""","=""""",,"=""28291.88""","=""46385.46""","=""5d5.(2F1).6s""","=""3F""","=""3""","=""""","=""*""","=""3""",,
"=""552.6644""","=""552.6650""","=""0.0021""","=""2w""","=""""",,"=""33201.61""","=""51290.73""","=""5d5.(2G2).6s""","=""3G""","=""5""","=""""","=""*""","=""5""",,
"=""552.8090""","=""552.8108""","=""0.0021""","=""6""","=""1.1e+04""",D,"=""13348.56""","=""31432.91""","=""5d4.6s2""","=""3G""","=""3""","=""5d4.6s.(6D).6p""","=""5F*""","=""4""",,
"=""553.1384""","=""553.1380""","=""0.0021""","=""30""","=""6.8e+05""",B,"=""18116.84""","=""36190.49""","=""5d5.(4G).6s""","=""5G""","=""2""","=""""","=""*""","=""1""",,
"=""553.3026""","=""""","=""""","=""6""","=""""",,"=""""","=""""","=""""","=""""","=""""","=""""","=""""","=""""",,
"=""553.7289""","=""""","=""""","=""3w""","=""""",,"=""""","=""""","=""""","=""""","=""""","=""""","=""""","=""""",,
"=""553.7722""","=""553.7732""","=""0.0021""","=""10""","=""2.2e+05""",C,"=""19256.24""","=""37309.16""","=""5d5.(4G).6s""","=""5G""","=""4""","=""""","=""*""","=""5""",,
"=""553.868""","=""553.8702""","=""0.0021""","=""2""","=""""",,"=""32135.94""","=""50185.70""","=""5d5.(4G).6s""","=""3G""","=""4""","=""""","=""*""","=""3""",,
"=""553.9482""","=""553.9478""","=""0.0021""","=""6""","=""4.8e+05""",B,"=""20983.02""","=""39030.25""","=""5d5.(4P).6s""","=""5P""","=""2""","=""""","=""*""","=""2""",,
"=""553.991""","=""553.9948""","=""0.0021""","=""2""","=""""",,"=""35299.82""","=""53345.52""","=""""","=""""","=""4""","=""""","=""*""","=""3""",,
"=""554.2368""","=""554.2356""","=""0.0022""","=""2""","=""""",,"=""28347.60""","=""46385.46""","=""5d5.(4F).6s""","=""5F""","=""3""","=""""","=""*""","=""3""",,
"=""554.294""","=""554.2967""","=""0.0022""","=""1""","=""""",,"=""28291.88""","=""46327.75""","=""5d5.(2F1).6s""","=""3F""","=""3""","=""""","=""*""","=""2""",,
"=""554.8078""","=""554.8064""","=""0.0022""","=""3w""","=""""",,"=""27849.80""","=""45869.10""","=""5d5.(2I).6s""","=""3I""","=""5""","=""""","=""*""","=""4""",,
"=""555.0319""","=""555.0304""","=""0.0022""","=""4""","=""""",,"=""29430.50""","=""47442.53""","=""""","=""""","=""3""","=""""","=""*""","=""2""",,
"=""555.1012""","=""555.1000""","=""0.0022""","=""5""","=""1.2e+04""",E,"=""17107.01""","=""35116.78""","=""5d4.6s2""","=""3F2""","=""4""","=""""","=""*""","=""4""",,
"=""555.2685""","=""555.2668""","=""0.0022""","=""1""","=""""",,"=""29479.32""","=""47483.68""","=""5d4.6s2""","=""3F1""","=""4""","=""""","=""*""","=""3""",,
"=""555.4112""","=""555.4093""","=""0.0022""","=""4w""","=""""",,"=""22476.68""","=""40476.42""","=""5d5.(4D).6s""","=""5D""","=""4""","=""""","=""*""","=""5""",,
"=""555.4887""","=""555.4883""","=""0.0022""","=""3""","=""""",,"=""29853.66""","=""47850.84""","=""5d5.(4F).6s""","=""5F""","=""4""","=""""","=""*""","=""5""",,
"=""555.5320""","=""555.5303""","=""0.0022""","=""4""","=""""",,"=""23982.80""","=""41978.62""","=""5d5.(4D).6s""","=""5D""","=""2""","=""""","=""*""","=""2""",,
"=""555.9764""","=""555.9758""","=""0.0022""","=""4""","=""""",,"=""14976.18""","=""32957.58""","=""5d4.6s2""","=""3D""","=""2""","=""""","=""*""","=""3""",,
"=""556.212""","=""556.2131""","=""0.0022""","=""3""","=""""",,"=""35943.17""","=""53916.90""","=""""","=""*""","=""3""","=""""","=""""","=""3""",,
"=""556.397""","=""556.3970""","=""0.0022""","=""4w""","=""""",,"=""32217.91""","=""50185.70""","=""""","=""""","=""3""","=""""","=""*""","=""3""",,
"=""556.8086""","=""556.8057""","=""0.0022""","=""10""","=""""",,"=""34228.60""","=""52183.20""","=""""","=""*""","=""3""","=""""","=""""","=""2""",,
"=""557.043""","=""""","=""""","=""3""","=""""",,"=""""","=""""","=""""","=""""","=""""","=""""","=""""","=""""",,
"=""557.199""","=""557.2011""","=""0.0022""","=""2""","=""""",,"=""23930.08""","=""41871.94""","=""5d5.(4D).6s""","=""5D""","=""3""","=""""","=""*""","=""4""",,
"=""557.2822""","=""557.2794""","=""0.0022""","=""3""","=""""",,"=""27849.80""","=""45789.14""","=""5d5.(2I).6s""","=""3I""","=""5""","=""""","=""*""","=""5""",,
"=""557.5812""","=""557.5805""","=""0.0022""","=""4""","=""""",,"=""18974.51""","=""36904.16""","=""5d5.(4G).6s""","=""5G""","=""3""","=""""","=""*""","=""2""",,
"=""557.6318""","=""557.6319""","=""0.0022""","=""6""","=""""",,"=""20427.84""","=""38355.84""","=""5d5.(4P).6s""","=""5P""","=""1""","=""""","=""*""","=""1""",,
"=""557.7945""","=""557.7946""","=""0.0022""","=""1""","=""""",,"=""16431.31""","=""34354.08""","=""5d4.6s2""","=""3G""","=""4""","=""""","=""*""","=""3""",,
"=""557.826""","=""557.8257""","=""0.0022""","=""2""","=""""",,"=""31432.91""","=""49354.68""","=""5d4.6s.(6D).6p""","=""5F*""","=""4""","=""5d4.6s.(6D).7s""","=""7D""","=""5""",,
"=""557.9925""","=""""","=""""","=""5""","=""""",,"=""""","=""""","=""""","=""""","=""""","=""""","=""""","=""""",,
"=""558.400""","=""558.4024""","=""0.0022""","=""3w""","=""""",,"=""24610.88""","=""42514.14""","=""5d4.6s2""","=""1F""","=""3""","=""""","=""*""","=""3""",,
"=""558.509""","=""558.5088""","=""0.0022""","=""1""","=""""",,"=""18974.51""","=""36874.36""","=""5d5.(4G).6s""","=""5G""","=""3""","=""""","=""*""","=""3""",,
"=""558.812""","=""558.8126""","=""0.0022""","=""2""","=""""",,"=""19256.24""","=""37146.36""","=""5d5.(4G).6s""","=""5G""","=""4""","=""""","=""*""","=""4""",,
"=""559.053""","=""559.0532""","=""0.0022""","=""1""","=""""",,"=""29479.32""","=""47361.74""","=""5d4.6s2""","=""3F1""","=""4""","=""""","=""*""","=""3""",,
"=""559.103""","=""559.1017""","=""0.0022""","=""2""","=""""",,"=""29479.32""","=""47360.19""","=""5d4.6s2""","=""3F1""","=""4""","=""""","=""*""","=""4""",,
"=""559.267""","=""559.2674""","=""0.0022""","=""1""","=""""",,"=""26861.64""","=""44737.21""","=""5d5.(2F1).6s""","=""3F""","=""2""","=""""","=""*""","=""1""",,
"=""559.356""","=""559.3554""","=""0.0022""","=""10""","=""""",,"=""28233.44""","=""46106.20""","=""5d5.(4F).6s""","=""5F""","=""5""","=""""","=""*""","=""6""",,
"=""559.437""","=""559.4389""","=""0.0022""","=""1""","=""""",,"=""30374.20""","=""48244.29""","=""5d4.6s2""","=""3F1""","=""2""","=""""","=""*""","=""2""",,
"=""560.1818""","=""560.1816""","=""0.0022""","=""1""","=""""",,"=""19827.68""","=""37674.08""","=""5d5.(4P).6s""","=""5P""","=""3""","=""""","=""*""","=""3""",,
"=""560.431""","=""560.4325""","=""0.0022""","=""40""","=""""",,"=""31817.63""","=""49656.04""","=""""","=""*""","=""2""","=""5d4.6s.(6D).7s""","=""5D""","=""3""",,
"=""560.520""","=""560.5186""","=""0.0022""","=""3""","=""""",,"=""29853.66""","=""47689.33""","=""5d5.(4F).6s""","=""5F""","=""4""","=""""","=""*""","=""4""",,
"=""560.8134""","=""560.8123""","=""0.0022""","=""5""","=""6.4e+04""",C,"=""18116.84""","=""35943.17""","=""5d5.(4G).6s""","=""5G""","=""2""","=""""","=""*""","=""3""",,
"=""561.2303""","=""561.2304""","=""0.0022""","=""4""","=""""",,"=""22852.80""","=""40665.85""","=""5d4.6s2""","=""1G2""","=""4""","=""""","=""*""","=""3""",,
"=""561.516""","=""561.5141""","=""0.0022""","=""2""","=""""",,"=""23930.08""","=""41734.13""","=""5d5.(4D).6s""","=""5D""","=""3""","=""""","=""*""","=""2""",,
"=""561.615""","=""561.6191""","=""0.0022""","=""6""","=""""",,"=""27213.82""","=""45014.54""","=""5d5.(2F1).6s""","=""3F""","=""4""","=""""","=""*""","=""3""",,
"=""561.705""","=""561.7059""","=""0.0022""","=""5""","=""1.47e+05""",C,"=""17701.18""","=""35499.15""","=""5d4.6s2""","=""3F2""","=""3""","=""""","=""*""","=""3""",,
"=""561.726""","=""561.7274""","=""0.0022""","=""5""","=""""",,"=""16431.31""","=""34228.60""","=""5d4.6s2""","=""3G""","=""4""","=""""","=""*""","=""3""",,
"=""561.874""","=""561.8732""","=""0.0022""","=""2""","=""""",,"=""22476.68""","=""40269.35""","=""5d5.(4D).6s""","=""5D""","=""4""","=""""","=""*""","=""3""",,
"=""562.397""","=""562.3957""","=""0.0022""","=""2""","=""""",,"=""28291.88""","=""46068.02""","=""5d5.(2F1).6s""","=""3F""","=""3""","=""""","=""*""","=""3""",,
"=""562.458""","=""562.4587""","=""0.0022""","=""6""","=""7.e+04""",D,"=""19535.01""","=""37309.16""","=""5d5.(4G).6s""","=""5G""","=""5""","=""""","=""*""","=""5""",,
"=""562.967""","=""562.9642""","=""0.0022""","=""8""","=""""",,"=""15069.93""","=""32828.12""","=""5d4.6s2""","=""3H""","=""5""","=""5d4.6s.(6D).6p""","=""5D*""","=""4""",,
"=""562.990""","=""562.9927""","=""0.0022""","=""3""","=""""",,"=""22476.68""","=""40233.97""","=""5d5.(4D).6s""","=""5D""","=""4""","=""""","=""*""","=""4""",,
"=""563.127""","=""563.1256""","=""0.0022""","=""10""","=""""",,"=""33370.04""","=""51123.14""","=""5d4.6s.(6D).6p""","=""5F*""","=""5""","=""5d4.6s.(6D).7s""","=""5D""","=""4""",,
"=""563.194""","=""563.1957""","=""0.0022""","=""20""","=""1.43e+05""",D,"=""12161.96""","=""29912.85""","=""5d4.6s2""","=""3H""","=""4""","=""5d4.6s.(6D).6p""","=""5D*""","=""3""",,
"=""563.550""","=""563.5484""","=""0.0022""","=""5""","=""""",,"=""29853.66""","=""47593.44""","=""5d5.(4F).6s""","=""5F""","=""4""","=""""","=""*""","=""3""",,
"=""563.711""","=""563.7118""","=""0.0022""","=""4""","=""""",,"=""26861.64""","=""44596.28""","=""5d5.(2F1).6s""","=""3F""","=""2""","=""""","=""*""","=""2""",,
"=""563.964""","=""563.9627""","=""0.0022""","=""5""","=""""",,"=""27213.82""","=""44940.57""","=""5d5.(2F1).6s""","=""3F""","=""4""","=""""","=""*""","=""4""",,
"=""564.139""","=""564.1393""","=""0.0022""","=""5""","=""""",,"=""33569.53""","=""51290.73""","=""""","=""""","=""4""","=""""","=""*""","=""5""",,
"=""564.203""","=""564.2049""","=""0.0022""","=""6""","=""""",,"=""1670.29""","=""19389.43""","=""5d4.6s2""","=""5D""","=""1""","=""5d4.6s.(6D).6p""","=""7F*""","=""0""",,
"=""564.385""","=""564.3845""","=""0.0022""","=""1""","=""""",,"=""28392.70""","=""46106.20""","=""5d5.(2I).6s""","=""3I""","=""6""","=""""","=""*""","=""6""",,
"=""564.447""","=""564.4470""","=""0.0022""","=""5""","=""""",,"=""23982.80""","=""41694.34""","=""5d5.(4D).6s""","=""5D""","=""2""","=""""","=""*""","=""3""",,
"=""564.702""","=""564.7027""","=""0.0022""","=""3w""","=""""",,"=""27670.48""","=""45374.00""","=""5d5.(4F).6s""","=""5F""","=""1""","=""""","=""*""","=""1""",,
"=""564.837""","=""564.8348""","=""0.0022""","=""50*""","=""""",,"=""28797.24""","=""46496.62""","=""5d4.6s.(6D).6p""","=""7D*""","=""4""","=""5d4.6s.(6D).7s""","=""7D""","=""3""",,
"=""564.837""","=""564.8408""","=""0.0022""","=""50*""","=""""",,"=""18974.51""","=""36673.70""","=""5d5.(4G).6s""","=""5G""","=""3""","=""""","=""*""","=""2""",,
"=""565.124""","=""565.1225""","=""0.0022""","=""2""","=""1.1e+04""",E,"=""16431.31""","=""34121.68""","=""5d4.6s2""","=""3G""","=""4""","=""""","=""*""","=""4""",,
"=""565.241""","=""565.2410""","=""0.0022""","=""2""","=""""",,"=""23484.78""","=""41171.44""","=""5d4.6s2""","=""1I""","=""6""","=""""","=""*""","=""6""",,
"=""565.410""","=""565.4101""","=""0.0022""","=""3""","=""2.6e+04""",D,"=""15460.01""","=""33141.38""","=""5d4.6s2""","=""3D""","=""3""","=""""","=""*""","=""2""",,
"=""565.700""","=""565.6984""","=""0.0022""","=""3""","=""""",,"=""23455.02""","=""41127.38""","=""5d5.(4D).6s""","=""5D""","=""1""","=""""","=""*""","=""0""",,
"=""565.788""","=""""","=""""","=""2""","=""""",,"=""""","=""""","=""""","=""""","=""""","=""""","=""""","=""""",,
"=""566.007""","=""566.0081""","=""0.0022""","=""6""","=""1.2e+05""",C,"=""18280.48""","=""35943.17""","=""5d5.(6S).6s""","=""5S""","=""2""","=""""","=""*""","=""3""",,
"=""566.072""","=""566.0744""","=""0.0022""","=""20""","=""6.8e+05""",C,"=""19648.54""","=""37309.16""","=""5d5.(4G).6s""","=""5G""","=""6""","=""""","=""*""","=""5""",,
"=""566.330""","=""566.3303""","=""0.0022""","=""3w""","=""""",,"=""32135.94""","=""49788.58""","=""5d5.(4G).6s""","=""3G""","=""4""","=""""","=""*""","=""4""",,
"=""566.398""","=""566.3958""","=""0.0022""","=""3""","=""""",,"=""19253.56""","=""36904.16""","=""5d4.6s2""","=""3P2""","=""2""","=""""","=""*""","=""2""",,
"=""566.433""","=""566.4311""","=""0.0022""","=""8""","=""""",,"=""23455.02""","=""41104.52""","=""5d5.(4D).6s""","=""5D""","=""1""","=""""","=""*""","=""2""",,
"=""566.718""","=""566.7159""","=""0.0022""","=""4""","=""""",,"=""24610.88""","=""42251.51""","=""5d4.6s2""","=""1F""","=""3""","=""""","=""*""","=""3""",,
"=""567.056""","=""567.0570""","=""0.0023""","=""1""","=""""",,"=""29853.66""","=""47483.68""","=""5d5.(4F).6s""","=""5F""","=""4""","=""""","=""*""","=""3""",,
"=""567.353""","=""567.3537""","=""0.0023""","=""5""","=""4.6e+05""",C,"=""19253.56""","=""36874.36""","=""5d4.6s2""","=""3P2""","=""2""","=""""","=""*""","=""3""",,
"=""567.439""","=""567.4400""","=""0.0023""","=""10""","=""1.77e+06""",B,"=""19256.24""","=""36874.36""","=""5d5.(4G).6s""","=""5G""","=""4""","=""""","=""*""","=""3""",,
"=""567.537""","=""567.5366""","=""0.0023""","=""5""","=""2.20e+05""",C,"=""18116.84""","=""35731.96""","=""5d5.(4G).6s""","=""5G""","=""2""","=""""","=""*""","=""2""",,
"=""567.660""","=""567.6581""","=""0.0023""","=""6""","=""""",,"=""19535.01""","=""37146.36""","=""5d5.(4G).6s""","=""5G""","=""5""","=""""","=""*""","=""4""",,
"=""567.690""","=""567.6894""","=""0.0023""","=""8""","=""""",,"=""17701.18""","=""35311.56""","=""5d4.6s2""","=""3F2""","=""3""","=""""","=""*""","=""2""",,
"=""567.890""","=""""","=""""","=""4""","=""""",,"=""""","=""""","=""""","=""""","=""""","=""""","=""""","=""""",,
"=""567.964""","=""567.9645""","=""0.0023""","=""3""","=""""",,"=""27849.80""","=""45451.65""","=""5d5.(2I).6s""","=""3I""","=""5""","=""""","=""*""","=""5""",,
"=""568.008""","=""568.0113""","=""0.0023""","=""4""","=""""",,"=""23982.80""","=""41583.20""","=""5d5.(4D).6s""","=""5D""","=""2""","=""""","=""*""","=""2""",,
"=""568.968""","=""568.9698""","=""0.0023""","=""2""","=""""",,"=""28720.88""","=""46291.63""","=""5d5.(4P).6s""","=""3P""","=""1""","=""""","=""*""","=""1""",,
"=""569.013""","=""569.0151""","=""0.0023""","=""3""","=""""",,"=""23930.08""","=""41499.43""","=""5d5.(4D).6s""","=""5D""","=""3""","=""""","=""*""","=""3""",,
"=""569.373""","=""""","=""""","=""4w""","=""""",,"=""""","=""""","=""""","=""""","=""""","=""""","=""""","=""""",,
"=""569.456""","=""569.4576""","=""0.0023""","=""3""","=""""",,"=""28233.44""","=""45789.14""","=""5d5.(4F).6s""","=""5F""","=""5""","=""""","=""*""","=""5""",,
"=""569.506""","=""569.5108""","=""0.0023""","=""3""","=""""",,"=""34302.04""","=""51856.10""","=""5d5.(2G2).6s""","=""3G""","=""4""","=""""","=""*""","=""4""",,
"=""569.779""","=""569.7799""","=""0.0023""","=""10""","=""2.8e+05""",C,"=""13777.71""","=""31323.48""","=""5d4.6s2""","=""3F2""","=""2""","=""""","=""*""","=""1""",,
"=""570.437""","=""570.436""","=""0.003""","=""4""","=""""",,"=""17107.01""","=""34632.60""","=""5d4.6s2""","=""3F2""","=""4""","=""""","=""*""","=""4""",,
"=""570.571""","=""570.569""","=""0.003""","=""5""","=""""",,"=""28347.60""","=""45869.10""","=""5d5.(4F).6s""","=""5F""","=""3""","=""""","=""*""","=""4""",,
"=""570.729""","=""570.728""","=""0.003""","=""1""","=""""",,"=""23982.80""","=""41499.43""","=""5d5.(4D).6s""","=""5D""","=""2""","=""""","=""*""","=""3""",,
"=""570.800""","=""570.805""","=""0.003""","=""2""","=""""",,"=""33291.80""","=""50806.07""","=""5d5.(2I).6s""","=""1I""","=""6""","=""""","=""*""","=""5""",,
"=""570.905""","=""570.905""","=""0.003""","=""4w""","=""""",,"=""37146.36""","=""54657.56""","=""""","=""*""","=""4""","=""""","=""""","=""3""",,
"=""571.247""","=""571.251""","=""0.003""","=""3""","=""""",,"=""32135.94""","=""49636.52""","=""5d5.(4G).6s""","=""3G""","=""4""","=""""","=""*""","=""4""",,
"=""571.538""","=""571.537""","=""0.003""","=""4*""","=""""",,"=""26861.64""","=""44353.46""","=""5d5.(2F1).6s""","=""3F""","=""2""","=""""","=""*""","=""1""",,
"=""571.538""","=""571.542""","=""0.003""","=""4*""","=""""",,"=""30586.64""","=""48078.32""","=""5d4.6s.(6D).6p""","=""5P*""","=""3""","=""5d4.6s.(6D).7s""","=""5D""","=""2""",,
"=""571.818""","=""571.822""","=""0.003""","=""2""","=""""",,"=""19826.04""","=""37309.16""","=""5d4.6s2""","=""3G""","=""5""","=""""","=""*""","=""5""",,
"=""572.110""","=""572.111""","=""0.003""","=""2""","=""""",,"=""35299.82""","=""52774.10""","=""""","=""""","=""4""","=""""","=""*""","=""5""",,
"=""572.135""","=""572.137""","=""0.003""","=""1""","=""""",,"=""28204.20""","=""45677.69""","=""5d5.(4F).6s""","=""5F""","=""2""","=""""","=""*""","=""3""",,
"=""572.188""","=""572.189""","=""0.003""","=""1""","=""""",,"=""39361.01""","=""56832.90""","=""""","=""*""","=""5""","=""""","=""""","=""6""",,
"=""572.305""","=""572.304""","=""0.003""","=""8""","=""""",,"=""25983.60""","=""43451.98""","=""5d4.6s.(6D).6p""","=""5F*""","=""1""","=""5d4.6s.(6D).7s""","=""7D""","=""1""",,
"=""572.454""","=""572.452""","=""0.003""","=""1w""","=""""",,"=""34719.33""","=""52183.20""","=""""","=""*""","=""1""","=""""","=""""","=""2""",,
"=""572.643""","=""572.644""","=""0.003""","=""2""","=""""",,"=""32826.63""","=""50284.64""","=""""","=""""","=""3""","=""""","=""*""","=""4""",,
"=""572.856""","=""572.858""","=""0.003""","=""4""","=""1.0e+05""",D,"=""18280.48""","=""35731.96""","=""5d5.(6S).6s""","=""5S""","=""2""","=""""","=""*""","=""2""",,
"=""573.509""","=""573.507""","=""0.003""","=""50""","=""""",,"=""27488.11""","=""44919.84""","=""5d5.(6S).6p""","=""7P*""","=""3""","=""5d4.6s.(6D).7s""","=""7D""","=""2""",,
"=""573.887""","=""573.889""","=""0.003""","=""3""","=""""",,"=""19253.56""","=""36673.70""","=""5d4.6s2""","=""3P2""","=""2""","=""""","=""*""","=""2""",,
"=""573.960""","=""573.959""","=""0.003""","=""10""","=""""",,"=""32238.02""","=""49656.04""","=""""","=""*""","=""3""","=""5d4.6s.(6D).7s""","=""5D""","=""3""",,
"=""574.006""","=""574.007""","=""0.003""","=""2""","=""""",,"=""22852.80""","=""40269.35""","=""5d4.6s2""","=""1G2""","=""4""","=""""","=""*""","=""3""",,
"=""574.112""","=""574.112""","=""0.003""","=""4""","=""""",,"=""23455.02""","=""40868.40""","=""5d5.(4D).6s""","=""5D""","=""1""","=""""","=""*""","=""2""",,
"=""574.727""","=""574.726""","=""0.003""","=""8w""","=""""",,"=""30683.54""","=""48078.32""","=""""","=""*""","=""1""","=""5d4.6s.(6D).7s""","=""5D""","=""2""",,
"=""574.924""","=""574.920""","=""0.003""","=""20""","=""""",,"=""30586.64""","=""47975.54""","=""5d4.6s.(6D).6p""","=""5P*""","=""3""","=""5d4.6s.(6D).7s""","=""7D""","=""4""",,
"=""575.022""","=""575.022""","=""0.003""","=""4""","=""""",,"=""28291.88""","=""45677.69""","=""5d5.(2F1).6s""","=""3F""","=""3""","=""""","=""*""","=""3""",,
"=""575.137""","=""575.138""","=""0.003""","=""2""","=""1.76e+04""",D,"=""18116.84""","=""35499.15""","=""5d5.(4G).6s""","=""5G""","=""2""","=""""","=""*""","=""3""",,
"=""575.265""","=""575.267""","=""0.003""","=""3""","=""""",,"=""32135.94""","=""49514.34""","=""5d5.(4G).6s""","=""3G""","=""4""","=""""","=""*""","=""3""",,
"=""575.334""","=""575.332""","=""0.003""","=""4w""","=""""",,"=""13307.10""","=""30683.54""","=""5d4.6s2""","=""3P2""","=""1""","=""""","=""*""","=""1""",,
"=""575.385""","=""""","=""""","=""6""","=""""",,"=""""","=""""","=""""","=""""","=""""","=""""","=""""","=""""",,
"=""575.457""","=""575.452""","=""0.003""","=""5""","=""""",,"=""20983.02""","=""38355.84""","=""5d5.(4P).6s""","=""5P""","=""2""","=""""","=""*""","=""1""",,
"=""575.610""","=""575.608""","=""0.003""","=""8""","=""""",,"=""15460.01""","=""32828.12""","=""5d4.6s2""","=""3D""","=""3""","=""5d4.6s.(6D).6p""","=""5D*""","=""4""",,
"=""575.965""","=""575.960""","=""0.003""","=""10""","=""""",,"=""29139.12""","=""46496.62""","=""5d4.6s.(6D).6p""","=""5F*""","=""3""","=""5d4.6s.(6D).7s""","=""7D""","=""3""",,
"=""576.340""","=""576.338""","=""0.003""","=""3w""","=""""",,"=""20427.84""","=""37773.96""","=""5d5.(4P).6s""","=""5P""","=""1""","=""""","=""*""","=""1""",,
"=""576.776""","=""576.776""","=""0.003""","=""2w""","=""""",,"=""27213.82""","=""44546.76""","=""5d5.(2F1).6s""","=""3F""","=""4""","=""""","=""*""","=""5""",,
"=""576.874""","=""576.871""","=""0.003""","=""2""","=""""",,"=""28347.60""","=""45677.69""","=""5d5.(4F).6s""","=""5F""","=""3""","=""""","=""*""","=""3""",,
"=""577.198""","=""577.196""","=""0.003""","=""6""","=""9.6e+04""",D,"=""19826.04""","=""37146.36""","=""5d4.6s2""","=""3G""","=""5""","=""""","=""*""","=""4""",,
"=""577.348""","=""577.348""","=""0.003""","=""5""","=""""",,"=""23455.02""","=""40770.78""","=""5d5.(4D).6s""","=""5D""","=""1""","=""""","=""*""","=""1""",,
"=""578.476""","=""578.478""","=""0.003""","=""3""","=""""",,"=""32135.94""","=""49417.90""","=""5d5.(4G).6s""","=""3G""","=""4""","=""""","=""*""","=""3""",,
"=""578.981""","=""578.980""","=""0.003""","=""4""","=""""",,"=""27849.80""","=""45116.77""","=""5d5.(2I).6s""","=""3I""","=""5""","=""""","=""*""","=""4""",,
"=""579.133""","=""579.131""","=""0.003""","=""3""","=""""",,"=""29195.84""","=""46458.30""","=""5d4.6s.(6D).6p""","=""5D*""","=""2""","=""5d4.6s.(6D).7s""","=""5D""","=""1""",,
"=""579.180""","=""579.178""","=""0.003""","=""1w""","=""""",,"=""24610.88""","=""41871.94""","=""5d4.6s2""","=""1F""","=""3""","=""""","=""*""","=""4""",,
"=""579.234""","=""579.232""","=""0.003""","=""1w""","=""""",,"=""28291.88""","=""45551.32""","=""5d5.(2F1).6s""","=""3F""","=""3""","=""""","=""*""","=""3""",,
"=""579.265""","=""""","=""""","=""3w""","=""""",,"=""""","=""""","=""""","=""""","=""""","=""""","=""""","=""""",,
"=""579.306""","=""579.304""","=""0.003""","=""10""","=""""",,"=""27662.52""","=""44919.84""","=""5d4.6s.(6D).6p""","=""5F*""","=""2""","=""5d4.6s.(6D).7s""","=""7D""","=""2""",,
"=""579.649""","=""579.648""","=""0.003""","=""8""","=""2.21e+05""",C,"=""17107.01""","=""34354.08""","=""5d4.6s2""","=""3F2""","=""4""","=""""","=""*""","=""3""",,
"=""579.775""","=""579.775""","=""0.003""","=""2""","=""""",,"=""22476.68""","=""39719.96""","=""5d5.(4D).6s""","=""5D""","=""4""","=""""","=""*""","=""4""",,
"=""579.951""","=""579.950""","=""0.003""","=""5""","=""4.e+04""",E,"=""13348.56""","=""30586.64""","=""5d4.6s2""","=""3G""","=""3""","=""5d4.6s.(6D).6p""","=""5P*""","=""3""",,
"=""580.113""","=""580.114""","=""0.003""","=""1""","=""""",,"=""27213.82""","=""44447.02""","=""5d5.(2F1).6s""","=""3F""","=""4""","=""""","=""*""","=""3""",,
"=""580.304""","=""580.304""","=""0.003""","=""3""","=""""",,"=""33201.61""","=""50429.18""","=""5d5.(2G2).6s""","=""3G""","=""5""","=""""","=""*""","=""6""",,
"=""580.446""","=""580.446""","=""0.003""","=""2""","=""""",,"=""20983.02""","=""38206.38""","=""5d5.(4P).6s""","=""5P""","=""2""","=""""","=""*""","=""3""",,
"=""580.485""","=""580.485""","=""0.003""","=""40""","=""""",,"=""26229.77""","=""43451.98""","=""5d5.(6S).6p""","=""7P*""","=""2""","=""5d4.6s.(6D).7s""","=""7D""","=""1""",,
"=""580.605""","=""580.604""","=""0.003""","=""3""","=""6.9e+04""",C,"=""18280.48""","=""35499.15""","=""5d5.(6S).6s""","=""5S""","=""2""","=""""","=""*""","=""3""",,
"=""580.624""","=""580.625""","=""0.003""","=""6""","=""""",,"=""28204.20""","=""45422.26""","=""5d5.(4F).6s""","=""5F""","=""2""","=""""","=""*""","=""2""",,
"=""581.046""","=""581.043""","=""0.003""","=""1""","=""""",,"=""28898.96""","=""46104.62""","=""5d4.6s2""","=""3P1""","=""2""","=""""","=""*""","=""1""",,
"=""581.414""","=""581.413""","=""0.003""","=""2""","=""""",,"=""18116.84""","=""35311.56""","=""5d5.(4G).6s""","=""5G""","=""2""","=""""","=""*""","=""2""",,
"=""581.536""","=""581.530""","=""0.003""","=""1""","=""""",,"=""37466.30""","=""54657.56""","=""""","=""*""","=""2""","=""""","=""""","=""3""",,
"=""581.857""","=""581.857""","=""0.003""","=""1""","=""""",,"=""28720.88""","=""45902.48""","=""5d5.(4P).6s""","=""3P""","=""1""","=""""","=""*""","=""2""",,
"=""582.100""","=""582.099""","=""0.003""","=""4""","=""""",,"=""23930.08""","=""41104.52""","=""5d5.(4D).6s""","=""5D""","=""3""","=""""","=""*""","=""2""",,
"=""582.213""","=""582.216""","=""0.003""","=""1""","=""""",,"=""34302.04""","=""51473.04""","=""5d5.(2G2).6s""","=""3G""","=""4""","=""""","=""*""","=""4""",,
"=""582.260""","=""582.259""","=""0.003""","=""10""","=""1.07e+06""",B,"=""22476.68""","=""39646.41""","=""5d5.(4D).6s""","=""5D""","=""4""","=""""","=""*""","=""3""",,
"=""582.610""","=""582.611""","=""0.003""","=""2""","=""""",,"=""26861.64""","=""44021.00""","=""5d5.(2F1).6s""","=""3F""","=""2""","=""""","=""*""","=""3""",,
"=""583.226""","=""583.223""","=""0.003""","=""5""","=""""",,"=""27778.50""","=""44919.84""","=""5d4.6s.(6D).6p""","=""5D*""","=""1""","=""5d4.6s.(6D).7s""","=""7D""","=""2""",,
"=""583.361""","=""583.358""","=""0.003""","=""8""","=""""",,"=""22476.68""","=""39614.05""","=""5d5.(4D).6s""","=""5D""","=""4""","=""""","=""*""","=""5""",,
"=""583.594""","=""583.596""","=""0.003""","=""1""","=""""",,"=""28291.88""","=""45422.26""","=""5d5.(2F1).6s""","=""3F""","=""3""","=""""","=""*""","=""2""",,
"=""583.897""","=""583.896""","=""0.003""","=""8""","=""""",,"=""17107.01""","=""34228.60""","=""5d4.6s2""","=""3F2""","=""4""","=""""","=""*""","=""3""",,
"=""584.168""","=""584.169""","=""0.003""","=""2""","=""""",,"=""26861.64""","=""43975.22""","=""5d5.(2F1).6s""","=""3F""","=""2""","=""""","=""*""","=""2""",,
"=""584.370""","=""584.367""","=""0.003""","=""1w""","=""""",,"=""18974.51""","=""36082.30""","=""5d5.(4G).6s""","=""5G""","=""3""","=""""","=""*""","=""4""",,
"=""584.527""","=""584.523""","=""0.003""","=""10""","=""""",,"=""29393.40""","=""46496.62""","=""5d4.6s.(6D).6p""","=""5P*""","=""2""","=""5d4.6s.(6D).7s""","=""7D""","=""3""",,
"=""584.881""","=""584.881""","=""0.003""","=""2""","=""""",,"=""31077.80""","=""48170.55""","=""""","=""""","=""2""","=""""","=""*""","=""3""",,
"=""584.952""","=""584.949""","=""0.003""","=""4""","=""""",,"=""27849.80""","=""44940.57""","=""5d5.(2I).6s""","=""3I""","=""5""","=""""","=""*""","=""4""",,
"=""585.158""","=""585.157""","=""0.003""","=""10""","=""""",,"=""26367.28""","=""43451.98""","=""""","=""*""","=""2""","=""5d4.6s.(6D).7s""","=""7D""","=""1""",,
"=""585.439""","=""585.439""","=""0.003""","=""5""","=""""",,"=""19827.68""","=""36904.16""","=""5d5.(4P).6s""","=""5P""","=""3""","=""""","=""*""","=""2""",,
"=""585.661""","=""585.660""","=""0.003""","=""6""","=""""",,"=""20983.02""","=""38053.05""","=""5d5.(4P).6s""","=""5P""","=""2""","=""""","=""*""","=""3""",,
"=""585.770""","=""585.773""","=""0.003""","=""2""","=""""",,"=""27670.48""","=""44737.21""","=""5d5.(4F).6s""","=""5F""","=""1""","=""""","=""*""","=""1""",,
"=""585.822""","=""585.822""","=""0.003""","=""4""","=""""",,"=""32378.40""","=""49443.70""","=""5d5.(2D3).6s""","=""3D""","=""1""","=""""","=""*""","=""1""",,
"=""586.042""","=""586.040""","=""0.003""","=""1""","=""""",,"=""28392.70""","=""45451.65""","=""5d5.(2I).6s""","=""3I""","=""6""","=""""","=""*""","=""5""",,
"=""586.275""","=""586.280""","=""0.003""","=""1""","=""""",,"=""32135.94""","=""49187.92""","=""5d5.(4G).6s""","=""3G""","=""4""","=""""","=""*""","=""5""",,
"=""586.416""","=""586.413""","=""0.003""","=""1""","=""""",,"=""39719.96""","=""56768.06""","=""""","=""*""","=""4""","=""""","=""""","=""5""",,
"=""586.463""","=""586.462""","=""0.003""","=""12""","=""1.60e+06""",B,"=""19827.68""","=""36874.36""","=""5d5.(4P).6s""","=""5P""","=""3""","=""""","=""*""","=""3""",,
"=""586.602""","=""586.604""","=""0.003""","=""1w""","=""""",,"=""36874.36""","=""53916.90""","=""""","=""*""","=""3""","=""""","=""""","=""3""",,
"=""586.746""","=""586.745""","=""0.003""","=""1""","=""""",,"=""20427.84""","=""37466.30""","=""5d5.(4P).6s""","=""5P""","=""1""","=""""","=""*""","=""2""",,
"=""587.003""","=""586.999""","=""0.003""","=""4*""","=""""",,"=""18280.48""","=""35311.56""","=""5d5.(6S).6s""","=""5S""","=""2""","=""""","=""*""","=""2""",,
"=""587.003""","=""587.003""","=""0.003""","=""4*""","=""""",,"=""26861.64""","=""43892.62""","=""5d5.(2F1).6s""","=""3F""","=""2""","=""""","=""*""","=""1""",,
"=""587.065""","=""587.067""","=""0.003""","=""1""","=""""",,"=""28233.44""","=""45262.55""","=""5d5.(4F).6s""","=""5F""","=""5""","=""""","=""*""","=""4""",,
"=""587.137""","=""587.138""","=""0.003""","=""1""","=""""",,"=""29479.32""","=""46506.37""","=""5d4.6s2""","=""3F1""","=""4""","=""""","=""*""","=""5""",,
"=""587.164""","=""587.163""","=""0.003""","=""4w""","=""""",,"=""28198.90""","=""45225.22""","=""5d4.6s.(6D).6p""","=""5P*""","=""1""","=""5d4.6s.(6D).7s""","=""5D""","=""0""",,
"=""587.422""","=""587.421""","=""0.003""","=""6""","=""""",,"=""19256.24""","=""36275.10""","=""5d5.(4G).6s""","=""5G""","=""4""","=""""","=""*""","=""5""",,
"=""587.569""","=""587.565""","=""0.003""","=""5""","=""3.9e+04""",D,"=""17107.01""","=""34121.68""","=""5d4.6s2""","=""3F2""","=""4""","=""""","=""*""","=""4""",,
"=""587.628""","=""587.632""","=""0.003""","=""2""","=""""",,"=""36904.16""","=""53916.90""","=""""","=""*""","=""2""","=""""","=""""","=""3""",,
"=""587.944""","=""587.951""","=""0.003""","=""1""","=""""",,"=""28898.96""","=""45902.48""","=""5d4.6s2""","=""3P1""","=""2""","=""""","=""*""","=""2""",,
"=""587.969""","=""""","=""""","=""2""","=""""",,"=""""","=""""","=""""","=""""","=""""","=""""","=""""","=""""",,
"=""588.021""","=""588.022""","=""0.003""","=""10""","=""""",,"=""34121.68""","=""51123.14""","=""""","=""*""","=""4""","=""5d4.6s.(6D).7s""","=""5D""","=""4""",,
"=""588.282""","=""588.289""","=""0.003""","=""1""","=""""",,"=""23930.08""","=""40923.83""","=""5d5.(4D).6s""","=""5D""","=""3""","=""""","=""*""","=""3""",,
"=""588.317""","=""""","=""""","=""2""","=""""",,"=""""","=""""","=""""","=""""","=""""","=""""","=""""","=""""",,
"=""588.348""","=""""","=""""","=""2""","=""""",,"=""""","=""""","=""""","=""""","=""""","=""""","=""""","=""""",,
"=""588.462""","=""588.464""","=""0.003""","=""4""","=""""",,"=""34302.04""","=""51290.73""","=""5d5.(2G2).6s""","=""3G""","=""4""","=""""","=""*""","=""5""",,
"=""588.496""","=""588.504""","=""0.003""","=""1""","=""""",,"=""30374.20""","=""47361.74""","=""5d4.6s2""","=""3F1""","=""2""","=""""","=""*""","=""3""",,
"=""588.865""","=""588.863""","=""0.003""","=""1""","=""""",,"=""12161.96""","=""29139.12""","=""5d4.6s2""","=""3H""","=""4""","=""5d4.6s.(6D).6p""","=""5F*""","=""3""",,
"=""589.032""","=""589.031""","=""0.003""","=""5""","=""""",,"=""24610.88""","=""41583.20""","=""5d4.6s2""","=""1F""","=""3""","=""""","=""*""","=""2""",,
"=""589.161""","=""589.158""","=""0.003""","=""8""","=""1.47e+05""",C,"=""18974.51""","=""35943.17""","=""5d5.(4G).6s""","=""5G""","=""3""","=""""","=""*""","=""3""",,
"=""589.334""","=""589.335""","=""0.003""","=""1""","=""""",,"=""30374.20""","=""47337.79""","=""5d4.6s2""","=""3F1""","=""2""","=""""","=""*""","=""2""",,
"=""589.598""","=""589.595""","=""0.003""","=""1""","=""""",,"=""23455.02""","=""40411.12""","=""5d5.(4D).6s""","=""5D""","=""1""","=""""","=""*""","=""1""",,
"=""590.002""","=""590.000""","=""0.003""","=""1""","=""""",,"=""24789.66""","=""41734.13""","=""5d4.6s2""","=""1D2""","=""2""","=""""","=""*""","=""2""",,
"=""590.120""","=""590.119""","=""0.003""","=""8""","=""""",,"=""23982.80""","=""40923.83""","=""5d5.(4D).6s""","=""5D""","=""2""","=""""","=""*""","=""3""",,
"=""590.200""","=""590.199""","=""0.003""","=""4""","=""1.39e+04""",C,"=""16431.31""","=""33370.04""","=""5d4.6s2""","=""3G""","=""4""","=""5d4.6s.(6D).6p""","=""5F*""","=""5""",,
"=""590.230""","=""590.227""","=""0.003""","=""4""","=""""",,"=""32135.94""","=""49073.88""","=""5d5.(4G).6s""","=""3G""","=""4""","=""""","=""*""","=""5""",,
"=""590.264""","=""590.262""","=""0.003""","=""20""","=""1.36e+06""",B,"=""19253.56""","=""36190.49""","=""5d4.6s2""","=""3P2""","=""2""","=""""","=""*""","=""1""",,
"=""590.457""","=""590.454""","=""0.003""","=""1""","=""""",,"=""17701.18""","=""34632.60""","=""5d4.6s2""","=""3F2""","=""3""","=""""","=""*""","=""4""",,
"=""590.505""","=""590.502""","=""0.003""","=""4""","=""""",,"=""32217.91""","=""49147.95""","=""""","=""""","=""3""","=""""","=""*""","=""4""",,
"=""590.652""","=""590.650""","=""0.003""","=""2w""","=""""",,"=""27670.48""","=""44596.28""","=""5d5.(4F).6s""","=""5F""","=""1""","=""""","=""*""","=""2""",,
"=""590.676""","=""""","=""""","=""2""","=""""",,"=""""","=""""","=""""","=""""","=""""","=""""","=""""","=""""",,
"=""591.032""","=""591.029""","=""0.003""","=""2""","=""""",,"=""28347.60""","=""45262.55""","=""5d5.(4F).6s""","=""5F""","=""3""","=""""","=""*""","=""4""",,
"=""591.339""","=""591.337""","=""0.003""","=""5""","=""""",,"=""29479.32""","=""46385.46""","=""5d4.6s2""","=""3F1""","=""4""","=""""","=""*""","=""3""",,
"=""591.392""","=""591.388""","=""0.003""","=""3""","=""""",,"=""24789.66""","=""41694.34""","=""5d4.6s2""","=""1D2""","=""2""","=""""","=""*""","=""3""",,
"=""591.742""","=""591.743""","=""0.003""","=""3w""","=""""",,"=""34228.60""","=""51123.14""","=""""","=""*""","=""3""","=""5d4.6s.(6D).7s""","=""5D""","=""4""",,
"=""591.966""","=""""","=""""","=""3w""","=""""",,"=""""","=""""","=""""","=""""","=""""","=""""","=""""","=""""",,
"=""592.060""","=""592.057""","=""0.003""","=""4*""","=""""",,"=""23982.80""","=""40868.40""","=""5d5.(4D).6s""","=""5D""","=""2""","=""""","=""*""","=""2""",,
"=""592.060""","=""592.061""","=""0.003""","=""4*""","=""""",,"=""35116.78""","=""52002.25""","=""""","=""*""","=""4""","=""""","=""""","=""3""",,
"=""592.105""","=""592.101""","=""0.003""","=""3""","=""""",,"=""22476.68""","=""39361.01""","=""5d5.(4D).6s""","=""5D""","=""4""","=""""","=""*""","=""5""",,
"=""592.137""","=""592.136""","=""0.003""","=""3""","=""""",,"=""28233.44""","=""45116.77""","=""5d5.(4F).6s""","=""5F""","=""5""","=""""","=""*""","=""4""",,
"=""592.187""","=""""","=""""","=""1""","=""""",,"=""""","=""""","=""""","=""""","=""""","=""""","=""""","=""""",,
"=""592.207""","=""592.206""","=""0.003""","=""1""","=""""",,"=""30374.20""","=""47255.55""","=""5d4.6s2""","=""3F1""","=""2""","=""""","=""*""","=""1""",,
"=""592.705""","=""592.704""","=""0.003""","=""3""","=""""",,"=""22852.80""","=""39719.96""","=""5d4.6s2""","=""1G2""","=""4""","=""""","=""*""","=""4""",,
"=""592.858""","=""592.856""","=""0.003""","=""10""","=""""",,"=""22773.78""","=""39636.62""","=""5d5.(4D).6s""","=""5D""","=""0""","=""""","=""*""","=""1""",,
"=""592.893""","=""592.891""","=""0.003""","=""1""","=""""",,"=""28898.96""","=""45760.80""","=""5d4.6s2""","=""3P1""","=""2""","=""""","=""*""","=""1""",,
"=""593.113""","=""593.108""","=""0.003""","=""2""","=""""",,"=""37414.11""","=""54269.77""","=""""","=""""","=""3""","=""""","=""*""","=""3""",,
"=""593.449""","=""593.448""","=""0.003""","=""8""","=""""",,"=""19827.68""","=""36673.70""","=""5d5.(4P).6s""","=""5P""","=""3""","=""""","=""*""","=""2""",,
"=""593.614""","=""593.609""","=""0.003""","=""1""","=""""",,"=""14976.18""","=""31817.63""","=""5d4.6s2""","=""3D""","=""2""","=""""","=""*""","=""2""",,
"=""593.708""","=""""","=""""","=""3""","=""""",,"=""""","=""""","=""""","=""""","=""""","=""""","=""""","=""""",,
"=""594.089""","=""594.084""","=""0.003""","=""10*""","=""""",,"=""6219.33""","=""23047.31""","=""5d4.6s2""","=""5D""","=""4""","=""5d4.6s.(6D).6p""","=""7F*""","=""3""",,
"=""594.089""","=""594.086""","=""0.003""","=""10*""","=""""",,"=""32828.12""","=""49656.04""","=""5d4.6s.(6D).6p""","=""5D*""","=""4""","=""5d4.6s.(6D).7s""","=""5D""","=""3""",,
"=""594.154""","=""594.152""","=""0.003""","=""3""","=""""",,"=""19256.24""","=""36082.30""","=""5d5.(4G).6s""","=""5G""","=""4""","=""""","=""*""","=""4""",,
"=""594.194""","=""594.193""","=""0.003""","=""3""","=""""",,"=""28291.88""","=""45116.77""","=""5d5.(2F1).6s""","=""3F""","=""3""","=""""","=""*""","=""4""",,
"=""594.708""","=""594.707""","=""0.003""","=""8""","=""""",,"=""28204.20""","=""45014.54""","=""5d5.(4F).6s""","=""5F""","=""2""","=""""","=""*""","=""3""",,
"=""594.757""","=""594.757""","=""0.003""","=""30""","=""2.40e+05""",C,"=""13777.71""","=""30586.64""","=""5d4.6s2""","=""3F2""","=""2""","=""5d4.6s.(6D).6p""","=""5P*""","=""3""",,
"=""594.819""","=""594.819""","=""0.003""","=""3""","=""""",,"=""27213.82""","=""44021.00""","=""5d5.(2F1).6s""","=""3F""","=""4""","=""""","=""*""","=""3""",,
"=""594.944""","=""""","=""""","=""4""","=""""",,"=""""","=""""","=""""","=""""","=""""","=""""","=""""","=""""",,
"=""595.396""","=""595.394""","=""0.003""","=""8""","=""""",,"=""20983.02""","=""37773.96""","=""5d5.(4P).6s""","=""5P""","=""2""","=""""","=""*""","=""1""",,
"=""595.619""","=""595.616""","=""0.003""","=""10""","=""1.7e+05""",D,"=""17701.18""","=""34485.86""","=""5d4.6s2""","=""3F2""","=""3""","=""""","=""*""","=""2""",,
"=""595.823""","=""595.828""","=""0.003""","=""1""","=""""",,"=""28898.96""","=""45677.69""","=""5d4.6s2""","=""3P1""","=""2""","=""""","=""*""","=""3""",,
"=""595.853""","=""595.853""","=""0.003""","=""2""","=""""",,"=""15460.01""","=""32238.02""","=""5d4.6s2""","=""3D""","=""3""","=""""","=""*""","=""3""",,
"=""596.083""","=""596.081""","=""0.003""","=""15*""","=""""",,"=""27213.82""","=""43985.41""","=""5d5.(2F1).6s""","=""3F""","=""4""","=""""","=""*""","=""4""",,
"=""596.083""","=""596.088""","=""0.003""","=""15*""","=""""",,"=""29853.66""","=""46625.05""","=""5d5.(4F).6s""","=""5F""","=""4""","=""""","=""*""","=""4""",,
"=""596.448""","=""596.449""","=""0.003""","=""3""","=""""",,"=""22852.80""","=""39614.05""","=""5d4.6s2""","=""1G2""","=""4""","=""""","=""*""","=""5""",,
"=""596.586""","=""596.584""","=""0.003""","=""40""","=""1.0e+06""",C,"=""18974.51""","=""35731.96""","=""5d5.(4G).6s""","=""5G""","=""3""","=""""","=""*""","=""2""",,
"=""597.203""","=""597.203""","=""0.003""","=""3""","=""""",,"=""19535.01""","=""36275.10""","=""5d5.(4G).6s""","=""5G""","=""5""","=""""","=""*""","=""5""",,
"=""597.251""","=""597.250""","=""0.003""","=""25""","=""2.4e+04""",C,"=""3325.53""","=""20064.30""","=""5d4.6s2""","=""5D""","=""2""","=""5d4.6s.(6D).6p""","=""7F*""","=""1""",,
"=""597.340""","=""""","=""""","=""1""","=""""",,"=""""","=""""","=""""","=""""","=""""","=""""","=""""","=""""",,
"=""597.356""","=""597.357""","=""0.003""","=""2""","=""""",,"=""23930.08""","=""40665.85""","=""5d5.(4D).6s""","=""5D""","=""3""","=""""","=""*""","=""3""",,
"=""597.665""","=""597.665""","=""0.003""","=""8""","=""""",,"=""28291.88""","=""45019.02""","=""5d5.(2F1).6s""","=""3F""","=""3""","=""""","=""*""","=""2""",,
"=""597.886""","=""597.887""","=""0.003""","=""15""","=""""",,"=""28198.90""","=""44919.84""","=""5d4.6s.(6D).6p""","=""5P*""","=""1""","=""5d4.6s.(6D).7s""","=""7D""","=""2""",,
"=""598.095""","=""598.095""","=""0.003""","=""2""","=""""",,"=""33569.53""","=""50284.64""","=""""","=""""","=""4""","=""""","=""*""","=""4""",,
"=""598.260""","=""598.263""","=""0.003""","=""2""","=""""",,"=""27213.82""","=""43924.25""","=""5d5.(2F1).6s""","=""3F""","=""4""","=""""","=""*""","=""5""",,
"=""598.382""","=""598.381""","=""0.003""","=""20""","=""""",,"=""28233.44""","=""44940.57""","=""5d5.(4F).6s""","=""5F""","=""5""","=""""","=""*""","=""4""",,
"=""598.450""","=""598.450""","=""0.003""","=""2w""","=""""",,"=""30374.20""","=""47079.40""","=""5d4.6s2""","=""3F1""","=""2""","=""""","=""*""","=""2""",,
"=""598.694""","=""598.692""","=""0.003""","=""6""","=""""",,"=""32957.58""","=""49656.04""","=""""","=""*""","=""3""","=""5d4.6s.(6D).7s""","=""5D""","=""3""",,
"=""598.743""","=""598.743""","=""0.003""","=""12w*""","=""""",,"=""27670.48""","=""44367.50""","=""5d5.(4F).6s""","=""5F""","=""1""","=""""","=""*""","=""2""",,
"=""598.743""","=""598.746""","=""0.003""","=""12w*""","=""""",,"=""27849.80""","=""44546.76""","=""5d5.(2I).6s""","=""3I""","=""5""","=""""","=""*""","=""5""",,
"=""598.959""","=""598.957""","=""0.003""","=""10""","=""""",,"=""20983.02""","=""37674.08""","=""5d5.(4P).6s""","=""5P""","=""2""","=""""","=""*""","=""3""",,
"=""599.011""","=""599.009""","=""0.003""","=""5""","=""6.3e+04""",C,"=""19253.56""","=""35943.17""","=""5d4.6s2""","=""3P2""","=""2""","=""""","=""*""","=""3""",,
"=""599.107""","=""599.105""","=""0.003""","=""3""","=""2.29e+04""",D,"=""19256.24""","=""35943.17""","=""5d5.(4G).6s""","=""5G""","=""4""","=""""","=""*""","=""3""",,
"=""599.215""","=""599.209""","=""0.003""","=""1""","=""""",,"=""35499.15""","=""52183.20""","=""""","=""*""","=""3""","=""""","=""""","=""2""",,
"=""599.246""","=""599.245""","=""0.003""","=""8*""","=""""",,"=""23982.80""","=""40665.85""","=""5d5.(4D).6s""","=""5D""","=""2""","=""""","=""*""","=""3""",,
"=""599.246""","=""599.247""","=""0.003""","=""8*""","=""""",,"=""27670.48""","=""44353.46""","=""5d5.(4F).6s""","=""5F""","=""1""","=""""","=""*""","=""1""",,
"=""599.321""","=""""","=""""","=""2w""","=""""",,"=""""","=""""","=""""","=""""","=""""","=""""","=""""","=""""",,
"=""599.620""","=""""","=""""","=""2""","=""""",,"=""""","=""""","=""""","=""""","=""""","=""""","=""""","=""""",,
"=""599.828""","=""599.824""","=""0.003""","=""3""","=""""",,"=""28347.60""","=""45014.54""","=""5d5.(4F).6s""","=""5F""","=""3""","=""""","=""*""","=""3""",,
"=""600.102""","=""""","=""""","=""2""","=""""",,"=""""","=""""","=""""","=""""","=""""","=""""","=""""","=""""",,
"=""600.321""","=""600.322""","=""0.003""","=""4""","=""""",,"=""28720.88""","=""45374.00""","=""5d5.(4P).6s""","=""3P""","=""1""","=""""","=""*""","=""1""",,
"=""600.901""","=""600.903""","=""0.003""","=""10""","=""""",,"=""27213.82""","=""43850.84""","=""5d5.(2F1).6s""","=""3F""","=""4""","=""""","=""*""","=""3""",,
"=""600.917""","=""600.922""","=""0.003""","=""1""","=""8.7e+04""",C,"=""18082.83""","=""34719.33""","=""5d4.6s2""","=""3D""","=""1""","=""""","=""*""","=""1""",,
"=""600.968""","=""600.966""","=""0.003""","=""8""","=""4.4e+03""",E,"=""12161.96""","=""28797.24""","=""5d4.6s2""","=""3H""","=""4""","=""5d4.6s.(6D).6p""","=""7D*""","=""4""",,
"=""601.278""","=""601.281""","=""0.003""","=""50""","=""""",,"=""19648.54""","=""36275.10""","=""5d5.(4G).6s""","=""5G""","=""6""","=""""","=""*""","=""5""",,
"=""601.564""","=""601.563""","=""0.003""","=""3w""","=""""",,"=""4830.00""","=""21448.76""","=""5d4.6s2""","=""5D""","=""3""","=""5d4.6s.(6D).6p""","=""7F*""","=""2""",,
"=""601.627""","=""601.629""","=""0.003""","=""2""","=""""",,"=""26861.64""","=""43478.58""","=""5d5.(2F1).6s""","=""3F""","=""2""","=""""","=""*""","=""3""",,
"=""601.973""","=""601.973""","=""0.003""","=""3""","=""""",,"=""34302.04""","=""50909.47""","=""5d5.(2G2).6s""","=""3G""","=""4""","=""""","=""*""","=""4""",,
"=""602.152""","=""602.153""","=""0.003""","=""40""","=""6.6e+05""",B,"=""18116.84""","=""34719.33""","=""5d5.(4G).6s""","=""5G""","=""2""","=""""","=""*""","=""1""",,
"=""602.716""","=""602.705""","=""0.003""","=""1*""","=""""",,"=""24610.88""","=""41198.14""","=""5d4.6s2""","=""1F""","=""3""","=""""","=""*""","=""4""",,
"=""602.716""","=""602.716""","=""0.003""","=""1*""","=""""",,"=""33201.61""","=""49788.58""","=""5d5.(2G2).6s""","=""3G""","=""5""","=""""","=""*""","=""4""",,
"=""602.832""","=""602.832""","=""0.003""","=""15""","=""""",,"=""29912.85""","=""46496.62""","=""5d4.6s.(6D).6p""","=""5D*""","=""3""","=""5d4.6s.(6D).7s""","=""7D""","=""3""",,
"=""602.984""","=""602.986""","=""0.003""","=""5""","=""""",,"=""31389.08""","=""47968.62""","=""5d5.(4G).6s""","=""3G""","=""5""","=""""","=""*""","=""4""",,
"=""603.064""","=""""","=""""","=""2s""","=""""",,"=""""","=""""","=""""","=""""","=""""","=""""","=""""","=""""",,
"=""603.472""","=""603.474""","=""0.003""","=""3w""","=""""",,"=""34719.33""","=""51285.46""","=""""","=""*""","=""1""","=""""","=""""","=""0""",,
"=""603.542""","=""603.541""","=""0.003""","=""4""","=""9.e+03""",E,"=""13348.56""","=""29912.85""","=""5d4.6s2""","=""3G""","=""3""","=""5d4.6s.(6D).6p""","=""5D*""","=""3""",,
"=""603.731""","=""""","=""""","=""3w""","=""""",,"=""""","=""""","=""""","=""""","=""""","=""""","=""""","=""""",,
"=""603.828""","=""603.826""","=""0.003""","=""2""","=""""",,"=""23455.02""","=""40011.50""","=""5d5.(4D).6s""","=""5D""","=""1""","=""""","=""*""","=""2""",,
"=""604.162""","=""604.161""","=""0.003""","=""10""","=""6.e+04""",E,"=""19535.01""","=""36082.30""","=""5d5.(4G).6s""","=""5G""","=""5""","=""""","=""*""","=""4""",,
"=""604.331""","=""604.331""","=""0.003""","=""25""","=""""",,"=""31432.91""","=""47975.54""","=""5d4.6s.(6D).6p""","=""5F*""","=""4""","=""5d4.6s.(6D).7s""","=""7D""","=""4""",,
"=""604.680""","=""604.683""","=""0.003""","=""3""","=""""",,"=""28204.20""","=""44737.21""","=""5d5.(4F).6s""","=""5F""","=""2""","=""""","=""*""","=""1""",,
"=""604.887""","=""604.888""","=""0.003""","=""2w""","=""""",,"=""17701.18""","=""34228.60""","=""5d4.6s2""","=""3F2""","=""3""","=""""","=""*""","=""3""",,
"=""604.925""","=""604.919""","=""0.003""","=""1w*""","=""""",,"=""32828.12""","=""49354.68""","=""5d4.6s.(6D).6p""","=""5D*""","=""4""","=""5d4.6s.(6D).7s""","=""7D""","=""5""",,
"=""604.925""","=""604.930""","=""0.003""","=""1w*""","=""""",,"=""16431.31""","=""32957.58""","=""5d4.6s2""","=""3G""","=""4""","=""""","=""*""","=""3""",,
"=""604.992""","=""604.989""","=""0.003""","=""12""","=""1.3e+05""",C,"=""18974.51""","=""35499.15""","=""5d5.(4G).6s""","=""5G""","=""3""","=""""","=""*""","=""3""",,
"=""605.317""","=""605.319""","=""0.003""","=""2w""","=""""",,"=""31077.80""","=""47593.44""","=""""","=""""","=""2""","=""""","=""*""","=""3""",,
"=""605.593""","=""605.592""","=""0.003""","=""2""","=""""",,"=""22852.80""","=""39361.01""","=""5d4.6s2""","=""1G2""","=""4""","=""""","=""*""","=""5""",,
"=""605.741""","=""605.745""","=""0.003""","=""5w""","=""""",,"=""34302.04""","=""50806.07""","=""5d5.(2G2).6s""","=""3G""","=""4""","=""""","=""*""","=""5""",,
"=""606.129""","=""606.126""","=""0.003""","=""1""","=""""",,"=""24610.88""","=""41104.52""","=""5d4.6s2""","=""1F""","=""3""","=""""","=""*""","=""2""",,
"=""606.508""","=""606.507""","=""0.003""","=""15""","=""""",,"=""20983.02""","=""37466.30""","=""5d5.(4P).6s""","=""5P""","=""2""","=""""","=""*""","=""2""",,
"=""606.688""","=""606.687""","=""0.003""","=""4""","=""8.e+04""",E,"=""19253.56""","=""35731.96""","=""5d4.6s2""","=""3P2""","=""2""","=""""","=""*""","=""2""",,
"=""606.764""","=""606.764""","=""0.003""","=""10""","=""""",,"=""20427.84""","=""36904.16""","=""5d5.(4P).6s""","=""5P""","=""1""","=""""","=""*""","=""2""",,
"=""607.770""","=""607.769""","=""0.003""","=""1""","=""""",,"=""19826.04""","=""36275.10""","=""5d4.6s2""","=""3G""","=""5""","=""""","=""*""","=""5""",,
"=""608.144""","=""608.147""","=""0.003""","=""30""","=""4.0e+05""",B,"=""18280.48""","=""34719.33""","=""5d5.(6S).6s""","=""5S""","=""2""","=""""","=""*""","=""1""",,
"=""608.289""","=""608.292""","=""0.003""","=""3""","=""""",,"=""33201.61""","=""49636.52""","=""5d5.(2G2).6s""","=""3G""","=""5""","=""""","=""*""","=""4""",,
"=""608.388""","=""608.391""","=""0.003""","=""4""","=""""",,"=""30374.20""","=""46806.45""","=""5d4.6s2""","=""3F1""","=""2""","=""""","=""*""","=""2""",,
"=""609.238""","=""609.237""","=""0.003""","=""5""","=""""",,"=""22773.78""","=""39183.20""","=""5d5.(4D).6s""","=""5D""","=""0""","=""""","=""*""","=""1""",,
"=""609.475""","=""609.475""","=""0.003""","=""5""","=""3.8e+04""",E,"=""18082.83""","=""34485.86""","=""5d4.6s2""","=""3D""","=""1""","=""""","=""*""","=""2""",,
"=""610.742""","=""610.741""","=""0.003""","=""10""","=""6.e+04""",E,"=""18116.84""","=""34485.86""","=""5d5.(4G).6s""","=""5G""","=""2""","=""""","=""*""","=""2""",,
"=""611.166""","=""611.167""","=""0.003""","=""15""","=""""",,"=""15460.01""","=""31817.63""","=""5d4.6s2""","=""3D""","=""3""","=""""","=""*""","=""2""",,
"=""611.552""","=""611.553""","=""0.003""","=""12""","=""1.3e+05""",C,"=""14976.18""","=""31323.48""","=""5d4.6s2""","=""3D""","=""2""","=""""","=""*""","=""1""",,
"=""611.939""","=""611.936""","=""0.003""","=""4""","=""""",,"=""18974.51""","=""35311.56""","=""5d5.(4G).6s""","=""5G""","=""3""","=""""","=""*""","=""2""",,
"=""612.825""","=""612.826""","=""0.003""","=""20""","=""""",,"=""28233.44""","=""44546.76""","=""5d5.(4F).6s""","=""5F""","=""5""","=""""","=""*""","=""5""",,
"=""612.960""","=""612.958""","=""0.003""","=""3""","=""""",,"=""29479.32""","=""45789.14""","=""5d4.6s2""","=""3F1""","=""4""","=""""","=""*""","=""5""",,
"=""613.163""","=""613.162""","=""0.003""","=""2""","=""""",,"=""28291.88""","=""44596.28""","=""5d5.(2F1).6s""","=""3F""","=""3""","=""""","=""*""","=""2""",,
"=""613.179""","=""613.181""","=""0.003""","=""1""","=""""",,"=""23930.08""","=""40233.97""","=""5d5.(4D).6s""","=""5D""","=""3""","=""""","=""*""","=""4""",,
"=""613.319""","=""613.318""","=""0.003""","=""4""","=""""",,"=""31389.08""","=""47689.33""","=""5d5.(4G).6s""","=""3G""","=""5""","=""""","=""*""","=""4""",,
"=""613.836""","=""613.834""","=""0.003""","=""1""","=""""",,"=""23982.80""","=""40269.35""","=""5d5.(4D).6s""","=""5D""","=""2""","=""""","=""*""","=""3""",,
"=""614.104""","=""""","=""""","=""1""","=""""",,"=""""","=""""","=""""","=""""","=""""","=""""","=""""","=""""",,
"=""614.394""","=""614.392""","=""0.003""","=""12""","=""""",,"=""22476.68""","=""38748.44""","=""5d5.(4D).6s""","=""5D""","=""4""","=""""","=""*""","=""4""",,
"=""614.652""","=""614.656""","=""0.003""","=""1""","=""""",,"=""27213.82""","=""43478.58""","=""5d5.(2F1).6s""","=""3F""","=""4""","=""""","=""*""","=""3""",,
"=""614.723""","=""614.721""","=""0.003""","=""3""","=""1.8e+04""",C,"=""17107.01""","=""33370.04""","=""5d4.6s2""","=""3F2""","=""4""","=""5d4.6s.(6D).6p""","=""5F*""","=""5""",,
"=""614.815""","=""614.810""","=""0.003""","=""2w""","=""""",,"=""31817.63""","=""48078.32""","=""""","=""*""","=""2""","=""5d4.6s.(6D).7s""","=""5D""","=""2""",,
"=""615.181""","=""615.183""","=""0.003""","=""1""","=""""",,"=""19256.24""","=""35507.07""","=""5d5.(4G).6s""","=""5G""","=""4""","=""""","=""*""","=""5""",,
"=""615.372""","=""615.371""","=""0.003""","=""2w""","=""""",,"=""20427.84""","=""36673.70""","=""5d5.(4P).6s""","=""5P""","=""1""","=""""","=""*""","=""2""",,
"=""615.487""","=""615.484""","=""0.003""","=""6*""","=""""",,"=""17701.18""","=""33944.06""","=""5d4.6s2""","=""3F2""","=""3""","=""""","=""*""","=""2""",,
"=""615.487""","=""615.486""","=""0.003""","=""6*""","=""""",,"=""28204.20""","=""44447.02""","=""5d5.(4F).6s""","=""5F""","=""2""","=""""","=""*""","=""3""",,
"=""616.143""","=""616.140""","=""0.003""","=""8""","=""2.6e+05""",C,"=""18116.84""","=""34342.44""","=""5d5.(4G).6s""","=""5G""","=""2""","=""""","=""*""","=""1""",,
"=""616.270""","=""616.271""","=""0.003""","=""1""","=""""",,"=""27670.48""","=""43892.62""","=""5d5.(4F).6s""","=""5F""","=""1""","=""""","=""*""","=""1""",,
"=""616.570""","=""616.567""","=""0.003""","=""1""","=""""",,"=""29853.66""","=""46068.02""","=""5d5.(4F).6s""","=""5F""","=""4""","=""""","=""*""","=""3""",,
"=""616.911""","=""616.908""","=""0.003""","=""10""","=""1.5e+05""",D,"=""18280.48""","=""34485.86""","=""5d5.(6S).6s""","=""5S""","=""2""","=""""","=""*""","=""2""",,
"=""617.618""","=""617.614""","=""0.003""","=""1""","=""""",,"=""34719.33""","=""50906.20""","=""""","=""*""","=""1""","=""""","=""""","=""1""",,
"=""617.966""","=""617.962""","=""0.003""","=""3""","=""""",,"=""31077.80""","=""47255.55""","=""""","=""""","=""2""","=""""","=""*""","=""1""",,
"=""618.139""","=""618.135""","=""0.003""","=""2""","=""""",,"=""35299.82""","=""51473.04""","=""""","=""""","=""4""","=""""","=""*""","=""4""",,
"=""618.624""","=""618.622""","=""0.003""","=""15""","=""""",,"=""20427.84""","=""36588.32""","=""5d5.(4P).6s""","=""5P""","=""1""","=""""","=""*""","=""0""",,
"=""618.757""","=""618.756""","=""0.003""","=""5""","=""""",,"=""28233.44""","=""44390.42""","=""5d5.(4F).6s""","=""5F""","=""5""","=""""","=""*""","=""6""",,
"=""618.873""","=""618.868""","=""0.003""","=""3""","=""""",,"=""28392.70""","=""44546.76""","=""5d5.(2I).6s""","=""3I""","=""6""","=""""","=""*""","=""5""",,
"=""619.323""","=""619.320""","=""0.003""","=""10""","=""4.6e+04""",C,"=""18974.51""","=""35116.78""","=""5d5.(4G).6s""","=""5G""","=""3""","=""""","=""*""","=""4""",,
"=""619.578""","=""619.576""","=""0.003""","=""1""","=""""",,"=""27849.80""","=""43985.41""","=""5d5.(2I).6s""","=""3I""","=""5""","=""""","=""*""","=""4""",,
"=""619.596""","=""619.594""","=""0.003""","=""10""","=""1.6e+04""",E,"=""13777.71""","=""29912.85""","=""5d4.6s2""","=""3F2""","=""2""","=""5d4.6s.(6D).6p""","=""5D*""","=""3""",,
"=""619.636""","=""619.631""","=""0.003""","=""10""","=""""",,"=""24789.66""","=""40923.83""","=""5d4.6s2""","=""1D2""","=""2""","=""""","=""*""","=""3""",,
"=""619.819""","=""619.819""","=""0.003""","=""2""","=""""",,"=""23484.78""","=""39614.05""","=""5d4.6s2""","=""1I""","=""6""","=""""","=""*""","=""5""",,
"=""620.351""","=""620.349""","=""0.003""","=""20""","=""3.0e+05""",C,"=""19827.68""","=""35943.17""","=""5d5.(4P).6s""","=""5P""","=""3""","=""""","=""*""","=""3""",,
"=""621.665""","=""621.664""","=""0.003""","=""3w""","=""""",,"=""23930.08""","=""40011.50""","=""5d5.(4D).6s""","=""5D""","=""3""","=""""","=""*""","=""2""",,
"=""621.936""","=""621.933""","=""0.003""","=""2""","=""""",,"=""27849.80""","=""43924.25""","=""5d5.(2I).6s""","=""3I""","=""5""","=""""","=""*""","=""5""",,
"=""622.031""","=""622.028""","=""0.003""","=""2w""","=""""",,"=""29479.32""","=""45551.32""","=""5d4.6s2""","=""3F1""","=""4""","=""""","=""*""","=""3""",,
"=""622.418""","=""622.417""","=""0.003""","=""3""","=""""",,"=""18280.48""","=""34342.44""","=""5d5.(6S).6s""","=""5S""","=""2""","=""""","=""*""","=""1""",,
"=""622.575""","=""622.570""","=""0.003""","=""4""","=""""",,"=""19253.56""","=""35311.56""","=""5d4.6s2""","=""3P2""","=""2""","=""""","=""*""","=""2""",,
"=""623.474""","=""623.478""","=""0.003""","=""1w""","=""""",,"=""32135.94""","=""48170.55""","=""5d5.(4G).6s""","=""3G""","=""4""","=""""","=""*""","=""3""",,
"=""623.769""","=""""","=""""","=""2""","=""""",,"=""""","=""""","=""""","=""""","=""""","=""""","=""""","=""""",,
"=""623.927""","=""""","=""""","=""2w""","=""""",,"=""""","=""""","=""""","=""""","=""""","=""""","=""""","=""""",,
"=""624.054""","=""624.051""","=""0.003""","=""5""","=""""",,"=""28347.60""","=""44367.50""","=""5d5.(4F).6s""","=""5F""","=""3""","=""""","=""*""","=""2""",,
"=""624.194""","=""624.192""","=""0.003""","=""4w""","=""""",,"=""20174.20""","=""36190.49""","=""5d4.6s2""","=""1S2""","=""0""","=""""","=""*""","=""1""",,
"=""624.310""","=""624.313""","=""0.003""","=""2""","=""""",,"=""33952.85""","=""49966.03""","=""5d5.(4D).6s""","=""3D""","=""3""","=""""","=""*""","=""3""",,
"=""624.372""","=""624.376""","=""0.003""","=""2""","=""""",,"=""32378.40""","=""48389.96""","=""5d5.(2D3).6s""","=""3D""","=""1""","=""""","=""*""","=""1""",,
"=""624.579""","=""624.579""","=""0.003""","=""8w""","=""""",,"=""35116.78""","=""51123.14""","=""""","=""*""","=""4""","=""5d4.6s.(6D).7s""","=""5D""","=""4""",,
"=""625.148""","=""625.149""","=""0.003""","=""5""","=""""",,"=""29430.50""","=""45422.26""","=""""","=""""","=""3""","=""""","=""*""","=""2""",,
"=""625.363""","=""625.362""","=""0.003""","=""6""","=""""",,"=""33201.61""","=""49187.92""","=""5d5.(2G2).6s""","=""3G""","=""5""","=""""","=""*""","=""5""",,
"=""625.428""","=""625.428""","=""0.003""","=""25""","=""""",,"=""33370.04""","=""49354.68""","=""5d4.6s.(6D).6p""","=""5F*""","=""5""","=""5d4.6s.(6D).7s""","=""7D""","=""5""",,
"=""625.888""","=""625.887""","=""0.003""","=""5""","=""1.30e+04""",D,"=""15460.01""","=""31432.91""","=""5d4.6s2""","=""3D""","=""3""","=""5d4.6s.(6D).6p""","=""5F*""","=""4""",,
"=""625.911""","=""625.910""","=""0.003""","=""4w*""","=""""",,"=""29479.32""","=""45451.65""","=""5d4.6s2""","=""3F1""","=""4""","=""""","=""*""","=""5""",,
"=""625.911""","=""625.915""","=""0.003""","=""4w*""","=""""",,"=""24610.88""","=""40583.07""","=""5d4.6s2""","=""1F""","=""3""","=""""","=""*""","=""4""",,
"=""626.928""","=""626.930""","=""0.003""","=""4""","=""""",,"=""33201.61""","=""49147.95""","=""5d5.(2G2).6s""","=""3G""","=""5""","=""""","=""*""","=""4""",,
"=""627.968""","=""627.969""","=""0.003""","=""3ws""","=""""",,"=""36082.30""","=""52002.25""","=""""","=""*""","=""4""","=""""","=""""","=""3""",,
"=""628.588""","=""628.588""","=""0.003""","=""25""","=""6.6e+05""",C,"=""19827.68""","=""35731.96""","=""5d5.(4P).6s""","=""5P""","=""3""","=""""","=""*""","=""2""",,
"=""628.875""","=""""","=""""","=""3""","=""""",,"=""""","=""""","=""""","=""""","=""""","=""""","=""""","=""""",,
"=""628.910""","=""628.910""","=""0.003""","=""2""","=""""",,"=""33291.80""","=""49187.92""","=""5d5.(2I).6s""","=""1I""","=""6""","=""""","=""*""","=""5""",,
"=""629.101""","=""629.100""","=""0.003""","=""8""","=""""",,"=""20983.02""","=""36874.36""","=""5d5.(4P).6s""","=""5P""","=""2""","=""""","=""*""","=""3""",,
"=""629.202""","=""629.203""","=""0.003""","=""60""","=""2.26e+05""",C,"=""13307.10""","=""29195.84""","=""5d4.6s2""","=""3P2""","=""1""","=""5d4.6s.(6D).6p""","=""5D*""","=""2""",,
"=""629.731""","=""629.731""","=""0.003""","=""3""","=""""",,"=""28720.88""","=""44596.28""","=""5d5.(4P).6s""","=""3P""","=""1""","=""""","=""*""","=""2""",,
"=""629.857""","=""629.855""","=""0.003""","=""6""","=""""",,"=""33201.61""","=""49073.88""","=""5d5.(2G2).6s""","=""3G""","=""5""","=""""","=""*""","=""5""",,
"=""630.296""","=""630.294""","=""0.003""","=""1""","=""""",,"=""18082.83""","=""33944.06""","=""5d4.6s2""","=""3D""","=""1""","=""""","=""*""","=""2""",,
"=""630.321""","=""630.321""","=""0.003""","=""20""","=""1.84e+05""",C,"=""19256.24""","=""35116.78""","=""5d5.(4G).6s""","=""5G""","=""4""","=""""","=""*""","=""4""",,
"=""630.403""","=""630.401""","=""0.003""","=""3""","=""""",,"=""19648.54""","=""35507.07""","=""5d5.(4G).6s""","=""5G""","=""6""","=""""","=""*""","=""5""",,
"=""630.850""","=""630.849""","=""0.003""","=""10""","=""1.9e+04""",D,"=""13348.56""","=""29195.84""","=""5d4.6s2""","=""3G""","=""3""","=""5d4.6s.(6D).6p""","=""5D*""","=""2""",,
"=""630.971""","=""630.971""","=""0.003""","=""2""","=""""",,"=""27670.48""","=""43514.68""","=""5d5.(4F).6s""","=""5F""","=""1""","=""""","=""*""","=""2""",,
"=""631.315""","=""631.318""","=""0.003""","=""2""","=""""",,"=""34302.04""","=""50137.55""","=""5d5.(2G2).6s""","=""3G""","=""4""","=""""","=""*""","=""5""",,
"=""631.432""","=""631.430""","=""0.003""","=""3""","=""""",,"=""32135.94""","=""47968.62""","=""5d5.(4G).6s""","=""3G""","=""4""","=""""","=""*""","=""4""",,
"=""631.924""","=""631.925""","=""0.003""","=""8""","=""""",,"=""27213.82""","=""43034.10""","=""5d5.(2F1).6s""","=""3F""","=""4""","=""""","=""*""","=""5""",,
"=""632.467""","=""632.468""","=""0.003""","=""2w""","=""""",,"=""16431.31""","=""32238.02""","=""5d4.6s2""","=""3G""","=""4""","=""""","=""*""","=""3""",,
"=""633.144""","=""633.142""","=""0.003""","=""4""","=""""",,"=""23930.08""","=""39719.96""","=""5d5.(4D).6s""","=""5D""","=""3""","=""""","=""*""","=""4""",,
"=""633.510""","=""633.509""","=""0.003""","=""3""","=""""",,"=""29139.12""","=""44919.84""","=""5d4.6s.(6D).6p""","=""5F*""","=""3""","=""5d4.6s.(6D).7s""","=""7D""","=""2""",,
"=""633.660""","=""633.661""","=""0.003""","=""2""","=""""",,"=""23930.08""","=""39707.02""","=""5d5.(4D).6s""","=""5D""","=""3""","=""""","=""*""","=""2""",,
"=""634.240""","=""634.236""","=""0.003""","=""3""","=""""",,"=""20427.84""","=""36190.49""","=""5d5.(4P).6s""","=""5P""","=""1""","=""""","=""*""","=""1""",,
"=""634.450""","=""""","=""""","=""2""","=""""",,"=""""","=""""","=""""","=""""","=""""","=""""","=""""","=""""",,
"=""634.666""","=""634.666""","=""0.003""","=""2""","=""""",,"=""28233.44""","=""43985.41""","=""5d5.(4F).6s""","=""5F""","=""5""","=""""","=""*""","=""4""",,
"=""635.168""","=""635.167""","=""0.003""","=""2""","=""""",,"=""26861.64""","=""42601.19""","=""5d5.(2F1).6s""","=""3F""","=""2""","=""""","=""*""","=""3""",,
"=""635.251""","=""635.248""","=""0.003""","=""4w""","=""""",,"=""32238.02""","=""47975.54""","=""""","=""*""","=""3""","=""5d4.6s.(6D).7s""","=""7D""","=""4""",,
"=""635.566""","=""635.564""","=""0.003""","=""3""","=""""",,"=""22476.68""","=""38206.38""","=""5d5.(4D).6s""","=""5D""","=""4""","=""""","=""*""","=""3""",,
"=""635.590""","=""635.588""","=""0.003""","=""10""","=""""",,"=""28291.88""","=""44021.00""","=""5d5.(2F1).6s""","=""3F""","=""3""","=""""","=""*""","=""3""",,
"=""635.798""","=""635.795""","=""0.003""","=""3""","=""""",,"=""29195.84""","=""44919.84""","=""5d4.6s.(6D).6p""","=""5D*""","=""2""","=""5d4.6s.(6D).7s""","=""7D""","=""2""",,
"=""635.914""","=""635.912""","=""0.003""","=""6""","=""""",,"=""17107.01""","=""32828.12""","=""5d4.6s2""","=""3F2""","=""4""","=""5d4.6s.(6D).6p""","=""5D*""","=""4""",,
"=""636.106""","=""636.105""","=""0.003""","=""4""","=""""",,"=""23930.08""","=""39646.41""","=""5d5.(4D).6s""","=""5D""","=""3""","=""""","=""*""","=""3""",,
"=""636.235""","=""""","=""""","=""1""","=""""",,"=""""","=""""","=""""","=""""","=""""","=""""","=""""","=""""",,
"=""636.379""","=""""","=""""","=""1""","=""""",,"=""""","=""""","=""""","=""""","=""""","=""""","=""""","=""""",,
"=""636.473""","=""636.468""","=""0.003""","=""10""","=""""",,"=""14976.18""","=""30683.54""","=""5d4.6s2""","=""3D""","=""2""","=""""","=""*""","=""1""",,
"=""636.873""","=""636.875""","=""0.003""","=""1""","=""""",,"=""28898.96""","=""44596.28""","=""5d4.6s2""","=""3P1""","=""2""","=""""","=""*""","=""2""",,
"=""637.032""","=""637.029""","=""0.003""","=""6""","=""""",,"=""28291.88""","=""43985.41""","=""5d5.(2F1).6s""","=""3F""","=""3""","=""""","=""*""","=""4""",,
"=""637.143""","=""637.145""","=""0.003""","=""20""","=""""",,"=""20983.02""","=""36673.70""","=""5d5.(4P).6s""","=""5P""","=""2""","=""""","=""*""","=""2""",,
"=""637.540""","=""637.537""","=""0.003""","=""10""","=""""",,"=""19826.04""","=""35507.07""","=""5d4.6s2""","=""3G""","=""5""","=""""","=""*""","=""5""",,
"=""637.847""","=""637.844""","=""0.003""","=""3*""","=""""",,"=""27778.50""","=""43451.98""","=""5d4.6s.(6D).6p""","=""5D*""","=""1""","=""5d4.6s.(6D).7s""","=""7D""","=""1""",,
"=""637.847""","=""637.847""","=""0.003""","=""3*""","=""""",,"=""28347.60""","=""44021.00""","=""5d5.(4F).6s""","=""5F""","=""3""","=""""","=""*""","=""3""",,
"=""637.929""","=""637.926""","=""0.003""","=""3""","=""""",,"=""19827.68""","=""35499.15""","=""5d5.(4P).6s""","=""5P""","=""3""","=""""","=""*""","=""3""",,
"=""638.249""","=""638.246""","=""0.003""","=""8*""","=""""",,"=""23982.80""","=""39646.41""","=""5d5.(4D).6s""","=""5D""","=""2""","=""""","=""*""","=""3""",,
"=""638.249""","=""638.247""","=""0.003""","=""8*""","=""""",,"=""18280.48""","=""33944.06""","=""5d5.(6S).6s""","=""5S""","=""2""","=""""","=""*""","=""2""",,
"=""638.472""","=""638.471""","=""0.003""","=""8""","=""""",,"=""18974.51""","=""34632.60""","=""5d5.(4G).6s""","=""5G""","=""3""","=""""","=""*""","=""4""",,
"=""638.647""","=""638.645""","=""0.003""","=""20""","=""""",,"=""23982.80""","=""39636.62""","=""5d5.(4D).6s""","=""5D""","=""2""","=""""","=""*""","=""1""",,
"=""638.713""","=""638.712""","=""0.003""","=""4""","=""""",,"=""27213.82""","=""42866.00""","=""5d5.(2F1).6s""","=""3F""","=""4""","=""""","=""*""","=""5""",,
"=""638.939""","=""638.938""","=""0.003""","=""2""","=""""",,"=""28204.20""","=""43850.84""","=""5d5.(4F).6s""","=""5F""","=""2""","=""""","=""*""","=""3""",,
"=""639.307""","=""639.299""","=""0.003""","=""4*""","=""""",,"=""28347.60""","=""43985.41""","=""5d5.(4F).6s""","=""5F""","=""3""","=""""","=""*""","=""4""",,
"=""639.307""","=""639.311""","=""0.003""","=""4*""","=""""",,"=""35311.56""","=""50949.07""","=""""","=""*""","=""2""","=""""","=""""","=""1""",,
"=""639.307""","=""639.314""","=""0.003""","=""4*""","=""""",,"=""29479.32""","=""45116.77""","=""5d4.6s2""","=""3F1""","=""4""","=""""","=""*""","=""4""",,
"=""639.520""","=""639.513""","=""0.003""","=""1""","=""""",,"=""28720.88""","=""44353.46""","=""5d5.(4P).6s""","=""3P""","=""1""","=""""","=""*""","=""1""",,
"=""639.730""","=""639.729""","=""0.003""","=""3""","=""""",,"=""39030.25""","=""54657.56""","=""""","=""*""","=""2""","=""""","=""""","=""3""",,
"=""639.974""","=""639.968""","=""0.003""","=""10""","=""""",,"=""24789.66""","=""40411.12""","=""5d4.6s2""","=""1D2""","=""2""","=""""","=""*""","=""1""",,
"=""640.207""","=""640.205""","=""0.003""","=""12""","=""""",,"=""13777.71""","=""29393.40""","=""5d4.6s2""","=""3F2""","=""2""","=""5d4.6s.(6D).6p""","=""5P*""","=""2""",,
"=""640.421""","=""640.419""","=""0.003""","=""30""","=""1.50e+05""",D,"=""14976.18""","=""30586.64""","=""5d4.6s2""","=""3D""","=""2""","=""5d4.6s.(6D).6p""","=""5P*""","=""3""",,
"=""640.934""","=""640.931""","=""0.003""","=""1""","=""""",,"=""29853.66""","=""45451.65""","=""5d5.(4F).6s""","=""5F""","=""4""","=""""","=""*""","=""5""",,
"=""641.503""","=""641.505""","=""0.003""","=""1""","=""""",,"=""29430.50""","=""45014.54""","=""""","=""""","=""3""","=""""","=""*""","=""3""",,
"=""641.600""","=""641.598""","=""0.003""","=""12""","=""""",,"=""19535.01""","=""35116.78""","=""5d5.(4G).6s""","=""5G""","=""5""","=""""","=""*""","=""4""",,
"=""641.736""","=""641.736""","=""0.003""","=""4""","=""""",,"=""33569.53""","=""49147.95""","=""""","=""""","=""4""","=""""","=""*""","=""4""",,
"=""641.822""","=""641.821""","=""0.003""","=""2""","=""""",,"=""22476.68""","=""38053.05""","=""5d5.(4D).6s""","=""5D""","=""4""","=""""","=""*""","=""3""",,
"=""641.869""","=""641.868""","=""0.003""","=""3""","=""""",,"=""23455.02""","=""39030.25""","=""5d5.(4D).6s""","=""5D""","=""1""","=""""","=""*""","=""2""",,
"=""642.542""","=""642.539""","=""0.003""","=""10""","=""""",,"=""28291.88""","=""43850.84""","=""5d5.(2F1).6s""","=""3F""","=""3""","=""""","=""*""","=""3""",,
"=""642.612""","=""642.612""","=""0.003""","=""4""","=""""",,"=""27670.48""","=""43227.66""","=""5d5.(4F).6s""","=""5F""","=""1""","=""""","=""*""","=""2""",,
"=""642.770""","=""642.769""","=""0.003""","=""5""","=""""",,"=""32135.94""","=""47689.33""","=""5d5.(4G).6s""","=""3G""","=""4""","=""""","=""*""","=""4""",,
"=""642.989""","=""642.989""","=""0.003""","=""3""","=""""",,"=""28898.96""","=""44447.02""","=""5d4.6s2""","=""3P1""","=""2""","=""""","=""*""","=""3""",,
"=""643.043""","=""643.039""","=""0.003""","=""1""","=""""",,"=""27670.48""","=""43217.33""","=""5d5.(4F).6s""","=""5F""","=""1""","=""""","=""*""","=""1""",,
"=""643.212""","=""643.209""","=""0.003""","=""3""","=""""",,"=""31389.08""","=""46931.84""","=""5d5.(4G).6s""","=""3G""","=""5""","=""""","=""*""","=""4""",,
"=""643.524""","=""643.521""","=""0.003""","=""8""","=""""",,"=""29479.32""","=""45014.54""","=""5d4.6s2""","=""3F1""","=""4""","=""""","=""*""","=""3""",,
"=""643.558""","=""643.556""","=""0.003""","=""12""","=""""",,"=""34121.68""","=""49656.04""","=""""","=""*""","=""4""","=""5d4.6s.(6D).7s""","=""5D""","=""3""",,
"=""643.812""","=""643.808""","=""0.003""","=""4""","=""""",,"=""30374.20""","=""45902.48""","=""5d4.6s2""","=""3F1""","=""2""","=""""","=""*""","=""2""",,
"=""643.885""","=""643.885""","=""0.003""","=""3""","=""""",,"=""29393.40""","=""44919.84""","=""5d4.6s.(6D).6p""","=""5P*""","=""2""","=""5d4.6s.(6D).7s""","=""7D""","=""2""",,
"=""643.970""","=""643.968""","=""0.003""","=""15""","=""1.29e+05""",C,"=""22476.68""","=""38001.12""","=""5d5.(4D).6s""","=""5D""","=""4""","=""""","=""*""","=""4""",,
"=""644.308""","=""""","=""""","=""1""","=""""",,"=""""","=""""","=""""","=""""","=""""","=""""","=""""","=""""",,
"=""644.395""","=""""","=""""","=""2""","=""""",,"=""""","=""""","=""""","=""""","=""""","=""""","=""""","=""""",,
"=""644.512""","=""644.511""","=""0.003""","=""50""","=""6.4e+05""",C,"=""18974.51""","=""34485.86""","=""5d5.(4G).6s""","=""5G""","=""3""","=""""","=""*""","=""2""",,
"=""644.578""","=""644.574""","=""0.003""","=""10""","=""""",,"=""29460.98""","=""44970.82""","=""5d5.(2I).6s""","=""3I""","=""7""","=""""","=""*""","=""7""",,
"=""644.725""","=""644.723""","=""0.003""","=""1""","=""""",,"=""35299.82""","=""50806.07""","=""""","=""""","=""4""","=""""","=""*""","=""5""",,
"=""644.825""","=""644.822""","=""0.003""","=""6""","=""""",,"=""36874.36""","=""52378.22""","=""""","=""*""","=""3""","=""""","=""""","=""4""",,
"=""644.876""","=""644.874""","=""0.003""","=""1""","=""""",,"=""33569.53""","=""49072.14""","=""""","=""""","=""4""","=""""","=""*""","=""3""",,
"=""644.993""","=""644.992""","=""0.003""","=""3""","=""""",,"=""32826.63""","=""48326.41""","=""""","=""""","=""3""","=""""","=""*""","=""3""",,
"=""645.012""","=""""","=""""","=""2""","=""""",,"=""""","=""""","=""""","=""""","=""""","=""""","=""""","=""""",,
"=""645.076""","=""""","=""""","=""1""","=""""",,"=""""","=""""","=""""","=""""","=""""","=""""","=""""","=""""",,
"=""645.124""","=""""","=""""","=""2""","=""""",,"=""""","=""""","=""""","=""""","=""""","=""""","=""""","=""""",,
"=""645.661""","=""645.655""","=""0.003""","=""7""","=""""",,"=""19827.68""","=""35311.56""","=""5d5.(4P).6s""","=""5P""","=""3""","=""""","=""*""","=""2""",,
"=""645.835""","=""645.829""","=""0.003""","=""10""","=""""",,"=""24789.66""","=""40269.35""","=""5d4.6s2""","=""1D2""","=""2""","=""""","=""*""","=""3""",,
"=""646.178""","=""646.175""","=""0.003""","=""5*""","=""""",,"=""32217.91""","=""47689.33""","=""""","=""""","=""3""","=""""","=""*""","=""4""",,
"=""646.178""","=""646.176""","=""0.003""","=""5*""","=""""",,"=""37414.11""","=""52885.50""","=""""","=""""","=""3""","=""""","=""*""","=""2""",,
"=""646.262""","=""646.256""","=""0.003""","=""2""","=""""",,"=""36588.32""","=""52057.80""","=""""","=""*""","=""0""","=""""","=""""","=""1""",,
"=""646.300""","=""646.295""","=""0.003""","=""2w""","=""""",,"=""28898.96""","=""44367.50""","=""5d4.6s2""","=""3P1""","=""2""","=""""","=""*""","=""2""",,
"=""646.413""","=""646.411""","=""0.003""","=""18*""","=""""",,"=""19253.56""","=""34719.33""","=""5d4.6s2""","=""3P2""","=""2""","=""""","=""*""","=""1""",,
"=""646.413""","=""646.413""","=""0.003""","=""18*""","=""""",,"=""31389.08""","=""46854.80""","=""5d5.(4G).6s""","=""3G""","=""5""","=""""","=""*""","=""5""",,
"=""646.443""","=""646.441""","=""0.003""","=""4""","=""""",,"=""33952.85""","=""49417.90""","=""5d5.(4D).6s""","=""3D""","=""3""","=""""","=""*""","=""3""",,
"=""646.886""","=""646.882""","=""0.003""","=""2""","=""""",,"=""28898.96""","=""44353.46""","=""5d4.6s2""","=""3P1""","=""2""","=""""","=""*""","=""1""",,
"=""647.125""","=""647.126""","=""0.003""","=""1""","=""""",,"=""13348.56""","=""28797.24""","=""5d4.6s2""","=""3G""","=""3""","=""5d4.6s.(6D).6p""","=""7D*""","=""4""",,
"=""647.484""","=""647.481""","=""0.003""","=""8""","=""2.4e+04""",D,"=""17701.18""","=""33141.38""","=""5d4.6s2""","=""3F2""","=""3""","=""""","=""*""","=""2""",,
"=""647.951""","=""647.952""","=""0.003""","=""10""","=""""",,"=""28291.88""","=""43720.87""","=""5d5.(2F1).6s""","=""3F""","=""3""","=""""","=""*""","=""4""",,
"=""648.019""","=""648.017""","=""0.003""","=""4""","=""""",,"=""34228.60""","=""49656.04""","=""""","=""*""","=""3""","=""5d4.6s.(6D).7s""","=""5D""","=""3""",,
"=""648.409""","=""648.408""","=""0.003""","=""25""","=""3.84e+04""",D,"=""13777.71""","=""29195.84""","=""5d4.6s2""","=""3F2""","=""2""","=""5d4.6s.(6D).6p""","=""5D*""","=""2""",,
"=""648.738""","=""648.733""","=""0.003""","=""2""","=""""",,"=""36874.36""","=""52284.76""","=""""","=""*""","=""3""","=""""","=""""","=""3""",,
"=""649.150""","=""649.143""","=""0.003""","=""6*""","=""""",,"=""26861.64""","=""42262.30""","=""5d5.(2F1).6s""","=""3F""","=""2""","=""""","=""*""","=""1""",,
"=""649.150""","=""649.145""","=""0.003""","=""6*""","=""""",,"=""24610.88""","=""40011.50""","=""5d4.6s2""","=""1F""","=""3""","=""""","=""*""","=""2""",,
"=""649.475""","=""649.472""","=""0.003""","=""6""","=""""",,"=""33291.80""","=""48684.68""","=""5d5.(2I).6s""","=""1I""","=""6""","=""""","=""*""","=""6""",,
"=""649.996""","=""649.990""","=""0.003""","=""5""","=""""",,"=""36904.16""","=""52284.76""","=""""","=""*""","=""2""","=""""","=""""","=""3""",,
"=""650.038""","=""650.034""","=""0.003""","=""15""","=""""",,"=""18974.51""","=""34354.08""","=""5d5.(4G).6s""","=""5G""","=""3""","=""""","=""*""","=""3""",,
"=""650.170""","=""650.169""","=""0.003""","=""1""","=""""",,"=""19256.24""","=""34632.60""","=""5d5.(4G).6s""","=""5G""","=""4""","=""""","=""*""","=""4""",,
"=""650.209""","=""650.210""","=""0.003""","=""4""","=""""",,"=""41198.14""","=""56573.54""","=""""","=""*""","=""4""","=""""","=""""","=""5""",,
"=""650.307""","=""650.300""","=""0.003""","=""3""","=""""",,"=""28347.60""","=""43720.87""","=""5d5.(4F).6s""","=""5F""","=""3""","=""""","=""*""","=""4""",,
"=""650.626""","=""""","=""""","=""6w""","=""""",,"=""""","=""""","=""""","=""""","=""""","=""""","=""""","=""""",,
"=""650.805""","=""650.802""","=""0.003""","=""20""","=""3.3e+04""",D,"=""13777.71""","=""29139.12""","=""5d4.6s2""","=""3F2""","=""2""","=""5d4.6s.(6D).6p""","=""5F*""","=""3""",,
"=""651.344""","=""651.342""","=""0.003""","=""5""","=""""",,"=""28392.70""","=""43741.37""","=""5d5.(2I).6s""","=""3I""","=""6""","=""""","=""*""","=""5""",,
"=""651.465""","=""""","=""""","=""2""","=""""",,"=""""","=""""","=""""","=""""","=""""","=""""","=""""","=""""",,
"=""651.544""","=""651.544""","=""0.003""","=""3""","=""""",,"=""32826.63""","=""48170.55""","=""""","=""""","=""3""","=""""","=""*""","=""3""",,
"=""651.946""","=""651.945""","=""0.003""","=""1""","=""""",,"=""34302.04""","=""49636.52""","=""5d5.(2G2).6s""","=""3G""","=""4""","=""""","=""*""","=""4""",,
"=""652.198""","=""652.197""","=""0.003""","=""4""","=""""",,"=""36673.70""","=""52002.25""","=""""","=""*""","=""2""","=""""","=""""","=""3""",,
"=""652.301""","=""652.299""","=""0.003""","=""6""","=""""",,"=""12161.96""","=""27488.11""","=""5d4.6s2""","=""3H""","=""4""","=""5d5.(6S).6p""","=""7P*""","=""3""",,
"=""652.373""","=""""","=""""","=""1""","=""""",,"=""""","=""""","=""""","=""""","=""""","=""""","=""""","=""""",,
"=""652.615""","=""652.612""","=""0.003""","=""12""","=""""",,"=""27213.82""","=""42532.62""","=""5d5.(2F1).6s""","=""3F""","=""4""","=""""","=""*""","=""4""",,
"=""652.666""","=""""","=""""","=""1""","=""""",,"=""""","=""""","=""""","=""""","=""""","=""""","=""""","=""""",,
"=""652.966""","=""652.967""","=""0.003""","=""4""","=""""",,"=""28204.20""","=""43514.68""","=""5d5.(4F).6s""","=""5F""","=""2""","=""""","=""*""","=""2""",,
"=""653.239""","=""653.238""","=""0.003""","=""25""","=""4.6e+05""",E,"=""20427.84""","=""35731.96""","=""5d5.(4P).6s""","=""5P""","=""1""","=""""","=""*""","=""2""",,
"=""653.329""","=""653.331""","=""0.003""","=""5""","=""""",,"=""34354.08""","=""49656.04""","=""""","=""*""","=""3""","=""5d4.6s.(6D).7s""","=""5D""","=""3""",,
"=""653.403""","=""653.401""","=""0.003""","=""8""","=""""",,"=""27213.82""","=""42514.14""","=""5d5.(2F1).6s""","=""3F""","=""4""","=""""","=""*""","=""3""",,
"=""653.811""","=""653.810""","=""0.003""","=""30""","=""2.7e+05""",C,"=""19826.04""","=""35116.78""","=""5d4.6s2""","=""3G""","=""5""","=""""","=""*""","=""4""",,
"=""654.141""","=""654.135""","=""0.003""","=""8""","=""""",,"=""31389.08""","=""46672.22""","=""5d5.(4G).6s""","=""3G""","=""5""","=""""","=""*""","=""6""",,
"=""654.489""","=""""","=""""","=""2""","=""""",,"=""""","=""""","=""""","=""""","=""""","=""""","=""""","=""""",,
"=""654.518""","=""654.510""","=""0.003""","=""1""","=""""",,"=""28204.20""","=""43478.58""","=""5d5.(4F).6s""","=""5F""","=""2""","=""""","=""*""","=""3""",,
"=""654.996""","=""654.992""","=""0.003""","=""2*""","=""""",,"=""36673.70""","=""51936.84""","=""""","=""*""","=""2""","=""""","=""""","=""2""",,
"=""654.996""","=""654.994""","=""0.003""","=""2*""","=""""",,"=""29853.66""","=""45116.77""","=""5d5.(4F).6s""","=""5F""","=""4""","=""""","=""*""","=""4""",,
"=""655.284""","=""655.282""","=""0.003""","=""15""","=""""",,"=""17701.18""","=""32957.58""","=""5d4.6s2""","=""3F2""","=""3""","=""""","=""*""","=""3""",,
"=""655.383""","=""655.381""","=""0.003""","=""8""","=""""",,"=""18974.51""","=""34228.60""","=""5d5.(4G).6s""","=""5G""","=""3""","=""""","=""*""","=""3""",,
"=""655.425""","=""655.424""","=""0.003""","=""20""","=""""",,"=""28198.90""","=""43451.98""","=""5d4.6s.(6D).6p""","=""5P*""","=""1""","=""5d4.6s.(6D).7s""","=""7D""","=""1""",,
"=""656.143""","=""656.141""","=""0.003""","=""1""","=""""",,"=""27213.82""","=""42450.24""","=""5d5.(2F1).6s""","=""3F""","=""4""","=""""","=""*""","=""4""",,
"=""656.226""","=""""","=""""","=""1""","=""""",,"=""""","=""""","=""""","=""""","=""""","=""""","=""""","=""""",,
"=""656.289""","=""656.288""","=""0.003""","=""8w""","=""""",,"=""34121.68""","=""49354.68""","=""""","=""*""","=""4""","=""5d4.6s.(6D).7s""","=""7D""","=""5""",,
"=""656.320""","=""656.318""","=""0.003""","=""25""","=""2.04e+05""",D,"=""19253.56""","=""34485.86""","=""5d4.6s2""","=""3P2""","=""2""","=""""","=""*""","=""2""",,
"=""656.732""","=""656.728""","=""0.003""","=""7""","=""""",,"=""28291.88""","=""43514.68""","=""5d5.(2F1).6s""","=""3F""","=""3""","=""""","=""*""","=""2""",,
"=""656.779""","=""656.769""","=""0.003""","=""15""","=""""",,"=""24789.66""","=""40011.50""","=""5d4.6s2""","=""1D2""","=""2""","=""""","=""*""","=""2""",,
"=""656.977""","=""656.974""","=""0.003""","=""5""","=""""",,"=""35731.96""","=""50949.07""","=""""","=""*""","=""2""","=""""","=""""","=""1""",,
"=""657.181""","=""657.181""","=""0.003""","=""3""","=""""",,"=""34302.04""","=""49514.34""","=""5d5.(2G2).6s""","=""3G""","=""4""","=""""","=""*""","=""3""",,
"=""657.393""","=""657.390""","=""0.003""","=""30""","=""9.9e+05""",B,"=""20983.02""","=""36190.49""","=""5d5.(4P).6s""","=""5P""","=""2""","=""""","=""*""","=""1""",,
"=""657.708""","=""657.702""","=""0.003""","=""1""","=""""",,"=""22852.80""","=""38053.05""","=""5d4.6s2""","=""1G2""","=""4""","=""""","=""*""","=""3""",,
"=""657.827""","=""657.826""","=""0.003""","=""4""","=""""",,"=""22476.68""","=""37674.08""","=""5d5.(4D).6s""","=""5D""","=""4""","=""""","=""*""","=""3""",,
"=""657.977""","=""""","=""""","=""1""","=""""",,"=""""","=""""","=""""","=""""","=""""","=""""","=""""","=""""",,
"=""658.291""","=""658.289""","=""0.003""","=""12""","=""""",,"=""28291.88""","=""43478.58""","=""5d5.(2F1).6s""","=""3F""","=""3""","=""""","=""*""","=""3""",,
"=""659.006""","=""659.006""","=""0.003""","=""1""","=""""",,"=""34485.86""","=""49656.04""","=""""","=""*""","=""2""","=""5d4.6s.(6D).7s""","=""5D""","=""3""",,
"=""659.413""","=""659.410""","=""0.003""","=""3""","=""""",,"=""29853.66""","=""45014.54""","=""5d5.(4F).6s""","=""5F""","=""4""","=""""","=""*""","=""3""",,
"=""659.998""","=""659.996""","=""0.003""","=""2""","=""""",,"=""32828.12""","=""47975.54""","=""5d4.6s.(6D).6p""","=""5D*""","=""4""","=""5d4.6s.(6D).7s""","=""7D""","=""4""",,
"=""660.010""","=""660.007""","=""0.003""","=""8""","=""""",,"=""18974.51""","=""34121.68""","=""5d5.(4G).6s""","=""5G""","=""3""","=""""","=""*""","=""4""",,
"=""660.237""","=""660.233""","=""0.003""","=""1""","=""""",,"=""32826.63""","=""47968.62""","=""""","=""""","=""3""","=""""","=""*""","=""4""",,
"=""660.395""","=""660.389""","=""0.003""","=""1""","=""""",,"=""37146.36""","=""52284.76""","=""""","=""*""","=""4""","=""""","=""""","=""3""",,
"=""660.546""","=""660.546""","=""0.003""","=""2""","=""""",,"=""31323.48""","=""46458.30""","=""""","=""*""","=""1""","=""5d4.6s.(6D).7s""","=""5D""","=""1""",,
"=""660.713""","=""660.712""","=""0.003""","=""18*""","=""""",,"=""17107.01""","=""32238.02""","=""5d4.6s2""","=""3F2""","=""4""","=""""","=""*""","=""3""",,
"=""660.713""","=""660.713""","=""0.003""","=""18*""","=""""",,"=""28347.60""","=""43478.58""","=""5d5.(4F).6s""","=""5F""","=""3""","=""""","=""*""","=""3""",,
"=""660.850""","=""660.848""","=""0.003""","=""8""","=""""",,"=""36874.36""","=""52002.25""","=""""","=""*""","=""3""","=""""","=""""","=""3""",,
"=""660.905""","=""660.903""","=""0.003""","=""18""","=""4.e+04""",E,"=""15460.01""","=""30586.64""","=""5d4.6s2""","=""3D""","=""3""","=""5d4.6s.(6D).6p""","=""5P*""","=""3""",,
"=""661.162""","=""661.161""","=""0.003""","=""20""","=""""",,"=""32957.58""","=""48078.32""","=""""","=""*""","=""3""","=""5d4.6s.(6D).7s""","=""5D""","=""2""",,
"=""661.224""","=""661.224""","=""0.003""","=""2""","=""""",,"=""33952.85""","=""49072.14""","=""5d5.(4D).6s""","=""3D""","=""3""","=""""","=""*""","=""3""",,
"=""661.320""","=""661.312""","=""0.003""","=""4w*""","=""""",,"=""31389.08""","=""46506.37""","=""5d5.(4G).6s""","=""3G""","=""5""","=""""","=""*""","=""5""",,
"=""661.320""","=""661.325""","=""0.003""","=""4w*""","=""""",,"=""26861.64""","=""41978.62""","=""5d5.(2F1).6s""","=""3F""","=""2""","=""""","=""*""","=""2""",,
"=""661.390""","=""661.374""","=""0.003""","=""2""","=""""",,"=""34302.04""","=""49417.90""","=""5d5.(2G2).6s""","=""3G""","=""4""","=""""","=""*""","=""3""",,
"=""661.619""","=""""","=""""","=""2""","=""""",,"=""""","=""""","=""""","=""""","=""""","=""""","=""""","=""""",,
"=""662.064""","=""662.061""","=""0.003""","=""10""","=""""",,"=""23930.08""","=""39030.25""","=""5d5.(4D).6s""","=""5D""","=""3""","=""""","=""*""","=""2""",,
"=""662.151""","=""662.153""","=""0.003""","=""15""","=""""",,"=""36904.16""","=""52002.25""","=""""","=""*""","=""2""","=""""","=""""","=""3""",,
"=""662.174""","=""662.174""","=""0.003""","=""20""","=""""",,"=""19535.01""","=""34632.60""","=""5d5.(4G).6s""","=""5G""","=""5""","=""""","=""*""","=""4""",,
"=""662.242""","=""662.238""","=""0.003""","=""8""","=""""",,"=""24610.88""","=""39707.02""","=""5d4.6s2""","=""1F""","=""3""","=""""","=""*""","=""2""",,
"=""662.291""","=""662.289""","=""0.003""","=""4""","=""""",,"=""36190.49""","=""51285.46""","=""""","=""*""","=""1""","=""""","=""""","=""0""",,
"=""662.600""","=""""","=""""","=""4""","=""""",,"=""""","=""""","=""""","=""""","=""""","=""""","=""""","=""""",,
"=""662.651""","=""662.643""","=""0.003""","=""5""","=""""",,"=""29853.66""","=""44940.57""","=""5d5.(4F).6s""","=""5F""","=""4""","=""""","=""*""","=""4""",,
"=""663.110""","=""663.111""","=""0.003""","=""2w""","=""""",,"=""28898.96""","=""43975.22""","=""5d4.6s2""","=""3P1""","=""2""","=""""","=""*""","=""2""",,
"=""663.454""","=""""","=""""","=""2""","=""""",,"=""""","=""""","=""""","=""""","=""""","=""""","=""""","=""""",,
"=""663.504""","=""663.500""","=""0.003""","=""6""","=""""",,"=""29479.32""","=""44546.76""","=""5d4.6s2""","=""3F1""","=""4""","=""""","=""*""","=""5""",,
"=""663.602""","=""""","=""""","=""6""","=""""",,"=""""","=""""","=""""","=""""","=""""","=""""","=""""","=""""",,
"=""663.649""","=""663.645""","=""0.003""","=""4""","=""""",,"=""32378.40""","=""47442.53""","=""5d5.(2D3).6s""","=""3D""","=""1""","=""""","=""*""","=""2""",,
"=""663.668""","=""663.661""","=""0.003""","=""10*""","=""""",,"=""40269.35""","=""55333.12""","=""""","=""*""","=""3""","=""""","=""""","=""4""",,
"=""663.668""","=""663.664""","=""0.003""","=""10*""","=""""",,"=""31432.91""","=""46496.62""","=""5d4.6s.(6D).6p""","=""5F*""","=""4""","=""5d4.6s.(6D).7s""","=""7D""","=""3""",,
"=""663.897""","=""663.891""","=""0.003""","=""4""","=""""",,"=""18082.83""","=""33141.38""","=""5d4.6s2""","=""3D""","=""1""","=""""","=""*""","=""2""",,
"=""663.956""","=""""","=""""","=""1""","=""""",,"=""""","=""""","=""""","=""""","=""""","=""""","=""""","=""""",,
"=""664.358""","=""664.354""","=""0.003""","=""5""","=""""",,"=""30374.20""","=""45422.26""","=""5d4.6s2""","=""3F1""","=""2""","=""""","=""*""","=""2""",,
"=""664.386""","=""664.381""","=""0.003""","=""3""","=""""",,"=""23982.80""","=""39030.25""","=""5d5.(4D).6s""","=""5D""","=""2""","=""""","=""*""","=""2""",,
"=""664.527""","=""""","=""""","=""1""","=""""",,"=""""","=""""","=""""","=""""","=""""","=""""","=""""","=""""",,
"=""664.812""","=""664.812""","=""0.003""","=""2""","=""""",,"=""27213.82""","=""42251.51""","=""5d5.(2F1).6s""","=""3F""","=""4""","=""""","=""*""","=""3""",,
"=""665.191""","=""""","=""""","=""1""","=""""",,"=""""","=""""","=""""","=""""","=""""","=""""","=""""","=""""",,
"=""665.237""","=""""","=""""","=""1""","=""""",,"=""""","=""""","=""""","=""""","=""""","=""""","=""""","=""""",,
"=""665.298""","=""665.293""","=""0.003""","=""1""","=""""",,"=""31077.80""","=""46104.62""","=""""","=""""","=""2""","=""""","=""*""","=""1""",,
"=""665.396""","=""665.394""","=""0.003""","=""10""","=""""",,"=""18116.84""","=""33141.38""","=""5d5.(4G).6s""","=""5G""","=""2""","=""""","=""*""","=""2""",,
"=""665.444""","=""665.442""","=""0.003""","=""5*""","=""""",,"=""28204.20""","=""43227.66""","=""5d5.(4F).6s""","=""5F""","=""2""","=""""","=""*""","=""2""",,
"=""665.444""","=""665.443""","=""0.003""","=""5*""","=""""",,"=""34632.60""","=""49656.04""","=""""","=""*""","=""4""","=""5d4.6s.(6D).7s""","=""5D""","=""3""",,
"=""665.654""","=""665.648""","=""0.003""","=""12""","=""""",,"=""28392.70""","=""43411.50""","=""5d5.(2I).6s""","=""3I""","=""6""","=""""","=""*""","=""7""",,
"=""665.684""","=""665.686""","=""0.003""","=""1""","=""""",,"=""32957.58""","=""47975.54""","=""""","=""*""","=""3""","=""5d4.6s.(6D).7s""","=""7D""","=""4""",,
"=""665.703""","=""665.703""","=""0.003""","=""10w""","=""""",,"=""28233.44""","=""43251.00""","=""5d5.(4F).6s""","=""5F""","=""5""","=""""","=""*""","=""4""",,
"=""665.766""","=""665.764""","=""0.003""","=""4""","=""""",,"=""27849.80""","=""42866.00""","=""5d5.(2I).6s""","=""3I""","=""5""","=""""","=""*""","=""5""",,
"=""665.904""","=""665.900""","=""0.003""","=""4""","=""""",,"=""28204.20""","=""43217.33""","=""5d5.(4F).6s""","=""5F""","=""2""","=""""","=""*""","=""1""",,
"=""665.936""","=""""","=""""","=""1""","=""""",,"=""""","=""""","=""""","=""""","=""""","=""""","=""""","=""""",,
"=""666.318""","=""""","=""""","=""1""","=""""",,"=""""","=""""","=""""","=""""","=""""","=""""","=""""","=""""",,
"=""666.361""","=""""","=""""","=""1""","=""""",,"=""""","=""""","=""""","=""""","=""""","=""""","=""""","=""""",,
"=""666.416""","=""666.412""","=""0.003""","=""15""","=""""",,"=""16431.31""","=""31432.91""","=""5d4.6s2""","=""3G""","=""4""","=""5d4.6s.(6D).6p""","=""5F*""","=""4""",,
"=""666.480""","=""666.475""","=""0.003""","=""25""","=""""",,"=""22773.78""","=""37773.96""","=""5d5.(4D).6s""","=""5D""","=""0""","=""""","=""*""","=""1""",,
"=""666.675""","=""""","=""""","=""2w""","=""""",,"=""""","=""""","=""""","=""""","=""""","=""""","=""""","=""""",,
"=""666.922""","=""666.917""","=""0.003""","=""2""","=""""",,"=""31077.80""","=""46068.02""","=""""","=""""","=""2""","=""""","=""*""","=""3""",,
"=""667.159""","=""667.158""","=""0.003""","=""1""","=""""",,"=""35299.82""","=""50284.64""","=""""","=""""","=""4""","=""""","=""*""","=""4""",,
"=""667.412""","=""""","=""""","=""1""","=""""",,"=""""","=""""","=""""","=""""","=""""","=""""","=""""","=""""",,
"=""667.597""","=""667.594""","=""0.003""","=""15""","=""""",,"=""19253.56""","=""34228.60""","=""5d4.6s2""","=""3P2""","=""2""","=""""","=""*""","=""3""",,
"=""667.717""","=""667.713""","=""0.003""","=""15""","=""""",,"=""19256.24""","=""34228.60""","=""5d5.(4G).6s""","=""5G""","=""4""","=""""","=""*""","=""3""",,
"=""667.842""","=""667.838""","=""0.003""","=""80""","=""""",,"=""18974.51""","=""33944.06""","=""5d5.(4G).6s""","=""5G""","=""3""","=""""","=""*""","=""2""",,
"=""667.928""","=""667.921""","=""0.003""","=""2""","=""""",,"=""29479.32""","=""44447.02""","=""5d4.6s2""","=""3F1""","=""4""","=""""","=""*""","=""3""",,
"=""667.979""","=""""","=""""","=""1""","=""""",,"=""""","=""""","=""""","=""""","=""""","=""""","=""""","=""""",,
"=""668.260""","=""668.258""","=""0.003""","=""12""","=""4.3e+04""",D,"=""20983.02""","=""35943.17""","=""5d5.(4P).6s""","=""5P""","=""2""","=""""","=""*""","=""3""",,
"=""668.290""","=""668.292""","=""0.003""","=""1""","=""""",,"=""32378.40""","=""47337.79""","=""5d5.(2D3).6s""","=""3D""","=""1""","=""""","=""*""","=""2""",,
"=""669.308""","=""669.308""","=""0.003""","=""30""","=""3.6e+04""",D,"=""14976.18""","=""29912.85""","=""5d4.6s2""","=""3D""","=""2""","=""5d4.6s.(6D).6p""","=""5D*""","=""3""",,
"=""669.632""","=""669.633""","=""0.003""","=""3""","=""""",,"=""29460.98""","=""44390.42""","=""5d5.(2I).6s""","=""3I""","=""7""","=""""","=""*""","=""6""",,
"=""670.181""","=""670.175""","=""0.004""","=""4""","=""""",,"=""24789.66""","=""39707.02""","=""5d4.6s2""","=""1D2""","=""2""","=""""","=""*""","=""2""",,
"=""670.568""","=""""","=""""","=""4""","=""""",,"=""""","=""""","=""""","=""""","=""""","=""""","=""""","=""""",,
"=""670.817""","=""670.820""","=""0.004""","=""2""","=""""",,"=""27670.48""","=""42573.49""","=""5d5.(4F).6s""","=""5F""","=""1""","=""""","=""*""","=""1""",,
"=""670.860""","=""""","=""""","=""2""","=""""",,"=""""","=""""","=""""","=""""","=""""","=""""","=""""","=""""",,
"=""670.924""","=""670.919""","=""0.004""","=""4""","=""""",,"=""23455.02""","=""38355.84""","=""5d5.(4D).6s""","=""5D""","=""1""","=""""","=""*""","=""1""",,
"=""671.057""","=""""","=""""","=""3""","=""""",,"=""""","=""""","=""""","=""""","=""""","=""""","=""""","=""""",,
"=""671.328""","=""671.325""","=""0.004""","=""15""","=""2.3e+04""",E,"=""13307.10""","=""28198.90""","=""5d4.6s2""","=""3P2""","=""1""","=""5d4.6s.(6D).6p""","=""5P*""","=""1""",,
"=""671.396""","=""""","=""""","=""4""","=""""",,"=""""","=""""","=""""","=""""","=""""","=""""","=""""","=""""",,
"=""671.859""","=""671.855""","=""0.004""","=""5""","=""""",,"=""28347.60""","=""43227.66""","=""5d5.(4F).6s""","=""5F""","=""3""","=""""","=""*""","=""2""",,
"=""671.989""","=""671.986""","=""0.004""","=""8""","=""""",,"=""32378.40""","=""47255.55""","=""5d5.(2D3).6s""","=""3D""","=""1""","=""""","=""*""","=""1""",,
"=""672.518""","=""672.516""","=""0.004""","=""15""","=""3.2e+04""",E,"=""19256.24""","=""34121.68""","=""5d5.(4G).6s""","=""5G""","=""4""","=""""","=""*""","=""4""",,
"=""672.642""","=""672.640""","=""0.004""","=""4""","=""""",,"=""32826.63""","=""47689.33""","=""""","=""""","=""3""","=""""","=""*""","=""4""",,
"=""672.915""","=""672.911""","=""0.004""","=""4""","=""""",,"=""40476.42""","=""55333.12""","=""""","=""*""","=""5""","=""""","=""""","=""4""",,
"=""673.304""","=""673.304""","=""0.004""","=""14""","=""""",,"=""36275.10""","=""51123.14""","=""""","=""*""","=""5""","=""5d4.6s.(6D).7s""","=""5D""","=""4""",,
"=""673.400""","=""673.400""","=""0.004""","=""1""","=""""",,"=""34302.04""","=""49147.95""","=""5d5.(2G2).6s""","=""3G""","=""4""","=""""","=""*""","=""4""",,
"=""674.008""","=""674.010""","=""0.004""","=""12w""","=""""",,"=""22476.68""","=""37309.16""","=""5d5.(4D).6s""","=""5D""","=""4""","=""""","=""*""","=""5""",,
"=""674.436""","=""""","=""""","=""1""","=""""",,"=""""","=""""","=""""","=""""","=""""","=""""","=""""","=""""",,
"=""674.547""","=""""","=""""","=""7""","=""""",,"=""""","=""""","=""""","=""""","=""""","=""""","=""""","=""""",,
"=""674.656""","=""674.652""","=""0.004""","=""15""","=""""",,"=""23930.08""","=""38748.44""","=""5d5.(4D).6s""","=""5D""","=""3""","=""""","=""*""","=""4""",,
"=""675.019""","=""""","=""""","=""1""","=""""",,"=""""","=""""","=""""","=""""","=""""","=""""","=""""","=""""",,
"=""675.267""","=""675.265""","=""0.004""","=""1""","=""""",,"=""19827.68""","=""34632.60""","=""5d5.(4P).6s""","=""5P""","=""3""","=""""","=""*""","=""4""",,
"=""675.460""","=""675.459""","=""0.004""","=""10""","=""""",,"=""28233.44""","=""43034.10""","=""5d5.(4F).6s""","=""5F""","=""5""","=""""","=""*""","=""5""",,
"=""675.575""","=""""","=""""","=""4""","=""""",,"=""""","=""""","=""""","=""""","=""""","=""""","=""""","=""""",,
"=""675.638""","=""""","=""""","=""2""","=""""",,"=""""","=""""","=""""","=""""","=""""","=""""","=""""","=""""",,
"=""675.678""","=""675.676""","=""0.004""","=""1""","=""""",,"=""32135.94""","=""46931.84""","=""5d5.(4G).6s""","=""3G""","=""4""","=""""","=""*""","=""4""",,
"=""675.784""","=""675.791""","=""0.004""","=""5w""","=""""",,"=""35731.96""","=""50525.35""","=""""","=""*""","=""2""","=""""","=""""","=""2""",,
"=""676.445""","=""676.444""","=""0.004""","=""15""","=""""",,"=""27670.48""","=""42449.60""","=""5d5.(4F).6s""","=""5F""","=""1""","=""""","=""*""","=""2""",,
"=""676.604""","=""""","=""""","=""1""","=""""",,"=""""","=""""","=""""","=""""","=""""","=""""","=""""","=""""",,
"=""676.778""","=""676.777""","=""0.004""","=""8""","=""""",,"=""34302.04""","=""49073.88""","=""5d5.(2G2).6s""","=""3G""","=""4""","=""""","=""*""","=""5""",,
"=""677.004""","=""677.007""","=""0.004""","=""8""","=""""",,"=""32826.63""","=""47593.44""","=""""","=""""","=""3""","=""""","=""*""","=""3""",,
"=""677.833""","=""677.828""","=""0.004""","=""10""","=""""",,"=""20983.02""","=""35731.96""","=""5d5.(4P).6s""","=""5P""","=""2""","=""""","=""*""","=""2""",,
"=""678.278""","=""""","=""""","=""2w""","=""""",,"=""""","=""""","=""""","=""""","=""""","=""""","=""""","=""""",,
"=""678.769""","=""""","=""""","=""1""","=""""",,"=""""","=""""","=""""","=""""","=""""","=""""","=""""","=""""",,
"=""679.242""","=""679.237""","=""0.004""","=""4""","=""""",,"=""23484.78""","=""38203.12""","=""5d4.6s2""","=""1I""","=""6""","=""""","=""*""","=""6""",,
"=""679.298""","=""679.293""","=""0.004""","=""10*""","=""""",,"=""31389.08""","=""46106.20""","=""5d5.(4G).6s""","=""3G""","=""5""","=""""","=""*""","=""6""",,
"=""679.298""","=""679.303""","=""0.004""","=""10*""","=""""",,"=""37466.30""","=""52183.20""","=""""","=""*""","=""2""","=""""","=""""","=""2""",,
"=""679.364""","=""679.358""","=""0.004""","=""3""","=""""",,"=""36190.49""","=""50906.20""","=""""","=""*""","=""1""","=""""","=""""","=""1""",,
"=""679.556""","=""""","=""""","=""2""","=""""",,"=""""","=""""","=""""","=""""","=""""","=""""","=""""","=""""",,
"=""679.634""","=""""","=""""","=""6""","=""""",,"=""""","=""""","=""""","=""""","=""""","=""""","=""""","=""""",,
"=""679.930""","=""679.927""","=""0.004""","=""12""","=""""",,"=""15069.93""","=""29773.34""","=""5d4.6s2""","=""3H""","=""5""","=""5d4.6s.(6D).6p""","=""7D*""","=""5""",,
"=""680.408""","=""680.404""","=""0.004""","=""10""","=""""",,"=""29853.66""","=""44546.76""","=""5d5.(4F).6s""","=""5F""","=""4""","=""""","=""*""","=""5""",,
"=""680.531""","=""680.524""","=""0.004""","=""25""","=""""",,"=""19253.56""","=""33944.06""","=""5d4.6s2""","=""3P2""","=""2""","=""""","=""*""","=""2""",,
"=""680.878""","=""680.880""","=""0.004""","=""1""","=""""",,"=""27849.80""","=""42532.62""","=""5d5.(2I).6s""","=""3I""","=""5""","=""""","=""*""","=""4""",,
"=""681.138""","=""681.136""","=""0.004""","=""12""","=""""",,"=""28233.44""","=""42910.74""","=""5d5.(4F).6s""","=""5F""","=""5""","=""""","=""*""","=""4""",,
"=""681.258""","=""""","=""""","=""1""","=""""",,"=""""","=""""","=""""","=""""","=""""","=""""","=""""","=""""",,
"=""681.492""","=""681.490""","=""0.004""","=""20""","=""1.46e+05""",D,"=""22476.68""","=""37146.36""","=""5d5.(4D).6s""","=""5D""","=""4""","=""""","=""*""","=""4""",,
"=""681.624""","=""""","=""""","=""12""","=""""",,"=""""","=""""","=""""","=""""","=""""","=""""","=""""","=""""",,
"=""681.770""","=""""","=""""","=""1""","=""""",,"=""""","=""""","=""""","=""""","=""""","=""""","=""""","=""""",,
"=""681.989""","=""""","=""""","=""4""","=""""",,"=""""","=""""","=""""","=""""","=""""","=""""","=""""","=""""",,
"=""682.027""","=""682.025""","=""0.004""","=""20*""","=""""",,"=""19827.68""","=""34485.86""","=""5d5.(4P).6s""","=""5P""","=""3""","=""""","=""*""","=""2""",,
"=""682.027""","=""682.028""","=""0.004""","=""20*""","=""""",,"=""27213.82""","=""41871.94""","=""5d5.(2F1).6s""","=""3F""","=""4""","=""""","=""*""","=""4""",,
"=""682.592""","=""682.589""","=""0.004""","=""1""","=""""",,"=""40011.50""","=""54657.56""","=""""","=""*""","=""2""","=""""","=""""","=""3""",,
"=""682.649""","=""682.647""","=""0.004""","=""4""","=""""",,"=""30374.20""","=""45019.02""","=""5d4.6s2""","=""3F1""","=""2""","=""""","=""*""","=""2""",,
"=""682.843""","=""682.840""","=""0.004""","=""20""","=""""",,"=""31817.63""","=""46458.30""","=""""","=""*""","=""2""","=""5d4.6s.(6D).7s""","=""5D""","=""1""",,
"=""682.975""","=""682.975""","=""0.004""","=""1""","=""""",,"=""26861.64""","=""41499.43""","=""5d5.(2F1).6s""","=""3F""","=""2""","=""""","=""*""","=""3""",,
"=""683.219""","=""683.219""","=""0.004""","=""8""","=""""",,"=""28233.44""","=""42866.00""","=""5d5.(4F).6s""","=""5F""","=""5""","=""""","=""*""","=""5""",,
"=""683.863""","=""683.859""","=""0.004""","=""8""","=""""",,"=""28291.88""","=""42910.74""","=""5d5.(2F1).6s""","=""3F""","=""3""","=""""","=""*""","=""4""",,
"=""684.008""","=""684.006""","=""0.004""","=""8""","=""""",,"=""28898.96""","=""43514.68""","=""5d4.6s2""","=""3P1""","=""2""","=""""","=""*""","=""2""",,
"=""684.488""","=""684.485""","=""0.004""","=""10""","=""""",,"=""33370.04""","=""47975.54""","=""5d4.6s.(6D).6p""","=""5F*""","=""5""","=""5d4.6s.(6D).7s""","=""7D""","=""4""",,
"=""684.690""","=""684.688""","=""0.004""","=""1*""","=""""",,"=""37414.11""","=""52015.28""","=""""","=""""","=""3""","=""""","=""*""","=""3""",,
"=""684.690""","=""684.695""","=""0.004""","=""1*""","=""""",,"=""33569.53""","=""48170.55""","=""""","=""""","=""4""","=""""","=""*""","=""3""",,
"=""684.725""","=""684.722""","=""0.004""","=""12""","=""""",,"=""27849.80""","=""42450.24""","=""5d5.(2I).6s""","=""3I""","=""5""","=""""","=""*""","=""4""",,
"=""685.125""","=""685.126""","=""0.004""","=""2""","=""""",,"=""27670.48""","=""42262.30""","=""5d5.(4F).6s""","=""5F""","=""1""","=""""","=""*""","=""1""",,
"=""685.284""","=""685.280""","=""0.004""","=""2""","=""""",,"=""32217.91""","=""46806.45""","=""""","=""""","=""3""","=""""","=""*""","=""2""",,
"=""685.374""","=""685.368""","=""0.004""","=""30""","=""3.6e+04""",D,"=""19535.01""","=""34121.68""","=""5d5.(4G).6s""","=""5G""","=""5""","=""""","=""*""","=""4""",,
"=""685.700""","=""685.700""","=""0.004""","=""1w""","=""""",,"=""28898.96""","=""43478.58""","=""5d4.6s2""","=""3P1""","=""2""","=""""","=""*""","=""3""",,
"=""686.116""","=""""","=""""","=""1""","=""""",,"=""""","=""""","=""""","=""""","=""""","=""""","=""""","=""""",,
"=""686.207""","=""686.207""","=""0.004""","=""5""","=""""",,"=""33569.53""","=""48138.38""","=""""","=""""","=""4""","=""""","=""*""","=""5""",,
"=""686.481""","=""686.476""","=""0.004""","=""15""","=""""",,"=""28347.60""","=""42910.74""","=""5d5.(4F).6s""","=""5F""","=""3""","=""""","=""*""","=""4""",,
"=""686.665""","=""686.669""","=""0.004""","=""2""","=""""",,"=""33291.80""","=""47850.84""","=""5d5.(2I).6s""","=""1I""","=""6""","=""""","=""*""","=""5""",,
"=""687.113""","=""""","=""""","=""1""","=""""",,"=""""","=""""","=""""","=""""","=""""","=""""","=""""","=""""",,
"=""687.484""","=""687.489""","=""0.004""","=""10*""","=""""",,"=""29479.32""","=""44021.00""","=""5d4.6s2""","=""3F1""","=""4""","=""""","=""*""","=""3""",,
"=""687.484""","=""687.489""","=""0.004""","=""10*""","=""""",,"=""30683.54""","=""45225.22""","=""""","=""*""","=""1""","=""5d4.6s.(6D).7s""","=""5D""","=""0""",,
"=""687.516""","=""687.515""","=""0.004""","=""3""","=""""",,"=""13348.56""","=""27889.68""","=""5d4.6s2""","=""3G""","=""3""","=""5d5.(6S).6p""","=""7P*""","=""4""",,
"=""687.601""","=""687.603""","=""0.004""","=""20""","=""""",,"=""35116.78""","=""49656.04""","=""""","=""*""","=""4""","=""5d4.6s.(6D).7s""","=""5D""","=""3""",,
"=""687.673""","=""""","=""""","=""2""","=""""",,"=""""","=""""","=""""","=""""","=""""","=""""","=""""","=""""",,
"=""687.723""","=""687.718""","=""0.004""","=""1""","=""""",,"=""17701.18""","=""32238.02""","=""5d4.6s2""","=""3F2""","=""3""","=""""","=""*""","=""3""",,
"=""687.759""","=""687.760""","=""0.004""","=""15""","=""""",,"=""37466.30""","=""52002.25""","=""""","=""*""","=""2""","=""""","=""""","=""3""",,
"=""688.215""","=""688.212""","=""0.004""","=""5""","=""""",,"=""19827.68""","=""34354.08""","=""5d5.(4P).6s""","=""5P""","=""3""","=""""","=""*""","=""3""",,
"=""688.703""","=""688.699""","=""0.004""","=""5""","=""""",,"=""20983.02""","=""35499.15""","=""5d5.(4P).6s""","=""5P""","=""2""","=""""","=""*""","=""3""",,
"=""688.781""","=""688.775""","=""0.004""","=""10""","=""2.e+03""",D,"=""12161.96""","=""26676.48""","=""5d4.6s2""","=""3H""","=""4""","=""5d4.6s.(6D).6p""","=""7F*""","=""5""",,
"=""689.143""","=""689.143""","=""0.004""","=""4""","=""""",,"=""28720.88""","=""43227.66""","=""5d5.(4P).6s""","=""3P""","=""1""","=""""","=""*""","=""2""",,
"=""689.180""","=""689.176""","=""0.004""","=""8""","=""""",,"=""29479.32""","=""43985.41""","=""5d4.6s2""","=""3F1""","=""4""","=""""","=""*""","=""4""",,
"=""689.320""","=""""","=""""","=""2""","=""""",,"=""""","=""""","=""""","=""""","=""""","=""""","=""""","=""""",,
"=""690.054""","=""690.049""","=""0.004""","=""12""","=""""",,"=""33201.61""","=""47689.33""","=""5d5.(2G2).6s""","=""3G""","=""5""","=""""","=""*""","=""4""",,
"=""690.380""","=""""","=""""","=""2w""","=""""",,"=""""","=""""","=""""","=""""","=""""","=""""","=""""","=""""",,
"=""690.420""","=""690.416""","=""0.004""","=""3""","=""""",,"=""31389.08""","=""45869.10""","=""5d5.(4G).6s""","=""3G""","=""5""","=""""","=""*""","=""4""",,
"=""690.488""","=""""","=""""","=""3""","=""""",,"=""""","=""""","=""""","=""""","=""""","=""""","=""""","=""""",,
"=""690.673""","=""""","=""""","=""3""","=""""",,"=""""","=""""","=""""","=""""","=""""","=""""","=""""","=""""",,
"=""690.746""","=""690.737""","=""0.004""","=""5""","=""""",,"=""28392.70""","=""42866.00""","=""5d5.(2I).6s""","=""3I""","=""6""","=""""","=""*""","=""5""",,
"=""690.829""","=""690.828""","=""0.004""","=""20""","=""3.37e+04""",C,"=""13307.10""","=""27778.50""","=""5d4.6s2""","=""3P2""","=""1""","=""5d4.6s.(6D).6p""","=""5D*""","=""1""",,
"=""691.552""","=""691.546""","=""0.004""","=""10""","=""""",,"=""22852.80""","=""37309.16""","=""5d4.6s2""","=""1G2""","=""4""","=""""","=""*""","=""5""",,
"=""691.719""","=""691.715""","=""0.004""","=""10""","=""1.0e+04""",E,"=""15460.01""","=""29912.85""","=""5d4.6s2""","=""3D""","=""3""","=""5d4.6s.(6D).6p""","=""5D*""","=""3""",,
"=""692.097""","=""692.093""","=""0.004""","=""20""","=""""",,"=""29479.32""","=""43924.25""","=""5d4.6s2""","=""3F1""","=""4""","=""""","=""*""","=""5""",,
"=""692.665""","=""""","=""""","=""1w""","=""""",,"=""""","=""""","=""""","=""""","=""""","=""""","=""""","=""""",,
"=""692.902""","=""692.903""","=""0.004""","=""1w""","=""""",,"=""32378.40""","=""46806.45""","=""5d5.(2D3).6s""","=""3D""","=""1""","=""""","=""*""","=""2""",,
"=""693.423""","=""693.424""","=""0.004""","=""30""","=""1.5e+04""",D,"=""14976.18""","=""29393.40""","=""5d4.6s2""","=""3D""","=""2""","=""5d4.6s.(6D).6p""","=""5P*""","=""2""",,
"=""694.210""","=""694.209""","=""0.004""","=""3""","=""""",,"=""19827.68""","=""34228.60""","=""5d5.(4P).6s""","=""5P""","=""3""","=""""","=""*""","=""3""",,
"=""694.256""","=""694.250""","=""0.004""","=""3""","=""""",,"=""31389.08""","=""45789.14""","=""5d5.(4G).6s""","=""3G""","=""5""","=""""","=""*""","=""5""",,
"=""694.308""","=""""","=""""","=""3w""","=""""",,"=""""","=""""","=""""","=""""","=""""","=""""","=""""","=""""",,
"=""694.368""","=""694.365""","=""0.004""","=""12""","=""""",,"=""22476.68""","=""36874.36""","=""5d5.(4D).6s""","=""5D""","=""4""","=""""","=""*""","=""3""",,
"=""694.400""","=""694.398""","=""0.004""","=""3""","=""""",,"=""28204.20""","=""42601.19""","=""5d5.(4F).6s""","=""5F""","=""2""","=""""","=""*""","=""3""",,
"=""695.255""","=""""","=""""","=""2""","=""""",,"=""""","=""""","=""""","=""""","=""""","=""""","=""""","=""""",,
"=""695.559""","=""695.555""","=""0.004""","=""15""","=""""",,"=""23982.80""","=""38355.84""","=""5d5.(4D).6s""","=""5D""","=""2""","=""""","=""*""","=""1""",,
"=""695.632""","=""695.629""","=""0.004""","=""1""","=""""",,"=""29479.32""","=""43850.84""","=""5d4.6s2""","=""3F1""","=""4""","=""""","=""*""","=""3""",,
"=""695.684""","=""695.682""","=""0.004""","=""10""","=""""",,"=""32135.94""","=""46506.37""","=""5d5.(4G).6s""","=""3G""","=""4""","=""""","=""*""","=""5""",,
"=""695.739""","=""695.737""","=""0.004""","=""2""","=""""",,"=""28204.20""","=""42573.49""","=""5d5.(4F).6s""","=""5F""","=""2""","=""""","=""*""","=""1""",,
"=""695.877""","=""""","=""""","=""8""","=""""",,"=""""","=""""","=""""","=""""","=""""","=""""","=""""","=""""",,
"=""696.412""","=""696.409""","=""0.004""","=""25""","=""2.28e+04""",C,"=""13307.10""","=""27662.52""","=""5d4.6s2""","=""3P2""","=""1""","=""5d4.6s.(6D).6p""","=""5F*""","=""2""",,
"=""696.496""","=""""","=""""","=""4""","=""""",,"=""""","=""""","=""""","=""""","=""""","=""""","=""""","=""""",,
"=""696.943""","=""696.940""","=""0.004""","=""6""","=""""",,"=""35311.56""","=""49656.04""","=""""","=""*""","=""2""","=""5d4.6s.(6D).7s""","=""5D""","=""3""",,
"=""697.164""","=""697.160""","=""0.004""","=""15""","=""""",,"=""33201.61""","=""47541.56""","=""5d5.(2G2).6s""","=""3G""","=""5""","=""""","=""*""","=""6""",,
"=""697.411""","=""697.408""","=""0.004""","=""3""","=""""",,"=""36190.49""","=""50525.35""","=""""","=""*""","=""1""","=""""","=""""","=""2""",,
"=""697.489""","=""697.489""","=""0.004""","=""4""","=""""",,"=""30586.64""","=""44919.84""","=""5d4.6s.(6D).6p""","=""5P*""","=""3""","=""5d4.6s.(6D).7s""","=""7D""","=""2""",,
"=""697.729""","=""697.715""","=""0.004""","=""5*""","=""""",,"=""20983.02""","=""35311.56""","=""5d5.(4P).6s""","=""5P""","=""2""","=""""","=""*""","=""2""",,
"=""697.729""","=""697.733""","=""0.004""","=""5*""","=""""",,"=""37674.08""","=""52002.25""","=""""","=""*""","=""3""","=""""","=""""","=""3""",,
"=""697.784""","=""""","=""""","=""2""","=""""",,"=""""","=""""","=""""","=""""","=""""","=""""","=""""","=""""",,
"=""697.847""","=""697.844""","=""0.004""","=""3""","=""""",,"=""17107.01""","=""31432.91""","=""5d4.6s2""","=""3F2""","=""4""","=""5d4.6s.(6D).6p""","=""5F*""","=""4""",,
"=""698.188""","=""698.183""","=""0.004""","=""6""","=""""",,"=""23455.02""","=""37773.96""","=""5d5.(4D).6s""","=""5D""","=""1""","=""""","=""*""","=""1""",,
"=""698.427""","=""698.426""","=""0.004""","=""40""","=""4.4e+04""",D,"=""13348.56""","=""27662.52""","=""5d4.6s2""","=""3G""","=""3""","=""5d4.6s.(6D).6p""","=""5F*""","=""2""",,
"=""698.580""","=""""","=""""","=""1""","=""""",,"=""""","=""""","=""""","=""""","=""""","=""""","=""""","=""""",,
"=""698.927""","=""698.926""","=""0.004""","=""15""","=""""",,"=""18082.83""","=""32386.56""","=""5d4.6s2""","=""3D""","=""1""","=""""","=""*""","=""0""",,
"=""699.150""","=""699.148""","=""0.004""","=""12""","=""""",,"=""28233.44""","=""42532.62""","=""5d5.(4F).6s""","=""5F""","=""5""","=""""","=""*""","=""4""",,
"=""699.184""","=""""","=""""","=""1""","=""""",,"=""""","=""""","=""""","=""""","=""""","=""""","=""""","=""""",,
"=""699.296""","=""699.294""","=""0.004""","=""10""","=""""",,"=""31077.80""","=""45374.00""","=""""","=""""","=""2""","=""""","=""*""","=""1""",,
"=""699.327""","=""699.321""","=""0.004""","=""30""","=""5.8e+04""",D,"=""19826.04""","=""34121.68""","=""5d4.6s2""","=""3G""","=""5""","=""""","=""*""","=""4""",,
"=""699.365""","=""699.364""","=""0.004""","=""4""","=""""",,"=""27670.48""","=""41965.24""","=""5d5.(4F).6s""","=""5F""","=""1""","=""""","=""*""","=""0""",,
"=""699.406""","=""699.401""","=""0.004""","=""15""","=""5.2e+04""",D,"=""19827.68""","=""34121.68""","=""5d5.(4P).6s""","=""5P""","=""3""","=""""","=""*""","=""4""",,
"=""700.156""","=""""","=""""","=""2""","=""""",,"=""""","=""""","=""""","=""""","=""""","=""""","=""""","=""""",,
"=""700.270""","=""700.268""","=""0.004""","=""10""","=""""",,"=""23930.08""","=""38206.38""","=""5d5.(4D).6s""","=""5D""","=""3""","=""""","=""*""","=""3""",,
"=""700.968""","=""700.968""","=""0.004""","=""8""","=""""",,"=""29479.32""","=""43741.37""","=""5d4.6s2""","=""3F1""","=""4""","=""""","=""*""","=""5""",,
"=""701.140""","=""701.138""","=""0.004""","=""6""","=""""",,"=""32238.02""","=""46496.62""","=""""","=""*""","=""3""","=""5d4.6s.(6D).7s""","=""7D""","=""3""",,
"=""701.338""","=""""","=""""","=""1""","=""""",,"=""""","=""""","=""""","=""""","=""""","=""""","=""""","=""""",,
"=""701.452""","=""""","=""""","=""3w""","=""""",,"=""""","=""""","=""""","=""""","=""""","=""""","=""""","=""""",,
"=""701.576""","=""701.573""","=""0.004""","=""8""","=""""",,"=""33291.80""","=""47541.56""","=""5d5.(2I).6s""","=""1I""","=""6""","=""""","=""*""","=""6""",,
"=""701.622""","=""701.621""","=""0.004""","=""8""","=""""",,"=""36874.36""","=""51123.14""","=""""","=""*""","=""3""","=""5d4.6s.(6D).7s""","=""5D""","=""4""",,
"=""701.788""","=""701.787""","=""0.004""","=""20""","=""""",,"=""28204.20""","=""42449.60""","=""5d5.(4F).6s""","=""5F""","=""2""","=""""","=""*""","=""2""",,
"=""702.026""","=""702.024""","=""0.004""","=""8""","=""""",,"=""24789.66""","=""39030.25""","=""5d4.6s2""","=""1D2""","=""2""","=""""","=""*""","=""2""",,
"=""702.789""","=""""","=""""","=""5""","=""""",,"=""""","=""""","=""""","=""""","=""""","=""""","=""""","=""""",,
"=""702.868""","=""702.864""","=""0.004""","=""12""","=""""",,"=""23982.80""","=""38206.38""","=""5d5.(4D).6s""","=""5D""","=""2""","=""""","=""*""","=""3""",,
"=""703.050""","=""703.058""","=""0.004""","=""10""","=""""",,"=""14976.18""","=""29195.84""","=""5d4.6s2""","=""3D""","=""2""","=""5d4.6s.(6D).6p""","=""5D*""","=""2""",,
"=""703.156""","=""703.155""","=""0.004""","=""2""","=""""",,"=""33952.85""","=""48170.55""","=""5d5.(4D).6s""","=""3D""","=""3""","=""""","=""*""","=""3""",,
"=""703.199""","=""703.199""","=""0.004""","=""3""","=""""",,"=""28233.44""","=""42450.24""","=""5d5.(4F).6s""","=""5F""","=""5""","=""""","=""*""","=""4""",,
"=""703.238""","=""""","=""""","=""4""","=""""",,"=""""","=""""","=""""","=""""","=""""","=""""","=""""","=""""",,
"=""703.314""","=""703.312""","=""0.004""","=""2""","=""""",,"=""35299.82""","=""49514.34""","=""""","=""""","=""4""","=""""","=""*""","=""3""",,
"=""703.332""","=""""","=""""","=""3""","=""""",,"=""""","=""""","=""""","=""""","=""""","=""""","=""""","=""""",,
"=""703.480""","=""""","=""""","=""3""","=""""",,"=""""","=""""","=""""","=""""","=""""","=""""","=""""","=""""",,
"=""704.394""","=""704.395""","=""0.004""","=""4w""","=""""",,"=""37414.11""","=""51606.78""","=""""","=""""","=""3""","=""""","=""*""","=""2""",,
"=""705.616""","=""705.609""","=""0.004""","=""12""","=""""",,"=""20174.20""","=""34342.44""","=""5d4.6s2""","=""1S2""","=""0""","=""""","=""*""","=""1""",,
"=""705.659""","=""705.654""","=""0.004""","=""3""","=""""",,"=""29853.66""","=""44021.00""","=""5d5.(4F).6s""","=""5F""","=""4""","=""""","=""*""","=""3""",,
"=""705.873""","=""705.873""","=""0.004""","=""10*""","=""""",,"=""14976.18""","=""29139.12""","=""5d4.6s2""","=""3D""","=""2""","=""5d4.6s.(6D).6p""","=""5F*""","=""3""",,
"=""705.873""","=""705.876""","=""0.004""","=""10*""","=""""",,"=""37773.96""","=""51936.84""","=""""","=""*""","=""1""","=""""","=""""","=""2""",,
"=""706.086""","=""706.091""","=""0.004""","=""5""","=""""",,"=""33201.61""","=""47360.19""","=""5d5.(2G2).6s""","=""3G""","=""5""","=""""","=""*""","=""4""",,
"=""706.104""","=""706.102""","=""0.004""","=""10""","=""""",,"=""28291.88""","=""42450.24""","=""5d5.(2F1).6s""","=""3F""","=""3""","=""""","=""*""","=""4""",,
"=""706.136""","=""706.134""","=""0.004""","=""12""","=""""",,"=""28291.88""","=""42449.60""","=""5d5.(2F1).6s""","=""3F""","=""3""","=""""","=""*""","=""2""",,
"=""706.176""","=""706.175""","=""0.004""","=""2""","=""""",,"=""35499.15""","=""49656.04""","=""""","=""*""","=""3""","=""5d4.6s.(6D).7s""","=""5D""","=""3""",,
"=""706.688""","=""""","=""""","=""2w""","=""""",,"=""""","=""""","=""""","=""""","=""""","=""""","=""""","=""""",,
"=""706.749""","=""""","=""""","=""2w""","=""""",,"=""""","=""""","=""""","=""""","=""""","=""""","=""""","=""""",,
"=""707.044""","=""707.041""","=""0.004""","=""5""","=""""",,"=""13348.56""","=""27488.11""","=""5d4.6s2""","=""3G""","=""3""","=""5d5.(6S).6p""","=""7P*""","=""3""",,
"=""707.070""","=""""","=""""","=""2""","=""""",,"=""""","=""""","=""""","=""""","=""""","=""""","=""""","=""""",,
"=""707.145""","=""707.141""","=""0.004""","=""3""","=""""",,"=""24610.88""","=""38748.44""","=""5d4.6s2""","=""1F""","=""3""","=""""","=""*""","=""4""",,
"=""707.181""","=""""","=""""","=""2w""","=""""",,"=""""","=""""","=""""","=""""","=""""","=""""","=""""","=""""",,
"=""707.378""","=""""","=""""","=""1""","=""""",,"=""""","=""""","=""""","=""""","=""""","=""""","=""""","=""""",,
"=""707.430""","=""707.431""","=""0.004""","=""4""","=""""",,"=""29853.66""","=""43985.41""","=""5d5.(4F).6s""","=""5F""","=""4""","=""""","=""*""","=""4""",,
"=""707.501""","=""707.511""","=""0.004""","=""2w""","=""""",,"=""38053.05""","=""52183.20""","=""""","=""*""","=""3""","=""""","=""""","=""2""",,
"=""707.585""","=""""","=""""","=""1""","=""""",,"=""""","=""""","=""""","=""""","=""""","=""""","=""""","=""""",,
"=""707.675""","=""""","=""""","=""2""","=""""",,"=""""","=""""","=""""","=""""","=""""","=""""","=""""","=""""",,
"=""707.874""","=""707.871""","=""0.004""","=""2""","=""""",,"=""23930.08""","=""38053.05""","=""5d5.(4D).6s""","=""5D""","=""3""","=""""","=""*""","=""3""",,
"=""707.961""","=""707.961""","=""0.004""","=""1""","=""""",,"=""18116.84""","=""32238.02""","=""5d5.(4G).6s""","=""5G""","=""2""","=""""","=""*""","=""3""",,
"=""708.121""","=""708.116""","=""0.004""","=""1""","=""""",,"=""35299.82""","=""49417.90""","=""""","=""""","=""4""","=""""","=""*""","=""3""",,
"=""708.203""","=""708.198""","=""0.004""","=""8w*""","=""""",,"=""17701.18""","=""31817.63""","=""5d4.6s2""","=""3F2""","=""3""","=""""","=""*""","=""2""",,
"=""708.203""","=""708.202""","=""0.004""","=""8w*""","=""""",,"=""19827.68""","=""33944.06""","=""5d5.(4P).6s""","=""5P""","=""3""","=""""","=""*""","=""2""",,
"=""708.332""","=""708.331""","=""0.004""","=""6""","=""""",,"=""19256.24""","=""33370.04""","=""5d5.(4G).6s""","=""5G""","=""4""","=""5d4.6s.(6D).6p""","=""5F*""","=""5""",,
"=""708.381""","=""""","=""""","=""1""","=""""",,"=""""","=""""","=""""","=""""","=""""","=""""","=""""","=""""",,
"=""708.899""","=""708.892""","=""0.004""","=""1""","=""""",,"=""28347.60""","=""42450.24""","=""5d5.(4F).6s""","=""5F""","=""3""","=""""","=""*""","=""4""",,
"=""708.929""","=""708.924""","=""0.004""","=""10""","=""""",,"=""28347.60""","=""42449.60""","=""5d5.(4F).6s""","=""5F""","=""3""","=""""","=""*""","=""2""",,
"=""709.196""","=""""","=""""","=""1""","=""""",,"=""""","=""""","=""""","=""""","=""""","=""""","=""""","=""""",,
"=""709.221""","=""""","=""""","=""1""","=""""",,"=""""","=""""","=""""","=""""","=""""","=""""","=""""","=""""",,
"=""709.822""","=""709.821""","=""0.004""","=""15""","=""""",,"=""29430.50""","=""43514.68""","=""""","=""""","=""3""","=""""","=""*""","=""2""",,
