obs_wl_air(nm),unc_obs_wl,ritz_wl_air(nm),intens,Aki(s^-1),Acc,Ei(cm-1),Ek(cm-1),conf_i,term_i,J_i,conf_k,term_k,J_k,Type,
"=""334.004""","=""0.001""","=""334.004+""","=""1-""","=""""",,"=""67067.547""","=""96998.7""","=""5p5.(2P*<3/2>).6s""","=""2[3/2]*""","=""2""","=""5p5.(2P*<3/2>).15p""","=""2[5/2]""","=""3""",,
"=""334.863""","=""0.001""","=""334.8676+""","=""1-""","=""""",,"=""67067.547""","=""96921.51""","=""5p5.(2P*<3/2>).6s""","=""2[3/2]*""","=""2""","=""5p5.(2P*<3/2>).11f""","=""2[5/2]""","=""3""",,
"=""335.817""","=""0.001""","=""335.8167+""","=""1h-""","=""""",,"=""67067.547""","=""96837.14""","=""5p5.(2P*<3/2>).6s""","=""2[3/2]*""","=""2""","=""5p5.(2P*<3/2>).14p""","=""2[3/2]""","=""2""",,
"=""335.896""","=""0.001""","=""335.8957+""","=""1h-""","=""""",,"=""67067.547""","=""96830.14""","=""5p5.(2P*<3/2>).6s""","=""2[3/2]*""","=""2""","=""5p5.(2P*<3/2>).14p""","=""2[5/2]""","=""3""",,
"=""337.034""","=""0.001""","=""337.0355+""","=""1h""","=""""",,"=""67067.547""","=""96729.49""","=""5p5.(2P*<3/2>).6s""","=""2[3/2]*""","=""2""","=""5p5.(2P*<3/2>).10f""","=""2[5/2]""","=""3""",,
"=""338.320""","=""0.001""","=""338.3197+""","=""1""","=""""",,"=""67067.547""","=""96616.90""","=""5p5.(2P*<3/2>).6s""","=""2[3/2]*""","=""2""","=""5p5.(2P*<3/2>).13p""","=""2[3/2]""","=""2""",,
"=""338.436""","=""0.001""","=""338.4358+""","=""1""","=""""",,"=""67067.547""","=""96606.77""","=""5p5.(2P*<3/2>).6s""","=""2[3/2]*""","=""2""","=""5p5.(2P*<3/2>).13p""","=""2[5/2]""","=""3""",,
"=""340.007""","=""0.001""","=""340.0132+""","=""2""","=""""",,"=""67067.547""","=""96469.73""","=""5p5.(2P*<3/2>).6s""","=""2[3/2]*""","=""2""","=""5p5.(2P*<3/2>).9f""","=""2[5/2]""","=""3""",,
"=""340.079""","=""0.001""","=""340.0879+""","=""1-""","=""""",,"=""67067.547""","=""96463.27""","=""5p5.(2P*<3/2>).6s""","=""2[3/2]*""","=""2""","=""5p5.(2P*<3/2>).9f""","=""2[3/2]""","=""2""",,
"=""341.837""","=""0.001""","=""341.8367+""","=""2""","=""""",,"=""67067.547""","=""96312.89""","=""5p5.(2P*<3/2>).6s""","=""2[3/2]*""","=""2""","=""5p5.(2P*<3/2>).12p""","=""2[3/2]""","=""2""",,
"=""342.000""","=""0.001""","=""341.9998+""","=""2""","=""""",,"=""67067.547""","=""96298.95""","=""5p5.(2P*<3/2>).6s""","=""2[3/2]*""","=""2""","=""5p5.(2P*<3/2>).12p""","=""2[5/2]""","=""3""",,
"=""344.266""","=""0.001""","=""344.2686+""","=""3""","=""""",,"=""67067.547""","=""96106.31""","=""5p5.(2P*<3/2>).6s""","=""2[3/2]*""","=""2""","=""5p5.(2P*<3/2>).8f""","=""2[5/2]""","=""3""",,
"=""344.383""","=""0.001""","=""344.3879+""","=""1*""","=""""",,"=""67067.547""","=""96096.25""","=""5p5.(2P*<3/2>).6s""","=""2[3/2]*""","=""2""","=""5p5.(2P*<3/2>).8f""","=""2[3/2]""","=""1""",,
"=""344.383""","=""0.001""","=""344.3754+""","=""1*""","=""""",,"=""67067.547""","=""96097.31""","=""5p5.(2P*<3/2>).6s""","=""2[3/2]*""","=""2""","=""5p5.(2P*<3/2>).8f""","=""2[3/2]""","=""2""",,
"=""346.981""","=""0.001""","=""346.9800+""","=""4""","=""""",,"=""67067.547""","=""95879.40""","=""5p5.(2P*<3/2>).6s""","=""2[3/2]*""","=""2""","=""5p5.(2P*<3/2>).11p""","=""2[3/2]""","=""2""",,
"=""347.236""","=""0.001""","=""347.2358+""","=""4""","=""""",,"=""67067.547""","=""95858.18""","=""5p5.(2P*<3/2>).6s""","=""2[3/2]*""","=""2""","=""5p5.(2P*<3/2>).11p""","=""2[5/2]""","=""3""",,
"=""349.686""","=""0.001""","=""349.6856+""","=""1""","=""""",,"=""68045.156""","=""96634.09""","=""5p5.(2P*<3/2>).6s""","=""2[3/2]*""","=""1""","=""5p5.(2P*<3/2>).13p""","=""2[1/2]""","=""0""",,
"=""350.674""","=""0.001""","=""350.67334+""","=""5""","=""""",,"=""67067.547""","=""95575.960""","=""5p5.(2P*<3/2>).6s""","=""2[3/2]*""","=""2""","=""5p5.(2P*<3/2>).7f""","=""2[5/2]""","=""3""",,
"=""350.842""","=""0.001""","=""350.83842+""","=""2""","=""""",,"=""67067.547""","=""95562.546""","=""5p5.(2P*<3/2>).6s""","=""2[3/2]*""","=""2""","=""5p5.(2P*<3/2>).7f""","=""2[3/2]""","=""2""",,
"=""351.790""","=""0.001""","=""351.7956+""","=""2*""","=""""",,"=""68045.156""","=""96462.63""","=""5p5.(2P*<3/2>).6s""","=""2[3/2]*""","=""1""","=""5p5.(2P*<3/2>).9f""","=""2[3/2]""","=""1""",,
"=""351.790""","=""0.001""","=""351.7876+""","=""2*""","=""""",,"=""68045.156""","=""96463.27""","=""5p5.(2P*<3/2>).6s""","=""2[3/2]*""","=""1""","=""5p5.(2P*<3/2>).9f""","=""2[3/2]""","=""2""",,
"=""353.348""","=""0.001""","=""353.3475+""","=""2""","=""""",,"=""68045.156""","=""96337.82""","=""5p5.(2P*<3/2>).6s""","=""2[3/2]*""","=""1""","=""5p5.(2P*<3/2>).12p""","=""2[1/2]""","=""0""",,
"=""353.661""","=""0.001""","=""353.6592+""","=""1-""","=""""",,"=""68045.156""","=""96312.89""","=""5p5.(2P*<3/2>).6s""","=""2[3/2]*""","=""1""","=""5p5.(2P*<3/2>).12p""","=""2[3/2]""","=""2""",,
"=""353.735""","=""0.001""","=""353.7346+""","=""1""","=""""",,"=""68045.156""","=""96306.86""","=""5p5.(2P*<3/2>).6s""","=""2[3/2]*""","=""1""","=""5p5.(2P*<3/2>).12p""","=""2[3/2]""","=""1""",,
"=""354.986""","=""0.001""","=""354.9865+""","=""10""","=""""",,"=""67067.547""","=""95229.59""","=""5p5.(2P*<3/2>).6s""","=""2[3/2]*""","=""2""","=""5p5.(2P*<3/2>).10p""","=""2[3/2]""","=""2""",,
"=""355.404""","=""0.001""","=""355.4037+""","=""10""","=""""",,"=""67067.547""","=""95196.53""","=""5p5.(2P*<3/2>).6s""","=""2[3/2]*""","=""2""","=""5p5.(2P*<3/2>).10p""","=""2[5/2]""","=""3""",,
"=""355.592""","=""0.001""","=""355.5917+""","=""1""","=""""",,"=""67067.547""","=""95181.66""","=""5p5.(2P*<3/2>).6s""","=""2[3/2]*""","=""2""","=""5p5.(2P*<3/2>).10p""","=""2[5/2]""","=""2""",,
"=""356.380""","=""0.001""","=""356.3771+""","=""3""","=""""",,"=""68045.156""","=""96097.31""","=""5p5.(2P*<3/2>).6s""","=""2[3/2]*""","=""1""","=""5p5.(2P*<3/2>).8f""","=""2[3/2]""","=""2""",,
"=""358.702""","=""0.001""","=""358.7016+""","=""4""","=""""",,"=""68045.156""","=""95915.53""","=""5p5.(2P*<3/2>).6s""","=""2[3/2]*""","=""1""","=""5p5.(2P*<3/2>).11p""","=""2[1/2]""","=""0""",,
"=""359.167""","=""0.001""","=""359.1672+""","=""1""","=""""",,"=""68045.156""","=""95879.40""","=""5p5.(2P*<3/2>).6s""","=""2[3/2]*""","=""1""","=""5p5.(2P*<3/2>).11p""","=""2[3/2]""","=""2""",,
"=""359.280""","=""0.001""","=""359.2796+""","=""2""","=""""",,"=""68045.156""","=""95870.69""","=""5p5.(2P*<3/2>).6s""","=""2[3/2]*""","=""1""","=""5p5.(2P*<3/2>).11p""","=""2[3/2]""","=""1""",,
"=""361.032""","=""0.001""","=""361.03081+""","=""15""","=""""",,"=""67067.547""","=""94758.116""","=""5p5.(2P*<3/2>).6s""","=""2[3/2]*""","=""2""","=""5p5.(2P*<3/2>).6f""","=""2[5/2]""","=""3""",,
"=""361.306""","=""0.001""","=""361.30476+""","=""8""","=""""",,"=""67067.547""","=""94737.121""","=""5p5.(2P*<3/2>).6s""","=""2[3/2]*""","=""2""","=""5p5.(2P*<3/2>).6f""","=""2[3/2]""","=""2""",,
"=""363.306""","=""0.001""","=""363.30300+""","=""6""","=""""",,"=""68045.156""","=""95562.546""","=""5p5.(2P*<3/2>).6s""","=""2[3/2]*""","=""1""","=""5p5.(2P*<3/2>).7f""","=""2[3/2]""","=""2""",,
"=""366.991""","=""0.001""","=""366.9905+""","=""10""","=""""",,"=""68045.156""","=""95286.06""","=""5p5.(2P*<3/2>).6s""","=""2[3/2]*""","=""1""","=""5p5.(2P*<3/2>).10p""","=""2[1/2]""","=""0""",,
"=""367.754""","=""0.001""","=""367.7529+""","=""2""","=""""",,"=""68045.156""","=""95229.59""","=""5p5.(2P*<3/2>).6s""","=""2[3/2]*""","=""1""","=""5p5.(2P*<3/2>).10p""","=""2[3/2]""","=""2""",,
"=""367.931""","=""0.001""","=""367.9306+""","=""4""","=""""",,"=""68045.156""","=""95216.46""","=""5p5.(2P*<3/2>).6s""","=""2[3/2]*""","=""1""","=""5p5.(2P*<3/2>).10p""","=""2[3/2]""","=""1""",,
"=""368.590""","=""0.001""","=""368.5900+""","=""40""","=""4.5e+05""",D,"=""67067.547""","=""94190.24""","=""5p5.(2P*<3/2>).6s""","=""2[3/2]*""","=""2""","=""5p5.(2P*<3/2>).9p""","=""2[3/2]""","=""2""",,
"=""368.880""","=""0.001""","=""368.8808+""","=""1""","=""""",,"=""67067.547""","=""94168.86""","=""5p5.(2P*<3/2>).6s""","=""2[3/2]*""","=""2""","=""5p5.(2P*<3/2>).9p""","=""2[3/2]""","=""1""",,
"=""369.349""","=""0.001""","=""369.3487+""","=""40""","=""3.1e+05""",D+,"=""67067.547""","=""94134.53""","=""5p5.(2P*<3/2>).6s""","=""2[3/2]*""","=""2""","=""5p5.(2P*<3/2>).9p""","=""2[5/2]""","=""3""",,
"=""369.682""","=""0.001""","=""369.6817+""","=""4""","=""""",,"=""67067.547""","=""94110.15""","=""5p5.(2P*<3/2>).6s""","=""2[3/2]*""","=""2""","=""5p5.(2P*<3/2>).9p""","=""2[5/2]""","=""2""",,
"=""370.274""","=""0.001""","=""370.2732+""","=""2""","=""""",,"=""67067.547""","=""94066.95""","=""5p5.(2P*<3/2>).6s""","=""2[3/2]*""","=""2""","=""5p5.(2P*<3/2>).9p""","=""2[1/2]""","=""1""",,
"=""373.781""","=""0.02""","=""373.776+""","=""5""","=""""",,"=""77185.041""","=""103931.4""","=""5p5.(2P*<1/2>).6s""","=""2[1/2]*""","=""1""","=""5p5.(2P*<1/2>).5f""","=""2[5/2]""","=""2""",,
"=""374.222""","=""0.001""","=""374.21825+""","=""1""","=""""",,"=""68045.156""","=""94759.935""","=""5p5.(2P*<3/2>).6s""","=""2[3/2]*""","=""1""","=""5p5.(2P*<3/2>).6f""","=""2[5/2]""","=""2""",,
"=""374.538""","=""0.001""","=""374.53811+""","=""10""","=""""",,"=""68045.156""","=""94737.121""","=""5p5.(2P*<3/2>).6s""","=""2[3/2]*""","=""1""","=""5p5.(2P*<3/2>).6f""","=""2[3/2]""","=""2""",,
"=""374.569""","=""0.001""","=""374.56953+""","=""4""","=""""",,"=""68045.156""","=""94734.882""","=""5p5.(2P*<3/2>).6s""","=""2[3/2]*""","=""1""","=""5p5.(2P*<3/2>).6f""","=""2[3/2]""","=""1""",,
"=""379.595""","=""0.001""","=""379.59456+""","=""3""","=""""",,"=""67067.547""","=""93403.966""","=""5p5.(2P*<3/2>).6s""","=""2[3/2]*""","=""2""","=""5p5.(2P*<3/2>).5f""","=""2[5/2]""","=""2""",,
"=""379.630""","=""0.001""","=""379.63060+""","=""40""","=""1.6e+05""",C,"=""67067.547""","=""93401.466""","=""5p5.(2P*<3/2>).6s""","=""2[3/2]*""","=""2""","=""5p5.(2P*<3/2>).5f""","=""2[5/2]""","=""3""",,
"=""380.139""","=""0.001""","=""380.13904+""","=""30""","=""""",,"=""67067.547""","=""93366.245""","=""5p5.(2P*<3/2>).6s""","=""2[3/2]*""","=""2""","=""5p5.(2P*<3/2>).5f""","=""2[3/2]""","=""2""",,
"=""380.190""","=""0.001""","=""380.19071+""","=""3""","=""""",,"=""67067.547""","=""93362.671""","=""5p5.(2P*<3/2>).6s""","=""2[3/2]*""","=""2""","=""5p5.(2P*<3/2>).5f""","=""2[3/2]""","=""1""",,
"=""380.984""","=""0.001""","=""380.9844+""","=""30""","=""""",,"=""68045.156""","=""94285.50""","=""5p5.(2P*<3/2>).6s""","=""2[3/2]*""","=""1""","=""5p5.(2P*<3/2>).9p""","=""2[1/2]""","=""0""",,
"=""382.374""","=""0.001""","=""382.3726+""","=""10""","=""""",,"=""68045.156""","=""94190.24""","=""5p5.(2P*<3/2>).6s""","=""2[3/2]*""","=""1""","=""5p5.(2P*<3/2>).9p""","=""2[3/2]""","=""2""",,
"=""382.686""","=""0.001""","=""382.6855+""","=""15""","=""""",,"=""68045.156""","=""94168.86""","=""5p5.(2P*<3/2>).6s""","=""2[3/2]*""","=""1""","=""5p5.(2P*<3/2>).9p""","=""2[3/2]""","=""1""",,
"=""383.56""","=""0.01""","=""383.5475+""","=""2""","=""""",,"=""68045.156""","=""94110.15""","=""5p5.(2P*<3/2>).6s""","=""2[3/2]*""","=""1""","=""5p5.(2P*<3/2>).9p""","=""2[5/2]""","=""2""",,
"=""387.720""","=""0.02""","=""387.712+""","=""2*""","=""""",,"=""80322.746""","=""106107.8""","=""5p5.(2P*<3/2>).5d""","=""2[3/2]*""","=""2""","=""5p5.(2P*<1/2>).7f""","=""2[5/2]""","=""3""",,
"=""387.720""","=""0.02""","=""387.712+""","=""2*""","=""""",,"=""80322.746""","=""106107.8""","=""5p5.(2P*<3/2>).5d""","=""2[3/2]*""","=""2""","=""5p5.(2P*<1/2>).7f""","=""2[5/2]""","=""2""",,
"=""394.229""","=""0.001""","=""394.22868+""","=""2""","=""""",,"=""68045.156""","=""93403.966""","=""5p5.(2P*<3/2>).6s""","=""2[3/2]*""","=""1""","=""5p5.(2P*<3/2>).5f""","=""2[5/2]""","=""2""",,
"=""394.8163""","=""0.0002""","=""394.81598+""","=""60""","=""""",,"=""68045.156""","=""93366.245""","=""5p5.(2P*<3/2>).6s""","=""2[3/2]*""","=""1""","=""5p5.(2P*<3/2>).5f""","=""2[3/2]""","=""2""",,
"=""394.872""","=""0.001""","=""394.87171+""","=""10""","=""""",,"=""68045.156""","=""93362.671""","=""5p5.(2P*<3/2>).6s""","=""2[3/2]*""","=""1""","=""5p5.(2P*<3/2>).5f""","=""2[3/2]""","=""1""",,
"=""395.0924""","=""0.0002""","=""395.09237+""","=""120""","=""5.6e+05""",C+,"=""67067.547""","=""92370.923""","=""5p5.(2P*<3/2>).6s""","=""2[3/2]*""","=""2""","=""5p5.(2P*<3/2>).8p""","=""2[3/2]""","=""2""",,
"=""395.685""","=""0.001""","=""395.68437+""","=""6""","=""""",,"=""67067.547""","=""92333.066""","=""5p5.(2P*<3/2>).6s""","=""2[3/2]*""","=""2""","=""5p5.(2P*<3/2>).8p""","=""2[3/2]""","=""1""",,
"=""396.75411""","=""0.00005""","=""396.75405+""","=""200""","=""5.3e+05""",C+,"=""67067.547""","=""92264.950""","=""5p5.(2P*<3/2>).6s""","=""2[3/2]*""","=""2""","=""5p5.(2P*<3/2>).8p""","=""2[5/2]""","=""3""",,
"=""397.4417""","=""0.0002""","=""397.44158+""","=""40""","=""1.4e+05""",D+,"=""67067.547""","=""92221.362""","=""5p5.(2P*<3/2>).6s""","=""2[3/2]*""","=""2""","=""5p5.(2P*<3/2>).8p""","=""2[5/2]""","=""2""",,
"=""398.5202""","=""0.0002""","=""398.52027+""","=""30""","=""""",,"=""67067.547""","=""92153.279""","=""5p5.(2P*<3/2>).6s""","=""2[3/2]*""","=""2""","=""5p5.(2P*<3/2>).8p""","=""2[1/2]""","=""1""",,
"=""400.455""","=""0.02""","=""400.440+""","=""10*""","=""""",,"=""80322.746""","=""105288.2""","=""5p5.(2P*<3/2>).5d""","=""2[3/2]*""","=""2""","=""5p5.(2P*<1/2>).6f""","=""2[5/2]""","=""3""",,
"=""400.455""","=""0.02""","=""400.440+""","=""10*""","=""""",,"=""80322.746""","=""105288.2""","=""5p5.(2P*<3/2>).5d""","=""2[3/2]*""","=""2""","=""5p5.(2P*<1/2>).6f""","=""2[5/2]""","=""2""",,
"=""407.88202""","=""0.00005""","=""407.88193+""","=""100""","=""""",,"=""68045.156""","=""92555.135""","=""5p5.(2P*<3/2>).6s""","=""2[3/2]*""","=""1""","=""5p5.(2P*<3/2>).8p""","=""2[1/2]""","=""0""",,
"=""410.97089""","=""0.00005""","=""410.97076+""","=""60""","=""""",,"=""68045.156""","=""92370.923""","=""5p5.(2P*<3/2>).6s""","=""2[3/2]*""","=""1""","=""5p5.(2P*<3/2>).8p""","=""2[3/2]""","=""2""",,
"=""411.61147""","=""0.00005""","=""411.61135+""","=""80""","=""""",,"=""68045.156""","=""92333.066""","=""5p5.(2P*<3/2>).6s""","=""2[3/2]*""","=""1""","=""5p5.(2P*<3/2>).8p""","=""2[3/2]""","=""1""",,
"=""412.355""","=""0.02""","=""412.352+""","=""10""","=""""",,"=""77185.041""","=""101429.3""","=""5p5.(2P*<1/2>).6s""","=""2[1/2]*""","=""1""","=""5p5.(2P*<1/2>).4f""","=""2[5/2]""","=""2""",,
"=""413.5133""","=""0.0002""","=""413.51320+""","=""20""","=""""",,"=""68045.156""","=""92221.362""","=""5p5.(2P*<3/2>).6s""","=""2[3/2]*""","=""1""","=""5p5.(2P*<3/2>).8p""","=""2[5/2]""","=""2""",,
"=""414.678""","=""0.001""","=""414.68101+""","=""2""","=""""",,"=""68045.156""","=""92153.279""","=""5p5.(2P*<3/2>).6s""","=""2[3/2]*""","=""1""","=""5p5.(2P*<3/2>).8p""","=""2[1/2]""","=""1""",,
"=""417.517""","=""0.02""","=""417.510+""","=""6""","=""""",,"=""79986.618""","=""103931.4""","=""5p5.(2P*<3/2>).5d""","=""2[1/2]*""","=""1""","=""5p5.(2P*<1/2>).5f""","=""2[5/2]""","=""2""",,
"=""419.301""","=""0.001""","=""419.30087+""","=""20""","=""""",,"=""67067.547""","=""90910.052""","=""5p5.(2P*<3/2>).6s""","=""2[3/2]*""","=""2""","=""5p5.(2P*<3/2>).4f""","=""2[5/2]""","=""2""",,
"=""419.3528""","=""0.0002""","=""419.35296+""","=""150""","=""2.20e+05""",B,"=""67067.547""","=""90907.090""","=""5p5.(2P*<3/2>).6s""","=""2[3/2]*""","=""2""","=""5p5.(2P*<3/2>).4f""","=""2[5/2]""","=""3""",,
"=""420.3695""","=""0.0002""","=""420.3695+""","=""""","=""1.1e+05""",D+,"=""67067.547""","=""90849.440""","=""5p5.(2P*<3/2>).6s""","=""2[3/2]*""","=""2""","=""5p5.(2P*<3/2>).4f""","=""2[3/2]""","=""2""",,
"=""420.5404""","=""0.0002""","=""420.5404+""","=""10""","=""""",,"=""67067.547""","=""90839.777""","=""5p5.(2P*<3/2>).6s""","=""2[3/2]*""","=""2""","=""5p5.(2P*<3/2>).4f""","=""2[3/2]""","=""1""",,
"=""423.503""","=""0.02""","=""423.512+""","=""15""","=""""",,"=""80322.746""","=""103928.2""","=""5p5.(2P*<3/2>).5d""","=""2[3/2]*""","=""2""","=""5p5.(2P*<1/2>).5f""","=""2[5/2]""","=""3""",,
"=""427.916""","=""0.02""","=""427.913+""","=""2*""","=""""",,"=""81925.514""","=""105288.2""","=""5p5.(2P*<3/2>).5d""","=""2[5/2]*""","=""2""","=""5p5.(2P*<1/2>).6f""","=""2[5/2]""","=""2""",,
"=""427.916""","=""0.02""","=""427.913+""","=""2*""","=""""",,"=""81925.514""","=""105288.2""","=""5p5.(2P*<3/2>).5d""","=""2[5/2]*""","=""2""","=""5p5.(2P*<1/2>).6f""","=""2[7/2]""","=""3""",,
"=""435.459""","=""0.02""","=""435.460+""","=""6""","=""""",,"=""80970.438""","=""103928.2""","=""5p5.(2P*<3/2>).5d""","=""2[7/2]*""","=""3""","=""5p5.(2P*<1/2>).5f""","=""2[7/2]""","=""4""",,
"=""437.2287""","=""0.0002""","=""437.2288+""","=""20""","=""""",,"=""68045.156""","=""90910.052""","=""5p5.(2P*<3/2>).6s""","=""2[3/2]*""","=""1""","=""5p5.(2P*<3/2>).4f""","=""2[5/2]""","=""2""",,
"=""438.3908""","=""0.0002""","=""438.3909+""","=""100""","=""""",,"=""68045.156""","=""90849.440""","=""5p5.(2P*<3/2>).6s""","=""2[3/2]*""","=""1""","=""5p5.(2P*<3/2>).4f""","=""2[3/2]""","=""2""",,
"=""438.5768""","=""0.0002""","=""438.5768+""","=""70""","=""""",,"=""68045.156""","=""90839.777""","=""5p5.(2P*<3/2>).6s""","=""2[3/2]*""","=""1""","=""5p5.(2P*<3/2>).4f""","=""2[3/2]""","=""1""",,
"=""450.0978""","=""0.0002""","=""450.0979+""","=""""","=""1.46e+06""",C+,"=""67067.547""","=""89278.706""","=""5p5.(2P*<3/2>).6s""","=""2[3/2]*""","=""2""","=""5p5.(2P*<1/2>).6p""","=""2[1/2]""","=""1""",,
"=""452.46805""","=""0.00005""","=""452.4681+""","=""""","=""4.6e+05""",C+,"=""67067.547""","=""89162.356""","=""5p5.(2P*<3/2>).6s""","=""2[3/2]*""","=""2""","=""5p5.(2P*<1/2>).6p""","=""2[3/2]""","=""2""",,
"=""454.399""","=""0.02""","=""454.363+""","=""6""","=""""",,"=""81925.514""","=""103928.2""","=""5p5.(2P*<3/2>).5d""","=""2[5/2]*""","=""2""","=""5p5.(2P*<1/2>).5f""","=""2[7/2]""","=""3""",,
"=""457.660""","=""0.001""","=""457.6603+""","=""""","=""""",,"=""67067.547""","=""88911.692""","=""5p5.(2P*<3/2>).6s""","=""2[3/2]*""","=""2""","=""5p5.(2P*<3/2>).6d""","=""2[7/2]*""","=""4""",E2,
"=""458.27472""","=""0.00005""","=""458.2747+""","=""""","=""1.3e+06""",C,"=""68045.156""","=""89860.015""","=""5p5.(2P*<3/2>).6s""","=""2[3/2]*""","=""1""","=""5p5.(2P*<1/2>).6p""","=""2[1/2]""","=""0""",,
"=""461.18882""","=""0.00005""","=""461.1890+""","=""100""","=""3.0e+04""",D,"=""67067.547""","=""88744.559""","=""5p5.(2P*<3/2>).6s""","=""2[3/2]*""","=""2""","=""5p5.(2P*<3/2>).7p""","=""2[3/2]""","=""1""",,
"=""462.42756""","=""0.00005""","=""462.4276+""","=""""","=""2.42e+06""",B,"=""67067.547""","=""88686.500""","=""5p5.(2P*<3/2>).6s""","=""2[3/2]*""","=""2""","=""5p5.(2P*<3/2>).7p""","=""2[3/2]""","=""2""",,
"=""466.226""","=""0.02""","=""466.229+""","=""6""","=""""",,"=""79986.618""","=""101429.3""","=""5p5.(2P*<3/2>).5d""","=""2[1/2]*""","=""1""","=""5p5.(2P*<1/2>).4f""","=""2[5/2]""","=""2""",,
"=""467.12258""","=""0.00005""","=""467.1226+""","=""""","=""2.49e+06""",B,"=""67067.547""","=""88469.213""","=""5p5.(2P*<3/2>).6s""","=""2[3/2]*""","=""2""","=""5p5.(2P*<3/2>).7p""","=""2[5/2]""","=""3""",,
"=""469.0970""","=""0.0002""","=""469.0972+""","=""100""","=""2.8e+05""",C+,"=""67067.547""","=""88379.126""","=""5p5.(2P*<3/2>).6s""","=""2[3/2]*""","=""2""","=""5p5.(2P*<1/2>).6p""","=""2[3/2]""","=""1""",,
"=""469.70208""","=""0.00005""","=""469.7021+""","=""""","=""7.36e+05""",B,"=""67067.547""","=""88351.681""","=""5p5.(2P*<3/2>).6s""","=""2[3/2]*""","=""2""","=""5p5.(2P*<3/2>).7p""","=""2[5/2]""","=""2""",,
"=""470.821""","=""0.001""","=""470.8211+""","=""5""","=""""",,"=""68045.156""","=""89278.706""","=""5p5.(2P*<3/2>).6s""","=""2[3/2]*""","=""1""","=""5p5.(2P*<1/2>).6p""","=""2[1/2]""","=""1""",,
"=""473.41518""","=""0.00005""","=""473.4152+""","=""600""","=""1.38e+06""",C+,"=""68045.156""","=""89162.356""","=""5p5.(2P*<3/2>).6s""","=""2[3/2]*""","=""1""","=""5p5.(2P*<1/2>).6p""","=""2[3/2]""","=""2""",,
"=""473.749""","=""0.02""","=""473.755+""","=""6""","=""""",,"=""80322.746""","=""101424.8""","=""5p5.(2P*<3/2>).5d""","=""2[3/2]*""","=""2""","=""5p5.(2P*<1/2>).4f""","=""2[5/2]""","=""3""",,
"=""479.2619""","=""0.0002""","=""479.2620+""","=""150""","=""1.2e+05""",D+,"=""67067.547""","=""87927.131""","=""5p5.(2P*<3/2>).6s""","=""2[3/2]*""","=""2""","=""5p5.(2P*<3/2>).7p""","=""2[1/2]""","=""1""",,
"=""480.70190""","=""0.00005""","=""480.7019+""","=""500""","=""4.29e+06""",B,"=""68045.156""","=""88842.256""","=""5p5.(2P*<3/2>).6s""","=""2[3/2]*""","=""1""","=""5p5.(2P*<3/2>).7p""","=""2[1/2]""","=""0""",,
"=""482.9708""","=""0.0002""","=""482.9708+""","=""400""","=""6.e+05""",D+,"=""68045.156""","=""88744.559""","=""5p5.(2P*<3/2>).6s""","=""2[3/2]*""","=""1""","=""5p5.(2P*<3/2>).7p""","=""2[3/2]""","=""1""",,
"=""484.32934""","=""0.00005""","=""484.3293+""","=""300""","=""7.02e+05""",B,"=""68045.156""","=""88686.500""","=""5p5.(2P*<3/2>).6s""","=""2[3/2]*""","=""1""","=""5p5.(2P*<3/2>).7p""","=""2[3/2]""","=""2""",,
"=""491.6507""","=""0.0002""","=""491.6506+""","=""500""","=""1.6e+06""",C+,"=""68045.156""","=""88379.126""","=""5p5.(2P*<3/2>).6s""","=""2[3/2]*""","=""1""","=""5p5.(2P*<1/2>).6p""","=""2[3/2]""","=""1""",,
"=""492.3152""","=""0.0002""","=""492.3151+""","=""500""","=""9.74e+05""",B,"=""68045.156""","=""88351.681""","=""5p5.(2P*<3/2>).6s""","=""2[3/2]*""","=""1""","=""5p5.(2P*<3/2>).7p""","=""2[5/2]""","=""2""",,
"=""502.388""","=""0.001""","=""502.386+""","=""3h""","=""""",,"=""76196.767""","=""96096.25""","=""5p5.(2P*<1/2>).6s""","=""2[1/2]*""","=""0""","=""5p5.(2P*<3/2>).8f""","=""2[3/2]""","=""1""",,
"=""502.82794""","=""0.00005""","=""502.8279+""","=""200""","=""1.6e+05""",D+,"=""68045.156""","=""87927.131""","=""5p5.(2P*<3/2>).6s""","=""2[3/2]*""","=""1""","=""5p5.(2P*<3/2>).7p""","=""2[1/2]""","=""1""",,
"=""511.646""","=""0.003""","=""511.64+""","=""0""","=""""",,"=""77185.041""","=""96724.5""","=""5p5.(2P*<1/2>).6s""","=""2[1/2]*""","=""1""","=""5p5.(2P*<3/2>).10f""","=""2[3/2]""","=""1""",,
"=""512.724""","=""0.02""","=""512.70+""","=""6""","=""""",,"=""81925.514""","=""101424.8""","=""5p5.(2P*<3/2>).5d""","=""2[5/2]*""","=""2""","=""5p5.(2P*<1/2>).4f""","=""2[7/2]""","=""3""",,
"=""516.2711""","=""0.0002""","=""516.2702+""","=""10""","=""""",,"=""76196.767""","=""95561.074""","=""5p5.(2P*<1/2>).6s""","=""2[1/2]*""","=""0""","=""5p5.(2P*<3/2>).7f""","=""2[3/2]""","=""1""",,
"=""516.439""","=""0.001""","=""516.4419+""","=""1h""","=""""",,"=""77269.145""","=""96627.017""","=""5p5.(2P*<3/2>).6p""","=""2[1/2]""","=""1""","=""5p5.(2P*<3/2>).12d""","=""2[3/2]*""","=""2""",,
"=""516.730""","=""0.001""","=""516.7281+""","=""1h""","=""""",,"=""77269.145""","=""96616.295""","=""5p5.(2P*<3/2>).6p""","=""2[1/2]""","=""1""","=""5p5.(2P*<3/2>).12d""","=""2[1/2]*""","=""1""",,
"=""518.585""","=""0.001""","=""518.593+""","=""2h*""","=""""",,"=""77185.041""","=""96462.63""","=""5p5.(2P*<1/2>).6s""","=""2[1/2]*""","=""1""","=""5p5.(2P*<3/2>).9f""","=""2[3/2]""","=""1""",,
"=""518.585""","=""0.001""","=""518.575+""","=""2h*""","=""""",,"=""77185.041""","=""96463.27""","=""5p5.(2P*<1/2>).6s""","=""2[1/2]*""","=""1""","=""5p5.(2P*<3/2>).9f""","=""2[3/2]""","=""2""",,
"=""520.607""","=""0.001""","=""520.607+""","=""1""","=""1.10e+05""",C,"=""77269.145""","=""96472.13""","=""5p5.(2P*<3/2>).6p""","=""2[1/2]""","=""1""","=""5p5.(2P*<3/2>).13s""","=""2[3/2]*""","=""2""",,
"=""524.527""","=""0.001""","=""524.527+""","=""4h""","=""""",,"=""77269.145""","=""96328.62""","=""5p5.(2P*<3/2>).6p""","=""2[1/2]""","=""1""","=""5p5.(2P*<3/2>).11d""","=""2[3/2]*""","=""2""",,
"=""524.898""","=""0.001""","=""524.898+""","=""4h""","=""""",,"=""77269.145""","=""96315.16""","=""5p5.(2P*<3/2>).6p""","=""2[1/2]""","=""1""","=""5p5.(2P*<3/2>).11d""","=""2[1/2]*""","=""1""",,
"=""525.189""","=""0.001""","=""525.189+""","=""2h""","=""""",,"=""77269.145""","=""96304.62""","=""5p5.(2P*<3/2>).6p""","=""2[1/2]""","=""1""","=""5p5.(2P*<3/2>).11d""","=""2[1/2]*""","=""0""",,
"=""527.348""","=""0.001""","=""527.346+""","=""1h""","=""""",,"=""76196.767""","=""95154.37""","=""5p5.(2P*<1/2>).6s""","=""2[1/2]*""","=""0""","=""5p5.(2P*<3/2>).10p""","=""2[1/2]""","=""1""",,
"=""528.330""","=""0.001""","=""528.329+""","=""2h""","=""""",,"=""77185.041""","=""96107.36""","=""5p5.(2P*<1/2>).6s""","=""2[1/2]*""","=""1""","=""5p5.(2P*<3/2>).8f""","=""2[5/2]""","=""2""",,
"=""528.611""","=""0.001""","=""528.610+""","=""4h""","=""""",,"=""77185.041""","=""96097.31""","=""5p5.(2P*<1/2>).6s""","=""2[1/2]*""","=""1""","=""5p5.(2P*<3/2>).8f""","=""2[3/2]""","=""2""",,
"=""528.638""","=""0.001""","=""528.640+""","=""3h""","=""""",,"=""77185.041""","=""96096.25""","=""5p5.(2P*<1/2>).6s""","=""2[1/2]*""","=""1""","=""5p5.(2P*<3/2>).8f""","=""2[3/2]""","=""1""",,
"=""530.637""","=""0.001""","=""530.636+""","=""3""","=""1.60e+05""",C+,"=""77269.145""","=""96109.22""","=""5p5.(2P*<3/2>).6p""","=""2[1/2]""","=""1""","=""5p5.(2P*<3/2>).12s""","=""2[3/2]*""","=""2""",,
"=""533.591""","=""0.001""","=""533.5872+""","=""1h-""","=""""",,"=""78119.798""","=""96855.664""","=""5p5.(2P*<3/2>).6p""","=""2[5/2]""","=""2""","=""5p5.(2P*<3/2>).13d""","=""2[5/2]*""","=""2""",,
"=""533.789""","=""0.001""","=""533.7915+""","=""2h""","=""""",,"=""78119.798""","=""96848.494""","=""5p5.(2P*<3/2>).6p""","=""2[5/2]""","=""2""","=""5p5.(2P*<3/2>).13d""","=""2[7/2]*""","=""3""",,
"=""535.680""","=""0.001""","=""535.68+""","=""1""","=""""",,"=""89278.706""","=""107941.5""","=""5p5.(2P*<1/2>).6p""","=""2[1/2]""","=""1""","=""5p5.(2P*<1/2>).20s""","=""2[1/2]*""","=""1""",,
"=""536.2244""","=""0.0002""","=""536.2241+""","=""15""","=""""",,"=""77269.145""","=""95912.880""","=""5p5.(2P*<3/2>).6p""","=""2[1/2]""","=""1""","=""5p5.(2P*<3/2>).10d""","=""2[1/2]*""","=""1""",,
"=""536.4626""","=""0.0002""","=""536.4623+""","=""30""","=""""",,"=""77269.145""","=""95904.600""","=""5p5.(2P*<3/2>).6p""","=""2[1/2]""","=""1""","=""5p5.(2P*<3/2>).10d""","=""2[3/2]*""","=""2""",,
"=""536.703""","=""0.001""","=""536.703+""","=""6""","=""""",,"=""77269.145""","=""95896.25""","=""5p5.(2P*<3/2>).6p""","=""2[1/2]""","=""1""","=""5p5.(2P*<3/2>).10d""","=""2[1/2]*""","=""0""",,
"=""537.374""","=""0.001""","=""537.3763+""","=""1h-""","=""""",,"=""78403.061""","=""97006.822""","=""5p5.(2P*<3/2>).6p""","=""2[5/2]""","=""3""","=""5p5.(2P*<3/2>).14d""","=""2[7/2]*""","=""4""",,
"=""539.2795""","=""0.0002""","=""539.2792+""","=""100""","=""""",,"=""76196.767""","=""94734.882""","=""5p5.(2P*<1/2>).6s""","=""2[1/2]*""","=""0""","=""5p5.(2P*<3/2>).6f""","=""2[3/2]""","=""1""",,
"=""539.4738""","=""0.0002""","=""539.4735+""","=""20""","=""""",,"=""77269.145""","=""95800.584""","=""5p5.(2P*<3/2>).6p""","=""2[1/2]""","=""1""","=""5p5.(2P*<1/2>).7s""","=""2[1/2]*""","=""1""",,
"=""539.763""","=""0.001""","=""539.7628+""","=""1h""","=""""",,"=""78119.798""","=""96641.306""","=""5p5.(2P*<3/2>).6p""","=""2[5/2]""","=""2""","=""5p5.(2P*<3/2>).12d""","=""2[5/2]*""","=""2""",,
"=""540.045""","=""0.001""","=""540.0455+""","=""4h""","=""""",,"=""78119.798""","=""96631.610""","=""5p5.(2P*<3/2>).6p""","=""2[5/2]""","=""2""","=""5p5.(2P*<3/2>).12d""","=""2[7/2]*""","=""3""",,
"=""541.802""","=""0.001""","=""541.802+""","=""5""","=""""",,"=""77269.145""","=""95720.95""","=""5p5.(2P*<3/2>).6p""","=""2[1/2]""","=""1""","=""5p5.(2P*<1/2>).7s""","=""2[1/2]*""","=""0""",,
"=""542.176""","=""0.001""","=""542.1773+""","=""2h""","=""""",,"=""78403.061""","=""96842.085""","=""5p5.(2P*<3/2>).6p""","=""2[5/2]""","=""3""","=""5p5.(2P*<3/2>).13d""","=""2[7/2]*""","=""4""",,
"=""543.560""","=""0.001""","=""543.559+""","=""5h""","=""""",,"=""77185.041""","=""95577.20""","=""5p5.(2P*<1/2>).6s""","=""2[1/2]*""","=""1""","=""5p5.(2P*<3/2>).7f""","=""2[5/2]""","=""2""",,
"=""543.9923""","=""0.0002""","=""543.9923+""","=""30""","=""""",,"=""77185.041""","=""95562.546""","=""5p5.(2P*<1/2>).6s""","=""2[1/2]*""","=""1""","=""5p5.(2P*<3/2>).7f""","=""2[3/2]""","=""2""",,
"=""544.039""","=""0.001""","=""544.0359+""","=""15""","=""""",,"=""77185.041""","=""95561.074""","=""5p5.(2P*<1/2>).6s""","=""2[1/2]*""","=""1""","=""5p5.(2P*<3/2>).7f""","=""2[3/2]""","=""1""",,
"=""544.487""","=""0.001""","=""544.487+""","=""1h""","=""""",,"=""78119.798""","=""96480.62""","=""5p5.(2P*<3/2>).6p""","=""2[5/2]""","=""2""","=""5p5.(2P*<3/2>).13s""","=""2[3/2]*""","=""1""",,
"=""""","=""""","=""544.738+""","=""""","=""4.0e+04""",C,"=""78119.798""","=""96472.13""","=""5p5.(2P*<3/2>).6p""","=""2[5/2]""","=""2""","=""5p5.(2P*<3/2>).13s""","=""2[3/2]*""","=""2""",,
"=""545.454""","=""0.001""","=""545.4461+""","=""1h""","=""""",,"=""78403.061""","=""96731.584""","=""5p5.(2P*<3/2>).6p""","=""2[5/2]""","=""3""","=""5p5.(2P*<3/2>).14s""","=""2[3/2]*""","=""2""",,
"=""545.645""","=""0.001""","=""545.646+""","=""2""","=""4.40e+04""",B,"=""77269.145""","=""95590.97""","=""5p5.(2P*<3/2>).6p""","=""2[1/2]""","=""1""","=""5p5.(2P*<3/2>).11s""","=""2[3/2]*""","=""1""",,
"=""546.0037""","=""0.0002""","=""546.0034+""","=""15""","=""2.50e+05""",B+,"=""77269.145""","=""95578.961""","=""5p5.(2P*<3/2>).6p""","=""2[1/2]""","=""1""","=""5p5.(2P*<3/2>).11s""","=""2[3/2]*""","=""2""",,
"=""547.912""","=""0.001""","=""547.9124+""","=""1h""","=""""",,"=""78403.061""","=""96649.083""","=""5p5.(2P*<3/2>).6p""","=""2[5/2]""","=""3""","=""5p5.(2P*<3/2>).12d""","=""2[5/2]*""","=""3""",,
"=""548.133""","=""0.001""","=""548.131+""","=""1h""","=""""",,"=""78119.798""","=""96358.56""","=""5p5.(2P*<3/2>).6p""","=""2[5/2]""","=""2""","=""5p5.(2P*<3/2>).11d""","=""2[5/2]*""","=""3""",,
"=""548.416""","=""0.001""","=""548.414+""","=""1h""","=""""",,"=""77269.145""","=""95498.48""","=""5p5.(2P*<3/2>).6p""","=""2[1/2]""","=""1""","=""5p5.(2P*<3/2>).9d""","=""2[3/2]*""","=""1""",,
"=""548.446""","=""0.001""","=""548.447+""","=""4h""","=""""",,"=""78119.798""","=""96348.03""","=""5p5.(2P*<3/2>).6p""","=""2[5/2]""","=""2""","=""5p5.(2P*<3/2>).11d""","=""2[5/2]*""","=""2""",,
"=""548.703""","=""0.001""","=""548.7055+""","=""6h""","=""""",,"=""78403.061""","=""96622.710""","=""5p5.(2P*<3/2>).6p""","=""2[5/2]""","=""3""","=""5p5.(2P*<3/2>).12d""","=""2[7/2]*""","=""4""",,
"=""548.8555""","=""0.0002""","=""548.8552+""","=""20h""","=""""",,"=""78119.798""","=""96334.479""","=""5p5.(2P*<3/2>).6p""","=""2[5/2]""","=""2""","=""5p5.(2P*<3/2>).11d""","=""2[7/2]*""","=""3""",,
"=""552.305""","=""0.003""","=""552.302+""","=""1""","=""""",,"=""77185.041""","=""95286.06""","=""5p5.(2P*<1/2>).6s""","=""2[1/2]*""","=""1""","=""5p5.(2P*<3/2>).10p""","=""2[1/2]""","=""0""",,
"=""553.278""","=""0.001""","=""553.278+""","=""2h""","=""1.80e+05""",B+,"=""78403.061""","=""96472.13""","=""5p5.(2P*<3/2>).6p""","=""2[5/2]""","=""3""","=""5p5.(2P*<3/2>).13s""","=""2[3/2]*""","=""2""",,
"=""554.038""","=""0.001""","=""554.0391+""","=""3h*""","=""""",,"=""77269.145""","=""95313.401""","=""5p5.(2P*<3/2>).6p""","=""2[1/2]""","=""1""","=""5p5.(2P*<3/2>).9d""","=""2[5/2]*""","=""2""",,
"=""554.038""","=""0.001""","=""554.030+""","=""3h*""","=""""",,"=""77185.041""","=""95229.59""","=""5p5.(2P*<1/2>).6s""","=""2[1/2]*""","=""1""","=""5p5.(2P*<3/2>).10p""","=""2[3/2]""","=""2""",,
"=""555.2385""","=""0.0002""","=""555.2387+""","=""80""","=""""",,"=""77269.145""","=""95274.415""","=""5p5.(2P*<3/2>).6p""","=""2[1/2]""","=""1""","=""5p5.(2P*<3/2>).9d""","=""2[3/2]*""","=""2""",,
"=""555.310""","=""0.001""","=""555.310+""","=""3h""","=""""",,"=""78119.798""","=""96122.77""","=""5p5.(2P*<3/2>).6p""","=""2[5/2]""","=""2""","=""5p5.(2P*<3/2>).12s""","=""2[3/2]*""","=""1""",,
"=""555.506""","=""0.001""","=""555.506+""","=""1-""","=""""",,"=""77185.041""","=""95181.66""","=""5p5.(2P*<1/2>).6s""","=""2[1/2]*""","=""1""","=""5p5.(2P*<3/2>).10p""","=""2[5/2]""","=""2""",,
"=""555.728""","=""0.001""","=""555.728+""","=""2""","=""6.0e+04""",C+,"=""78119.798""","=""96109.22""","=""5p5.(2P*<3/2>).6p""","=""2[5/2]""","=""2""","=""5p5.(2P*<3/2>).12s""","=""2[3/2]*""","=""2""",,
"=""556.350""","=""0.001""","=""556.349+""","=""2""","=""""",,"=""77185.041""","=""95154.37""","=""5p5.(2P*<1/2>).6s""","=""2[1/2]*""","=""1""","=""5p5.(2P*<3/2>).10p""","=""2[1/2]""","=""1""",,
"=""556.6615""","=""0.0002""","=""556.6614+""","=""100""","=""""",,"=""77269.145""","=""95228.399""","=""5p5.(2P*<3/2>).6p""","=""2[1/2]""","=""1""","=""5p5.(2P*<3/2>).9d""","=""2[1/2]*""","=""1""",,
"=""556.777""","=""0.001""","=""556.778+""","=""2h""","=""""",,"=""78403.061""","=""96358.56""","=""5p5.(2P*<3/2>).6p""","=""2[5/2]""","=""3""","=""5p5.(2P*<3/2>).11d""","=""2[5/2]*""","=""3""",,
"=""557.527""","=""0.001""","=""557.5256+""","=""2h""","=""""",,"=""78403.061""","=""96334.479""","=""5p5.(2P*<3/2>).6p""","=""2[5/2]""","=""3""","=""5p5.(2P*<3/2>).11d""","=""2[7/2]*""","=""3""",,
"=""557.928""","=""0.001""","=""557.928+""","=""40""","=""""",,"=""78403.061""","=""96321.55""","=""5p5.(2P*<3/2>).6p""","=""2[5/2]""","=""3""","=""5p5.(2P*<3/2>).11d""","=""2[7/2]*""","=""4""",,
"=""558.1784""","=""0.0002""","=""558.1787+""","=""50""","=""""",,"=""77269.145""","=""95179.580""","=""5p5.(2P*<3/2>).6p""","=""2[1/2]""","=""1""","=""5p5.(2P*<3/2>).9d""","=""2[1/2]*""","=""0""",,
"=""558.518""","=""0.001""","=""558.5156+""","=""1-""","=""""",,"=""78956.031""","=""96855.664""","=""5p5.(2P*<3/2>).6p""","=""2[3/2]""","=""1""","=""5p5.(2P*<3/2>).13d""","=""2[5/2]*""","=""2""",,
"=""559.437""","=""0.001""","=""559.436+""","=""6""","=""""",,"=""76196.767""","=""94066.95""","=""5p5.(2P*<1/2>).6s""","=""2[1/2]*""","=""0""","=""5p5.(2P*<3/2>).9p""","=""2[1/2]""","=""1""",,
"=""560.799""","=""0.001""","=""560.7980+""","=""3""","=""""",,"=""78119.798""","=""95946.582""","=""5p5.(2P*<3/2>).6p""","=""2[5/2]""","=""2""","=""5p5.(2P*<3/2>).10d""","=""2[5/2]*""","=""3""",,
"=""561.265""","=""0.001""","=""561.263+""","=""15""","=""""",,"=""78119.798""","=""95931.80""","=""5p5.(2P*<3/2>).6p""","=""2[5/2]""","=""2""","=""5p5.(2P*<3/2>).10d""","=""2[5/2]*""","=""2""",,
"=""561.8878""","=""0.0002""","=""561.8879+""","=""80""","=""""",,"=""78119.798""","=""95912.003""","=""5p5.(2P*<3/2>).6p""","=""2[5/2]""","=""2""","=""5p5.(2P*<3/2>).10d""","=""2[7/2]*""","=""3""",,
"=""562.124""","=""0.001""","=""562.1218+""","=""1""","=""""",,"=""78119.798""","=""95904.600""","=""5p5.(2P*<3/2>).6p""","=""2[5/2]""","=""2""","=""5p5.(2P*<3/2>).10d""","=""2[3/2]*""","=""2""",,
"=""564.619""","=""0.001""","=""564.619+""","=""5""","=""2.70e+05""",B+,"=""78403.061""","=""96109.22""","=""5p5.(2P*<3/2>).6p""","=""2[5/2]""","=""3""","=""5p5.(2P*<3/2>).12s""","=""2[3/2]*""","=""2""",,
"=""565.284""","=""0.001""","=""565.2853+""","=""2h""","=""""",,"=""78956.031""","=""96641.306""","=""5p5.(2P*<3/2>).6p""","=""2[3/2]""","=""1""","=""5p5.(2P*<3/2>).12d""","=""2[5/2]*""","=""2""",,
"=""565.431""","=""0.001""","=""565.4288+""","=""1h-""","=""""",,"=""78119.798""","=""95800.584""","=""5p5.(2P*<3/2>).6p""","=""2[5/2]""","=""2""","=""5p5.(2P*<1/2>).7s""","=""2[1/2]*""","=""1""",,
"=""566.446""","=""0.001""","=""566.4447+""","=""1h""","=""""",,"=""79212.465""","=""96861.540""","=""5p5.(2P*<3/2>).6p""","=""2[3/2]""","=""2""","=""5p5.(2P*<3/2>).13d""","=""2[5/2]*""","=""3""",,
"=""568.8373""","=""0.0002""","=""568.8356+""","=""40""","=""""",,"=""77185.041""","=""94759.935""","=""5p5.(2P*<1/2>).6s""","=""2[1/2]*""","=""1""","=""5p5.(2P*<3/2>).6f""","=""2[5/2]""","=""2""",,
"=""569.5750""","=""0.0002""","=""569.5750+""","=""100""","=""""",,"=""77185.041""","=""94737.121""","=""5p5.(2P*<1/2>).6s""","=""2[1/2]*""","=""1""","=""5p5.(2P*<3/2>).6f""","=""2[3/2]""","=""2""",,
"=""569.6477""","=""0.0002""","=""569.6477+""","=""80""","=""""",,"=""77185.041""","=""94734.882""","=""5p5.(2P*<1/2>).6s""","=""2[1/2]*""","=""1""","=""5p5.(2P*<3/2>).6f""","=""2[3/2]""","=""1""",,
"=""569.854""","=""0.001""","=""569.8529+""","=""8""","=""""",,"=""78403.061""","=""95946.582""","=""5p5.(2P*<3/2>).6p""","=""2[5/2]""","=""3""","=""5p5.(2P*<3/2>).10d""","=""2[5/2]*""","=""3""",,
"=""570.334""","=""0.001""","=""570.333+""","=""1""","=""""",,"=""78403.061""","=""95931.80""","=""5p5.(2P*<3/2>).6p""","=""2[5/2]""","=""3""","=""5p5.(2P*<3/2>).10d""","=""2[5/2]*""","=""2""",,
"=""570.687""","=""0.001""","=""570.6851+""","=""3""","=""7.0e+04""",C+,"=""77269.145""","=""94787.084""","=""5p5.(2P*<3/2>).6p""","=""2[1/2]""","=""1""","=""5p5.(2P*<3/2>).10s""","=""2[3/2]*""","=""1""",,
"=""570.980""","=""0.001""","=""570.9783+""","=""10h""","=""""",,"=""78403.061""","=""95912.003""","=""5p5.(2P*<3/2>).6p""","=""2[5/2]""","=""3""","=""5p5.(2P*<3/2>).10d""","=""2[7/2]*""","=""3""",,
"=""571.221""","=""0.001""","=""571.2198+""","=""2""","=""""",,"=""78403.061""","=""95904.600""","=""5p5.(2P*<3/2>).6p""","=""2[5/2]""","=""3""","=""5p5.(2P*<3/2>).10d""","=""2[3/2]*""","=""2""",,
"=""571.5716""","=""0.0002""","=""571.5712+""","=""70""","=""3.5e+05""",C+,"=""77269.145""","=""94759.927""","=""5p5.(2P*<3/2>).6p""","=""2[1/2]""","=""1""","=""5p5.(2P*<3/2>).10s""","=""2[3/2]*""","=""2""",,
"=""571.6252""","=""0.0002""","=""571.6251+""","=""80""","=""""",,"=""78403.061""","=""95892.194""","=""5p5.(2P*<3/2>).6p""","=""2[5/2]""","=""3""","=""5p5.(2P*<3/2>).10d""","=""2[7/2]*""","=""4""",,
"=""572.214""","=""0.001""","=""572.213+""","=""15h""","=""3.60e+05""",B+,"=""78119.798""","=""95590.97""","=""5p5.(2P*<3/2>).6p""","=""2[5/2]""","=""2""","=""5p5.(2P*<3/2>).11s""","=""2[3/2]*""","=""1""",,
"=""572.326""","=""0.001""","=""572.325+""","=""1h""","=""""",,"=""78956.031""","=""96423.77""","=""5p5.(2P*<3/2>).6p""","=""2[3/2]""","=""1""","=""5p5.(2P*<3/2>).11d""","=""2[3/2]*""","=""1""",,
"=""572.610""","=""0.001""","=""572.6063+""","=""4""","=""9.0e+04""",C+,"=""78119.798""","=""95578.961""","=""5p5.(2P*<3/2>).6p""","=""2[5/2]""","=""2""","=""5p5.(2P*<3/2>).11s""","=""2[3/2]*""","=""2""",,
"=""573.348""","=""0.001""","=""573.3467+""","=""4h""","=""""",,"=""79212.465""","=""96649.083""","=""5p5.(2P*<3/2>).6p""","=""2[3/2]""","=""2""","=""5p5.(2P*<3/2>).12d""","=""2[5/2]*""","=""3""",,
"=""574.017""","=""0.001""","=""574.0148+""","=""6""","=""""",,"=""77269.145""","=""94685.467""","=""5p5.(2P*<3/2>).6p""","=""2[1/2]""","=""1""","=""5p5.(2P*<3/2>).8d""","=""2[3/2]*""","=""1""",,
"=""574.073""","=""0.001""","=""574.0732+""","=""1h""","=""""",,"=""79212.465""","=""96627.017""","=""5p5.(2P*<3/2>).6p""","=""2[3/2]""","=""2""","=""5p5.(2P*<3/2>).12d""","=""2[3/2]*""","=""2""",,
"=""574.820""","=""0.001""","=""574.818+""","=""8h""","=""""",,"=""78956.031""","=""96348.03""","=""5p5.(2P*<3/2>).6p""","=""2[3/2]""","=""1""","=""5p5.(2P*<3/2>).11d""","=""2[5/2]*""","=""2""",,
"=""575.460""","=""0.001""","=""575.460+""","=""1h""","=""""",,"=""78956.031""","=""96328.62""","=""5p5.(2P*<3/2>).6p""","=""2[3/2]""","=""1""","=""5p5.(2P*<3/2>).11d""","=""2[3/2]*""","=""2""",,
"=""579.226""","=""0.001""","=""579.225+""","=""1h""","=""9.0e+04""",C,"=""79212.465""","=""96472.13""","=""5p5.(2P*<3/2>).6p""","=""2[3/2]""","=""2""","=""5p5.(2P*<3/2>).13s""","=""2[3/2]*""","=""2""",,
"=""580.7311""","=""0.0002""","=""580.7303+""","=""15""","=""""",,"=""78119.798""","=""95334.723""","=""5p5.(2P*<3/2>).6p""","=""2[5/2]""","=""2""","=""5p5.(2P*<3/2>).9d""","=""2[5/2]*""","=""3""",,
"=""581.4505""","=""0.0002""","=""581.4505+""","=""60""","=""""",,"=""78119.798""","=""95313.401""","=""5p5.(2P*<3/2>).6p""","=""2[5/2]""","=""2""","=""5p5.(2P*<3/2>).9d""","=""2[5/2]*""","=""2""",,
"=""582.052""","=""0.001""","=""582.0498+""","=""25""","=""4.00e+05""",B+,"=""78403.061""","=""95578.961""","=""5p5.(2P*<3/2>).6p""","=""2[5/2]""","=""3""","=""5p5.(2P*<3/2>).11s""","=""2[3/2]*""","=""2""",,
"=""582.3890""","=""0.0002""","=""582.3887+""","=""300""","=""""",,"=""76196.767""","=""93362.671""","=""5p5.(2P*<1/2>).6s""","=""2[1/2]*""","=""0""","=""5p5.(2P*<3/2>).5f""","=""2[3/2]""","=""1""",,
"=""582.4800""","=""0.0002""","=""582.4801+""","=""150""","=""""",,"=""78119.798""","=""95283.008""","=""5p5.(2P*<3/2>).6p""","=""2[5/2]""","=""2""","=""5p5.(2P*<3/2>).9d""","=""2[7/2]*""","=""3""",,
"=""582.772""","=""0.001""","=""582.7719+""","=""1""","=""""",,"=""78119.798""","=""95274.415""","=""5p5.(2P*<3/2>).6p""","=""2[5/2]""","=""2""","=""5p5.(2P*<3/2>).9d""","=""2[3/2]*""","=""2""",,
"=""583.063""","=""0.001""","=""583.062+""","=""20h""","=""""",,"=""79212.465""","=""96358.56""","=""5p5.(2P*<3/2>).6p""","=""2[3/2]""","=""2""","=""5p5.(2P*<3/2>).11d""","=""2[5/2]*""","=""3""",,
"=""584.083""","=""0.001""","=""584.081+""","=""4h""","=""""",,"=""79212.465""","=""96328.62""","=""5p5.(2P*<3/2>).6p""","=""2[3/2]""","=""2""","=""5p5.(2P*<3/2>).11d""","=""2[3/2]*""","=""2""",,
"=""584.343""","=""0.001""","=""584.3393+""","=""5""","=""""",,"=""78119.798""","=""95228.399""","=""5p5.(2P*<3/2>).6p""","=""2[5/2]""","=""2""","=""5p5.(2P*<3/2>).9d""","=""2[1/2]*""","=""1""",,
"=""584.546""","=""0.001""","=""584.541+""","=""1""","=""""",,"=""79212.465""","=""96315.16""","=""5p5.(2P*<3/2>).6p""","=""2[3/2]""","=""2""","=""5p5.(2P*<3/2>).11d""","=""2[1/2]*""","=""1""",,
"=""584.621""","=""0.001""","=""584.618+""","=""2""","=""""",,"=""77185.041""","=""94285.50""","=""5p5.(2P*<1/2>).6s""","=""2[1/2]*""","=""1""","=""5p5.(2P*<3/2>).9p""","=""2[1/2]""","=""0""",,
"=""584.985""","=""0.001""","=""584.984+""","=""3h""","=""""",,"=""78956.031""","=""96045.77""","=""5p5.(2P*<3/2>).6p""","=""2[3/2]""","=""1""","=""5p5.(2P*<3/2>).10d""","=""2[3/2]*""","=""1""",,
"=""585.6509""","=""0.0002""","=""585.6509+""","=""15""","=""""",,"=""77269.145""","=""94339.433""","=""5p5.(2P*<3/2>).6p""","=""2[1/2]""","=""1""","=""5p5.(2P*<3/2>).8d""","=""2[5/2]*""","=""2""",,
"=""587.5018""","=""0.0002""","=""587.5019+""","=""100""","=""""",,"=""77269.145""","=""94285.651""","=""5p5.(2P*<3/2>).6p""","=""2[1/2]""","=""1""","=""5p5.(2P*<3/2>).8d""","=""2[3/2]*""","=""2""",,
"=""587.892""","=""0.001""","=""587.893+""","=""6""","=""""",,"=""77185.041""","=""94190.24""","=""5p5.(2P*<1/2>).6s""","=""2[1/2]*""","=""1""","=""5p5.(2P*<3/2>).9p""","=""2[3/2]""","=""2""",,
"=""588.912""","=""0.001""","=""588.912+""","=""20""","=""""",,"=""78956.031""","=""95931.80""","=""5p5.(2P*<3/2>).6p""","=""2[3/2]""","=""1""","=""5p5.(2P*<3/2>).10d""","=""2[5/2]*""","=""2""",,
"=""589.4988""","=""0.0002""","=""589.4989+""","=""100""","=""""",,"=""77269.145""","=""94228.004""","=""5p5.(2P*<3/2>).6p""","=""2[1/2]""","=""1""","=""5p5.(2P*<3/2>).8d""","=""2[1/2]*""","=""1""",,
"=""589.562""","=""0.001""","=""589.5688+""","=""2h""","=""""",,"=""78956.031""","=""95912.880""","=""5p5.(2P*<3/2>).6p""","=""2[3/2]""","=""1""","=""5p5.(2P*<3/2>).10d""","=""2[1/2]*""","=""1""",,
"=""589.856""","=""0.001""","=""589.8569+""","=""8""","=""""",,"=""78956.031""","=""95904.600""","=""5p5.(2P*<3/2>).6p""","=""2[3/2]""","=""1""","=""5p5.(2P*<3/2>).10d""","=""2[3/2]*""","=""2""",,
"=""590.4462""","=""0.0002""","=""590.4459+""","=""20""","=""""",,"=""78403.061""","=""95334.723""","=""5p5.(2P*<3/2>).6p""","=""2[5/2]""","=""3""","=""5p5.(2P*<3/2>).9d""","=""2[5/2]*""","=""3""",,
"=""590.676""","=""0.001""","=""590.674+""","=""3""","=""""",,"=""77185.041""","=""94110.15""","=""5p5.(2P*<1/2>).6s""","=""2[1/2]*""","=""1""","=""5p5.(2P*<3/2>).9p""","=""2[5/2]""","=""2""",,
"=""591.190""","=""0.001""","=""591.192+""","=""5*""","=""""",,"=""79212.465""","=""96122.77""","=""5p5.(2P*<3/2>).6p""","=""2[3/2]""","=""2""","=""5p5.(2P*<3/2>).12s""","=""2[3/2]*""","=""1""",,
"=""591.190""","=""0.001""","=""591.1903+""","=""5*""","=""""",,"=""78403.061""","=""95313.401""","=""5p5.(2P*<3/2>).6p""","=""2[5/2]""","=""3""","=""5p5.(2P*<3/2>).9d""","=""2[5/2]*""","=""2""",,
"=""591.665""","=""0.001""","=""591.666+""","=""4""","=""1.30e+05""",B,"=""79212.465""","=""96109.22""","=""5p5.(2P*<3/2>).6p""","=""2[3/2]""","=""2""","=""5p5.(2P*<3/2>).12s""","=""2[3/2]*""","=""2""",,
"=""592.185""","=""0.001""","=""592.186+""","=""10""","=""""",,"=""77185.041""","=""94066.95""","=""5p5.(2P*<1/2>).6s""","=""2[1/2]*""","=""1""","=""5p5.(2P*<3/2>).9p""","=""2[1/2]""","=""1""",,
"=""592.2550""","=""0.0002""","=""592.2548+""","=""20""","=""""",,"=""78403.061""","=""95283.008""","=""5p5.(2P*<3/2>).6p""","=""2[5/2]""","=""3""","=""5p5.(2P*<3/2>).9d""","=""2[7/2]*""","=""3""",,
"=""592.556""","=""0.001""","=""592.5565+""","=""6""","=""""",,"=""78403.061""","=""95274.415""","=""5p5.(2P*<3/2>).6p""","=""2[5/2]""","=""3""","=""5p5.(2P*<3/2>).9d""","=""2[3/2]*""","=""2""",,
"=""593.1241""","=""0.0002""","=""593.1245+""","=""80""","=""""",,"=""77269.145""","=""94124.342""","=""5p5.(2P*<3/2>).6p""","=""2[1/2]""","=""1""","=""5p5.(2P*<3/2>).8d""","=""2[1/2]*""","=""0""",,
"=""593.4172""","=""0.0002""","=""593.4169+""","=""100""","=""""",,"=""78403.061""","=""95249.953""","=""5p5.(2P*<3/2>).6p""","=""2[5/2]""","=""3""","=""5p5.(2P*<3/2>).9d""","=""2[7/2]*""","=""4""",,
"=""596.328""","=""0.02""","=""596.318+""","=""4""","=""""",,"=""78956.031""","=""95720.95""","=""5p5.(2P*<3/2>).6p""","=""2[3/2]""","=""1""","=""5p5.(2P*<1/2>).7s""","=""2[1/2]*""","=""0""",,
"=""597.282""","=""0.001""","=""597.28+""","=""1h""","=""""",,"=""79986.618""","=""96724.5""","=""5p5.(2P*<3/2>).5d""","=""2[1/2]*""","=""1""","=""5p5.(2P*<3/2>).10f""","=""2[3/2]""","=""1""",,
"=""597.4152""","=""0.0002""","=""597.4161+""","=""40""","=""""",,"=""79212.465""","=""95946.582""","=""5p5.(2P*<3/2>).6p""","=""2[3/2]""","=""2""","=""5p5.(2P*<3/2>).10d""","=""2[5/2]*""","=""3""",,
"=""597.829""","=""0.001""","=""597.828+""","=""2""","=""""",,"=""80196.629""","=""96919.21""","=""5p5.(2P*<3/2>).5d""","=""2[7/2]*""","=""4""","=""5p5.(2P*<3/2>).11f""","=""2[9/2]""","=""5""",,
"=""597.942""","=""0.001""","=""597.944+""","=""1""","=""""",,"=""79212.465""","=""95931.80""","=""5p5.(2P*<3/2>).6p""","=""2[3/2]""","=""2""","=""5p5.(2P*<3/2>).10d""","=""2[5/2]*""","=""2""",,
"=""598.623""","=""0.001""","=""598.6217+""","=""4""","=""""",,"=""79212.465""","=""95912.880""","=""5p5.(2P*<3/2>).6p""","=""2[3/2]""","=""2""","=""5p5.(2P*<3/2>).10d""","=""2[1/2]*""","=""1""",,
"=""598.918""","=""0.001""","=""598.9186+""","=""30""","=""""",,"=""79212.465""","=""95904.600""","=""5p5.(2P*<3/2>).6p""","=""2[3/2]""","=""2""","=""5p5.(2P*<3/2>).10d""","=""2[3/2]*""","=""2""",,
"=""599.8115""","=""0.0002""","=""599.8116+""","=""30""","=""5.80e+05""",B+,"=""78119.798""","=""94787.084""","=""5p5.(2P*<3/2>).6p""","=""2[5/2]""","=""2""","=""5p5.(2P*<3/2>).10s""","=""2[3/2]*""","=""1""",,
"=""600.7909""","=""0.0002""","=""600.7905+""","=""15""","=""1.60e+05""",B+,"=""78119.798""","=""94759.927""","=""5p5.(2P*<3/2>).6p""","=""2[5/2]""","=""2""","=""5p5.(2P*<3/2>).10s""","=""2[3/2]*""","=""2""",,
"=""600.978""","=""0.001""","=""600.978+""","=""8""","=""2.10e+05""",B,"=""78956.031""","=""95590.97""","=""5p5.(2P*<3/2>).6p""","=""2[3/2]""","=""1""","=""5p5.(2P*<3/2>).11s""","=""2[3/2]*""","=""1""",,
"=""601.410""","=""0.001""","=""601.4121+""","=""1h""","=""1.3e+04""",C,"=""78956.031""","=""95578.961""","=""5p5.(2P*<3/2>).6p""","=""2[3/2]""","=""1""","=""5p5.(2P*<3/2>).11s""","=""2[3/2]*""","=""2""",,
"=""602.289""","=""0.001""","=""602.288+""","=""1h-""","=""""",,"=""80322.746""","=""96921.51""","=""5p5.(2P*<3/2>).5d""","=""2[3/2]*""","=""2""","=""5p5.(2P*<3/2>).11f""","=""2[5/2]""","=""3""",,
"=""602.676""","=""0.001""","=""602.6742+""","=""4""","=""""",,"=""79212.465""","=""95800.584""","=""5p5.(2P*<3/2>).6p""","=""2[3/2]""","=""2""","=""5p5.(2P*<1/2>).7s""","=""2[1/2]*""","=""1""",,
"=""602.978""","=""0.02""","=""602.98+""","=""15*""","=""""",,"=""88708.466""","=""105288.2""","=""5p5.(2P*<3/2>).6d""","=""2[3/2]*""","=""2""","=""5p5.(2P*<1/2>).6f""","=""2[5/2]""","=""2""",,
"=""602.978""","=""0.02""","=""602.98+""","=""15*""","=""""",,"=""88708.466""","=""105288.2""","=""5p5.(2P*<3/2>).6d""","=""2[3/2]*""","=""2""","=""5p5.(2P*<1/2>).6f""","=""2[5/2]""","=""3""",,
"=""603.136""","=""0.001""","=""603.136+""","=""1h-""","=""""",,"=""80118.962""","=""96694.39""","=""5p5.(2P*<3/2>).6p""","=""2[1/2]""","=""0""","=""5p5.(2P*<3/2>).12d""","=""2[3/2]*""","=""1""",,
"=""603.492""","=""0.001""","=""603.4910+""","=""2""","=""""",,"=""78119.798""","=""94685.467""","=""5p5.(2P*<3/2>).6p""","=""2[5/2]""","=""2""","=""5p5.(2P*<3/2>).8d""","=""2[3/2]*""","=""1""",,
"=""604.338""","=""0.001""","=""604.338+""","=""10""","=""""",,"=""78956.031""","=""95498.48""","=""5p5.(2P*<3/2>).6p""","=""2[3/2]""","=""1""","=""5p5.(2P*<3/2>).9d""","=""2[3/2]*""","=""1""",,
"=""604.800""","=""0.001""","=""604.799+""","=""6h""","=""""",,"=""80196.629""","=""96726.47""","=""5p5.(2P*<3/2>).5d""","=""2[7/2]*""","=""4""","=""5p5.(2P*<3/2>).10f""","=""2[9/2]""","=""5""",,
"=""606.491""","=""0.001""","=""606.489+""","=""1h""","=""""",,"=""79986.618""","=""96470.39""","=""5p5.(2P*<3/2>).5d""","=""2[1/2]*""","=""1""","=""5p5.(2P*<3/2>).9f""","=""2[5/2]""","=""2""",,
"=""606.752""","=""0.001""","=""606.751+""","=""2h""","=""""",,"=""79986.618""","=""96463.27""","=""5p5.(2P*<3/2>).5d""","=""2[1/2]*""","=""1""","=""5p5.(2P*<3/2>).9f""","=""2[3/2]""","=""2""",,
"=""606.777""","=""0.001""","=""606.775+""","=""1h""","=""""",,"=""79986.618""","=""96462.63""","=""5p5.(2P*<3/2>).5d""","=""2[1/2]*""","=""1""","=""5p5.(2P*<3/2>).9f""","=""2[3/2]""","=""1""",,
"=""609.338""","=""0.001""","=""609.337+""","=""3""","=""""",,"=""80322.746""","=""96729.49""","=""5p5.(2P*<3/2>).5d""","=""2[3/2]*""","=""2""","=""5p5.(2P*<3/2>).10f""","=""2[5/2]""","=""3""",,
"=""609.515""","=""0.001""","=""609.52+""","=""1-""","=""""",,"=""80322.746""","=""96724.5""","=""5p5.(2P*<3/2>).5d""","=""2[3/2]*""","=""2""","=""5p5.(2P*<3/2>).10f""","=""2[3/2]""","=""1""",,
"=""610.388""","=""0.001""","=""610.387+""","=""3""","=""1.20e+05""",B,"=""79212.465""","=""95590.97""","=""5p5.(2P*<3/2>).6p""","=""2[3/2]""","=""2""","=""5p5.(2P*<3/2>).11s""","=""2[3/2]*""","=""1""",,
"=""610.837""","=""0.001""","=""610.8352+""","=""8""","=""1.80e+05""",C+,"=""79212.465""","=""95578.961""","=""5p5.(2P*<3/2>).6p""","=""2[3/2]""","=""2""","=""5p5.(2P*<3/2>).11s""","=""2[3/2]*""","=""2""",,
"=""611.1761""","=""0.0002""","=""611.1760+""","=""30""","=""""",,"=""78956.031""","=""95313.401""","=""5p5.(2P*<3/2>).6p""","=""2[3/2]""","=""1""","=""5p5.(2P*<3/2>).9d""","=""2[5/2]*""","=""2""",,
"=""611.1951""","=""0.0002""","=""611.1949+""","=""40""","=""7.0e+05""",C,"=""78403.061""","=""94759.927""","=""5p5.(2P*<3/2>).6p""","=""2[5/2]""","=""3""","=""5p5.(2P*<3/2>).10s""","=""2[3/2]*""","=""2""",,
"=""611.486""","=""0.001""","=""611.485+""","=""10""","=""""",,"=""77269.145""","=""93618.24""","=""5p5.(2P*<3/2>).6p""","=""2[1/2]""","=""1""","=""5p5.(2P*<1/2>).5d""","=""2[3/2]*""","=""1""",,
"=""612.391""","=""0.001""","=""612.389+""","=""5""","=""""",,"=""79771.267""","=""96096.25""","=""5p5.(2P*<3/2>).5d""","=""2[1/2]*""","=""0""","=""5p5.(2P*<3/2>).8f""","=""2[3/2]""","=""1""",,
"=""612.636""","=""0.001""","=""612.6362+""","=""15""","=""""",,"=""78956.031""","=""95274.415""","=""5p5.(2P*<3/2>).6p""","=""2[3/2]""","=""1""","=""5p5.(2P*<3/2>).9d""","=""2[3/2]*""","=""2""",,
"=""613.147""","=""0.001""","=""613.146+""","=""1""","=""""",,"=""80118.962""","=""96423.77""","=""5p5.(2P*<3/2>).6p""","=""2[1/2]""","=""0""","=""5p5.(2P*<3/2>).11d""","=""2[3/2]*""","=""1""",,
"=""614.213""","=""0.001""","=""614.212+""","=""1h""","=""""",,"=""80196.629""","=""96473.15""","=""5p5.(2P*<3/2>).5d""","=""2[7/2]*""","=""4""","=""5p5.(2P*<3/2>).9f""","=""2[7/2]""","=""4""",,
"=""614.370""","=""0.001""","=""614.3687+""","=""4""","=""""",,"=""78956.031""","=""95228.399""","=""5p5.(2P*<3/2>).6p""","=""2[3/2]""","=""1""","=""5p5.(2P*<3/2>).9d""","=""2[1/2]*""","=""1""",,
"=""614.497""","=""0.001""","=""614.496+""","=""20hw""","=""""",,"=""80196.629""","=""96465.63""","=""5p5.(2P*<3/2>).5d""","=""2[7/2]*""","=""4""","=""5p5.(2P*<3/2>).9f""","=""2[9/2]""","=""5""",,
"=""615.2070""","=""0.0002""","=""615.2069+""","=""20""","=""""",,"=""78119.798""","=""94369.995""","=""5p5.(2P*<3/2>).6p""","=""2[5/2]""","=""2""","=""5p5.(2P*<3/2>).8d""","=""2[5/2]*""","=""3""",,
"=""616.216""","=""0.001""","=""616.2174+""","=""3""","=""""",,"=""78956.031""","=""95179.580""","=""5p5.(2P*<3/2>).6p""","=""2[3/2]""","=""1""","=""5p5.(2P*<3/2>).9d""","=""2[1/2]*""","=""0""",,
"=""616.3661""","=""0.0002""","=""616.3661+""","=""90""","=""""",,"=""78119.798""","=""94339.433""","=""5p5.(2P*<3/2>).6p""","=""2[5/2]""","=""2""","=""5p5.(2P*<3/2>).8d""","=""2[5/2]*""","=""2""",,
"=""616.3935""","=""0.0002""","=""616.3931+""","=""80""","=""""",,"=""77185.041""","=""93403.966""","=""5p5.(2P*<1/2>).6s""","=""2[1/2]*""","=""1""","=""5p5.(2P*<3/2>).5f""","=""2[5/2]""","=""2""",,
"=""617.8303""","=""0.0002""","=""617.8300+""","=""150""","=""""",,"=""77185.041""","=""93366.245""","=""5p5.(2P*<1/2>).6s""","=""2[1/2]*""","=""1""","=""5p5.(2P*<3/2>).5f""","=""2[3/2]""","=""2""",,
"=""617.9665""","=""0.0002""","=""617.9665+""","=""120""","=""""",,"=""77185.041""","=""93362.671""","=""5p5.(2P*<1/2>).6s""","=""2[1/2]*""","=""1""","=""5p5.(2P*<3/2>).5f""","=""2[3/2]""","=""1""",,
"=""618.2420""","=""0.0002""","=""618.2418+""","=""300""","=""""",,"=""78119.798""","=""94290.225""","=""5p5.(2P*<3/2>).6p""","=""2[5/2]""","=""2""","=""5p5.(2P*<3/2>).8d""","=""2[7/2]*""","=""3""",,
"=""618.416""","=""0.001""","=""618.4167+""","=""3""","=""""",,"=""78119.798""","=""94285.651""","=""5p5.(2P*<3/2>).6p""","=""2[5/2]""","=""2""","=""5p5.(2P*<3/2>).8d""","=""2[3/2]*""","=""2""",,
"=""618.910""","=""0.001""","=""618.9102+""","=""20""","=""1.30e+05""",B,"=""77269.145""","=""93422.108""","=""5p5.(2P*<3/2>).6p""","=""2[1/2]""","=""1""","=""5p5.(2P*<3/2>).9s""","=""2[3/2]*""","=""1""",,
"=""619.140""","=""0.001""","=""619.139+""","=""4h""","=""""",,"=""80322.746""","=""96469.73""","=""5p5.(2P*<3/2>).5d""","=""2[3/2]*""","=""2""","=""5p5.(2P*<3/2>).9f""","=""2[5/2]""","=""3""",,
"=""619.389""","=""0.001""","=""619.387+""","=""1h""","=""""",,"=""80322.746""","=""96463.27""","=""5p5.(2P*<3/2>).5d""","=""2[3/2]*""","=""2""","=""5p5.(2P*<3/2>).9f""","=""2[3/2]""","=""2""",,
"=""619.549""","=""0.001""","=""619.5494+""","=""1""","=""""",,"=""76196.767""","=""92333.066""","=""5p5.(2P*<1/2>).6s""","=""2[1/2]*""","=""0""","=""5p5.(2P*<3/2>).8p""","=""2[3/2]""","=""1""",,
"=""619.8260""","=""0.0002""","=""619.8256+""","=""100""","=""6.60e+05""",B+,"=""77269.145""","=""93398.253""","=""5p5.(2P*<3/2>).6p""","=""2[1/2]""","=""1""","=""5p5.(2P*<3/2>).9s""","=""2[3/2]*""","=""2""",,
"=""620.0892""","=""0.0002""","=""620.0889+""","=""60""","=""""",,"=""79212.465""","=""95334.723""","=""5p5.(2P*<3/2>).6p""","=""2[3/2]""","=""2""","=""5p5.(2P*<3/2>).9d""","=""2[5/2]*""","=""3""",,
"=""620.149""","=""0.001""","=""620.147+""","=""3h""","=""""",,"=""79986.618""","=""96107.36""","=""5p5.(2P*<3/2>).5d""","=""2[1/2]*""","=""1""","=""5p5.(2P*<3/2>).8f""","=""2[5/2]""","=""2""",,
"=""620.535""","=""0.001""","=""620.534+""","=""6h""","=""""",,"=""79986.618""","=""96097.31""","=""5p5.(2P*<3/2>).5d""","=""2[1/2]*""","=""1""","=""5p5.(2P*<3/2>).8f""","=""2[3/2]""","=""2""",,
"=""620.575""","=""0.001""","=""620.575+""","=""4""","=""""",,"=""79986.618""","=""96096.25""","=""5p5.(2P*<3/2>).5d""","=""2[1/2]*""","=""1""","=""5p5.(2P*<3/2>).8f""","=""2[3/2]""","=""1""",,
"=""620.6297""","=""0.0002""","=""620.6299+""","=""20""","=""""",,"=""78119.798""","=""94228.004""","=""5p5.(2P*<3/2>).6p""","=""2[5/2]""","=""2""","=""5p5.(2P*<3/2>).8d""","=""2[1/2]*""","=""1""",,
"=""620.911""","=""0.001""","=""620.9101+""","=""3""","=""""",,"=""79212.465""","=""95313.401""","=""5p5.(2P*<3/2>).6p""","=""2[3/2]""","=""2""","=""5p5.(2P*<3/2>).9d""","=""2[5/2]*""","=""2""",,
"=""622.084""","=""0.001""","=""622.0844+""","=""1""","=""""",,"=""79212.465""","=""95283.008""","=""5p5.(2P*<3/2>).6p""","=""2[3/2]""","=""2""","=""5p5.(2P*<3/2>).9d""","=""2[7/2]*""","=""3""",,
"=""622.4168""","=""0.0002""","=""622.4172+""","=""40""","=""""",,"=""79212.465""","=""95274.415""","=""5p5.(2P*<3/2>).6p""","=""2[3/2]""","=""2""","=""5p5.(2P*<3/2>).9d""","=""2[3/2]*""","=""2""",,
"=""623.081""","=""0.02""","=""623.08+""","=""4*""","=""""",,"=""89243.258""","=""105288.2""","=""5p5.(2P*<3/2>).6d""","=""2[5/2]*""","=""2""","=""5p5.(2P*<1/2>).6f""","=""2[7/2]""","=""3""",,
"=""623.081""","=""0.02""","=""623.08+""","=""4*""","=""""",,"=""89243.258""","=""105288.2""","=""5p5.(2P*<3/2>).6d""","=""2[5/2]*""","=""2""","=""5p5.(2P*<1/2>).6f""","=""2[5/2]""","=""2""",,
"=""624.209""","=""0.001""","=""624.2055+""","=""8""","=""""",,"=""79212.465""","=""95228.399""","=""5p5.(2P*<3/2>).6p""","=""2[3/2]""","=""2""","=""5p5.(2P*<3/2>).9d""","=""2[1/2]*""","=""1""",,
"=""626.1212""","=""0.0002""","=""626.1211+""","=""50""","=""""",,"=""78403.061""","=""94369.995""","=""5p5.(2P*<3/2>).6p""","=""2[5/2]""","=""3""","=""5p5.(2P*<3/2>).8d""","=""2[5/2]*""","=""3""",,
"=""626.5302""","=""0.0002""","=""626.5301+""","=""40*""","=""""",,"=""76196.767""","=""92153.279""","=""5p5.(2P*<1/2>).6s""","=""2[1/2]*""","=""0""","=""5p5.(2P*<3/2>).8p""","=""2[1/2]""","=""1""",,
"=""626.5302""","=""0.0002""","=""626.52+""","=""40*""","=""""",,"=""80322.746""","=""[96279.6]""","=""5p5.(2P*<3/2>).5d""","=""2[3/2]*""","=""2""","=""5p5.(2P*<3/2>).12p""","=""2[1/2]""","=""1""",,
"=""626.834""","=""0.001""","=""626.834+""","=""1h""","=""""",,"=""80970.438""","=""96919.21""","=""5p5.(2P*<3/2>).5d""","=""2[7/2]*""","=""3""","=""5p5.(2P*<3/2>).11f""","=""2[9/2]""","=""4""",,
"=""627.323""","=""0.001""","=""627.3219+""","=""10""","=""""",,"=""78403.061""","=""94339.433""","=""5p5.(2P*<3/2>).6p""","=""2[5/2]""","=""3""","=""5p5.(2P*<3/2>).8d""","=""2[5/2]*""","=""2""",,
"=""627.699""","=""0.001""","=""627.699+""","=""4""","=""""",,"=""80118.962""","=""96045.77""","=""5p5.(2P*<3/2>).6p""","=""2[1/2]""","=""0""","=""5p5.(2P*<3/2>).10d""","=""2[3/2]*""","=""1""",,
"=""628.181""","=""0.001""","=""628.180+""","=""5h""","=""""",,"=""80196.629""","=""96111.24""","=""5p5.(2P*<3/2>).5d""","=""2[7/2]*""","=""4""","=""5p5.(2P*<3/2>).8f""","=""2[7/2]""","=""4""",,
"=""628.6011""","=""0.0002""","=""628.600+""","=""100""","=""""",,"=""80196.629""","=""96100.60""","=""5p5.(2P*<3/2>).5d""","=""2[7/2]*""","=""4""","=""5p5.(2P*<3/2>).8f""","=""2[9/2]""","=""5""",,
"=""629.2649""","=""0.0002""","=""629.2649+""","=""50""","=""""",,"=""78403.061""","=""94290.225""","=""5p5.(2P*<3/2>).6p""","=""2[5/2]""","=""3""","=""5p5.(2P*<3/2>).8d""","=""2[7/2]*""","=""3""",,
"=""629.445""","=""0.001""","=""629.4462+""","=""15""","=""""",,"=""78403.061""","=""94285.651""","=""5p5.(2P*<3/2>).6p""","=""2[5/2]""","=""3""","=""5p5.(2P*<3/2>).8d""","=""2[3/2]*""","=""2""",,
"=""631.497""","=""0.001""","=""631.4953+""","=""15""","=""3.10e+05""",B+,"=""78956.031""","=""94787.084""","=""5p5.(2P*<3/2>).6p""","=""2[3/2]""","=""1""","=""5p5.(2P*<3/2>).10s""","=""2[3/2]*""","=""1""",,
"=""631.8062""","=""0.0002""","=""631.8063+""","=""500""","=""""",,"=""78403.061""","=""94226.320""","=""5p5.(2P*<3/2>).6p""","=""2[5/2]""","=""3""","=""5p5.(2P*<3/2>).8d""","=""2[7/2]*""","=""4""",,
"=""632.581""","=""0.001""","=""632.5804+""","=""2""","=""2.1e+04""",C,"=""78956.031""","=""94759.927""","=""5p5.(2P*<3/2>).6p""","=""2[3/2]""","=""1""","=""5p5.(2P*<3/2>).10s""","=""2[3/2]*""","=""2""",,
"=""633.150""","=""0.001""","=""633.1449+""","=""20""","=""""",,"=""79771.267""","=""95561.074""","=""5p5.(2P*<3/2>).5d""","=""2[1/2]*""","=""0""","=""5p5.(2P*<3/2>).7f""","=""2[3/2]""","=""1""",,
"=""633.397""","=""0.001""","=""633.395+""","=""40hl""","=""""",,"=""80322.746""","=""96106.31""","=""5p5.(2P*<3/2>).5d""","=""2[3/2]*""","=""2""","=""5p5.(2P*<3/2>).8f""","=""2[5/2]""","=""3""",,
"=""633.758""","=""0.001""","=""633.757+""","=""8hl""","=""""",,"=""80322.746""","=""96097.31""","=""5p5.(2P*<3/2>).5d""","=""2[3/2]*""","=""2""","=""5p5.(2P*<3/2>).8f""","=""2[3/2]""","=""2""",,
"=""634.498""","=""0.001""","=""634.499+""","=""2h""","=""""",,"=""80970.438""","=""96726.56""","=""5p5.(2P*<3/2>).5d""","=""2[7/2]*""","=""3""","=""5p5.(2P*<3/2>).10f""","=""2[9/2]""","=""4""",,
"=""635.577""","=""0.001""","=""635.5750+""","=""20""","=""""",,"=""78956.031""","=""94685.467""","=""5p5.(2P*<3/2>).6p""","=""2[3/2]""","=""1""","=""5p5.(2P*<3/2>).8d""","=""2[3/2]*""","=""1""",,
"=""638.324""","=""0.013""","=""638.330+""","=""""","=""""",,"=""80196.629""","=""95858.18""","=""5p5.(2P*<3/2>).5d""","=""2[7/2]*""","=""4""","=""5p5.(2P*<3/2>).11p""","=""2[5/2]""","=""3""",,
"=""640.705""","=""0.013""","=""640.70+""","=""""","=""""",,"=""81925.514""","=""97529.2""","=""5p5.(2P*<3/2>).5d""","=""2[5/2]*""","=""2""","=""5p5.(2P*<3/2>).19f""","=""2[5/2]""","=""2""",,
"=""641.238""","=""0.001""","=""641.236+""","=""10""","=""""",,"=""79986.618""","=""95577.20""","=""5p5.(2P*<3/2>).5d""","=""2[1/2]*""","=""1""","=""5p5.(2P*<3/2>).7f""","=""2[5/2]""","=""2""",,
"=""641.841""","=""0.001""","=""641.8389+""","=""30""","=""""",,"=""79986.618""","=""95562.546""","=""5p5.(2P*<3/2>).5d""","=""2[1/2]*""","=""1""","=""5p5.(2P*<3/2>).7f""","=""2[3/2]""","=""2""",,
"=""""","=""""","=""641.8929+""","=""""","=""2.3e+05""",C+,"=""79212.465""","=""94787.084""","=""5p5.(2P*<3/2>).6p""","=""2[3/2]""","=""2""","=""5p5.(2P*<3/2>).10s""","=""2[3/2]*""","=""1""",,
"=""641.898""","=""0.001""","=""641.8996+""","=""30h""","=""""",,"=""79986.618""","=""95561.074""","=""5p5.(2P*<3/2>).5d""","=""2[1/2]*""","=""1""","=""5p5.(2P*<3/2>).7f""","=""2[3/2]""","=""1""",,
"=""642.133""","=""0.013""","=""642.13+""","=""""","=""""",,"=""81925.514""","=""97494.3""","=""5p5.(2P*<3/2>).5d""","=""2[5/2]*""","=""2""","=""5p5.(2P*<3/2>).18f""","=""2[5/2]""","=""2""",,
"=""643.0155""","=""0.0002""","=""643.0141+""","=""20""","=""3.00e+05""",B+,"=""79212.465""","=""94759.927""","=""5p5.(2P*<3/2>).6p""","=""2[3/2]""","=""2""","=""5p5.(2P*<3/2>).10s""","=""2[3/2]*""","=""2""",,
"=""643.501""","=""0.013""","=""643.512+""","=""""","=""""",,"=""80322.746""","=""95858.18""","=""5p5.(2P*<3/2>).5d""","=""2[3/2]*""","=""2""","=""5p5.(2P*<3/2>).11p""","=""2[5/2]""","=""3""",,
"=""643.832""","=""0.013""","=""643.83+""","=""""","=""""",,"=""81925.514""","=""97453.2""","=""5p5.(2P*<3/2>).5d""","=""2[5/2]*""","=""2""","=""5p5.(2P*<3/2>).17f""","=""2[5/2]""","=""2""",,
"=""643.890""","=""0.013""","=""643.91+""","=""""","=""""",,"=""80322.746""","=""[95848.6]""","=""5p5.(2P*<3/2>).5d""","=""2[3/2]*""","=""2""","=""5p5.(2P*<3/2>).11p""","=""2[5/2]""","=""2""",,
"=""644.870""","=""0.001""","=""644.870+""","=""2h*""","=""""",,"=""80970.438""","=""96473.15""","=""5p5.(2P*<3/2>).5d""","=""2[7/2]*""","=""3""","=""5p5.(2P*<3/2>).9f""","=""2[7/2]""","=""4""",,
"=""644.870""","=""0.001""","=""644.870+""","=""2h*""","=""""",,"=""80970.438""","=""96473.15""","=""5p5.(2P*<3/2>).5d""","=""2[7/2]*""","=""3""","=""5p5.(2P*<3/2>).9f""","=""2[7/2]""","=""3""",,
"=""645.048""","=""0.001""","=""645.048+""","=""7""","=""""",,"=""78119.798""","=""93618.24""","=""5p5.(2P*<3/2>).6p""","=""2[5/2]""","=""2""","=""5p5.(2P*<1/2>).5d""","=""2[3/2]*""","=""1""",,
"=""645.179""","=""0.001""","=""645.179+""","=""10hl""","=""""",,"=""80970.438""","=""96465.72""","=""5p5.(2P*<3/2>).5d""","=""2[7/2]*""","=""3""","=""5p5.(2P*<3/2>).9f""","=""2[9/2]""","=""4""",,
"=""645.871""","=""0.013""","=""645.89+""","=""""","=""""",,"=""81925.514""","=""97403.8""","=""5p5.(2P*<3/2>).5d""","=""2[5/2]*""","=""2""","=""5p5.(2P*<3/2>).16f""","=""2[5/2]""","=""2""",,
"=""646.150""","=""0.001""","=""646.150+""","=""3""","=""1.20e+05""",C+,"=""80118.962""","=""95590.97""","=""5p5.(2P*<3/2>).6p""","=""2[1/2]""","=""0""","=""5p5.(2P*<3/2>).11s""","=""2[3/2]*""","=""1""",,
"=""646.9705""","=""0.0002""","=""646.9705+""","=""300""","=""""",,"=""77269.145""","=""92721.530""","=""5p5.(2P*<3/2>).6p""","=""2[1/2]""","=""1""","=""5p5.(2P*<3/2>).7d""","=""2[3/2]*""","=""2""",,
"=""647.2841""","=""0.0002""","=""647.2843+""","=""150""","=""""",,"=""77269.145""","=""92714.038""","=""5p5.(2P*<3/2>).6p""","=""2[1/2]""","=""1""","=""5p5.(2P*<3/2>).7d""","=""2[3/2]*""","=""1""",,
"=""648.363""","=""0.013""","=""648.37+""","=""""","=""""",,"=""81925.514""","=""97344.5""","=""5p5.(2P*<3/2>).5d""","=""2[5/2]*""","=""2""","=""5p5.(2P*<3/2>).15f""","=""2[5/2]""","=""2""",,
"=""648.7765""","=""0.0002""","=""648.7765+""","=""120""","=""9.40e+05""",B,"=""77269.145""","=""92678.516""","=""5p5.(2P*<3/2>).6p""","=""2[1/2]""","=""1""","=""5p5.(2P*<3/2>).7d""","=""2[5/2]*""","=""2""",,
"=""649.743""","=""0.001""","=""649.740+""","=""30hl""","=""""",,"=""80196.629""","=""95583.16""","=""5p5.(2P*<3/2>).5d""","=""2[7/2]*""","=""4""","=""5p5.(2P*<3/2>).7f""","=""2[7/2]""","=""4""",,
"=""649.8717""","=""0.0002""","=""649.8717+""","=""100""","=""""",,"=""78956.031""","=""94339.433""","=""5p5.(2P*<3/2>).6p""","=""2[3/2]""","=""1""","=""5p5.(2P*<3/2>).8d""","=""2[5/2]*""","=""2""",,
"=""650.037""","=""0.001""","=""650.0437+""","=""15*""","=""""",,"=""80196.629""","=""95575.960""","=""5p5.(2P*<3/2>).5d""","=""2[7/2]*""","=""4""","=""5p5.(2P*<3/2>).7f""","=""2[5/2]""","=""3""",,
"=""650.037""","=""0.001""","=""650.036+""","=""15*""","=""""",,"=""80118.962""","=""95498.48""","=""5p5.(2P*<3/2>).6p""","=""2[1/2]""","=""0""","=""5p5.(2P*<3/2>).9d""","=""2[3/2]*""","=""1""",,
"=""650.418""","=""0.001""","=""650.417+""","=""200h""","=""""",,"=""80196.629""","=""95567.14""","=""5p5.(2P*<3/2>).5d""","=""2[7/2]*""","=""4""","=""5p5.(2P*<3/2>).7f""","=""2[9/2]""","=""5""",,
"=""650.438""","=""0.013""","=""650.4344+""","=""""","=""""",,"=""77185.041""","=""92555.135""","=""5p5.(2P*<1/2>).6s""","=""2[1/2]*""","=""1""","=""5p5.(2P*<3/2>).8p""","=""2[1/2]""","=""0""",,
"=""650.750""","=""0.001""","=""650.7493+""","=""""","=""""",,"=""67067.547""","=""82430.204""","=""5p5.(2P*<3/2>).6s""","=""2[3/2]*""","=""2""","=""5p5.(2P*<3/2>).5d""","=""2[5/2]*""","=""3""",M1,
"=""652.1508""","=""0.0002""","=""652.1517+""","=""40""","=""""",,"=""78956.031""","=""94285.651""","=""5p5.(2P*<3/2>).6p""","=""2[3/2]""","=""1""","=""5p5.(2P*<3/2>).8d""","=""2[3/2]*""","=""2""",,
"=""653.3159""","=""0.0002""","=""653.3156+""","=""100""","=""1.03e+06""",B+,"=""78119.798""","=""93422.108""","=""5p5.(2P*<3/2>).6p""","=""2[5/2]""","=""2""","=""5p5.(2P*<3/2>).9s""","=""2[3/2]*""","=""1""",,
"=""654.3360""","=""0.0002""","=""654.3357+""","=""40""","=""2.70e+05""",B+,"=""78119.798""","=""93398.253""","=""5p5.(2P*<3/2>).6p""","=""2[5/2]""","=""2""","=""5p5.(2P*<3/2>).9s""","=""2[3/2]*""","=""2""",,
"=""654.612""","=""0.001""","=""654.6134+""","=""20""","=""""",,"=""78956.031""","=""94228.004""","=""5p5.(2P*<3/2>).6p""","=""2[3/2]""","=""1""","=""5p5.(2P*<3/2>).8d""","=""2[1/2]*""","=""1""",,
"=""655.260""","=""0.013""","=""655.26+""","=""""","=""""",,"=""81925.514""","=""97182.4""","=""5p5.(2P*<3/2>).5d""","=""2[5/2]*""","=""2""","=""5p5.(2P*<3/2>).13f""","=""2[7/2]""","=""3""",,
"=""655.299""","=""0.013""","=""655.30+""","=""""","=""""",,"=""81925.514""","=""97181.5""","=""5p5.(2P*<3/2>).5d""","=""2[5/2]*""","=""2""","=""5p5.(2P*<3/2>).13f""","=""2[5/2]""","=""2""",,
"=""655.366""","=""0.001""","=""655.365+""","=""4""","=""""",,"=""80322.746""","=""95577.20""","=""5p5.(2P*<3/2>).5d""","=""2[3/2]*""","=""2""","=""5p5.(2P*<3/2>).7f""","=""2[5/2]""","=""2""",,
"=""655.4196""","=""0.0002""","=""655.4185+""","=""50hl""","=""""",,"=""80322.746""","=""95575.960""","=""5p5.(2P*<3/2>).5d""","=""2[3/2]*""","=""2""","=""5p5.(2P*<3/2>).7f""","=""2[5/2]""","=""3""",,
"=""655.862""","=""0.013""","=""655.859+""","=""""","=""""",,"=""79986.618""","=""95229.59""","=""5p5.(2P*<3/2>).5d""","=""2[1/2]*""","=""1""","=""5p5.(2P*<3/2>).10p""","=""2[3/2]""","=""2""",,
"=""655.997""","=""0.001""","=""655.9954+""","=""25""","=""""",,"=""80322.746""","=""95562.546""","=""5p5.(2P*<3/2>).5d""","=""2[3/2]*""","=""2""","=""5p5.(2P*<3/2>).7f""","=""2[3/2]""","=""2""",,
"=""656.065""","=""0.001""","=""656.0587+""","=""4h""","=""""",,"=""80322.746""","=""95561.074""","=""5p5.(2P*<3/2>).5d""","=""2[3/2]*""","=""2""","=""5p5.(2P*<3/2>).7f""","=""2[3/2]""","=""1""",,
"=""656.839""","=""0.02""","=""656.86+""","=""30""","=""""",,"=""88708.466""","=""103928.2""","=""5p5.(2P*<3/2>).6d""","=""2[3/2]*""","=""2""","=""5p5.(2P*<1/2>).5f""","=""2[5/2]""","=""3""",,
"=""658.327""","=""0.001""","=""658.3245+""","=""20""","=""""",,"=""77185.041""","=""92370.923""","=""5p5.(2P*<1/2>).6s""","=""2[1/2]*""","=""1""","=""5p5.(2P*<3/2>).8p""","=""2[3/2]""","=""2""",,
"=""659.086""","=""0.001""","=""659.0871+""","=""8""","=""""",,"=""78956.031""","=""94124.342""","=""5p5.(2P*<3/2>).6p""","=""2[3/2]""","=""1""","=""5p5.(2P*<3/2>).8d""","=""2[1/2]*""","=""0""",,
"=""659.327""","=""0.013""","=""659.33+""","=""""","=""""",,"=""83889.971""","=""99052.8""","=""5p5.(2P*<3/2>).5d""","=""2[3/2]*""","=""1""","=""5p5.(2P*<1/2>).7p""","=""2[1/2]""","=""1""",,
"=""659.5561""","=""0.0002""","=""659.5559+""","=""100""","=""""",,"=""79212.465""","=""94369.995""","=""5p5.(2P*<3/2>).6p""","=""2[3/2]""","=""2""","=""5p5.(2P*<3/2>).8d""","=""2[5/2]*""","=""3""",,
"=""659.971""","=""0.013""","=""659.9698+""","=""""","=""""",,"=""77185.041""","=""92333.066""","=""5p5.(2P*<1/2>).6s""","=""2[1/2]*""","=""1""","=""5p5.(2P*<3/2>).8p""","=""2[3/2]""","=""1""",,
"=""660.158""","=""0.013""","=""660.16+""","=""""","=""""",,"=""81925.514""","=""97069.2""","=""5p5.(2P*<3/2>).5d""","=""2[5/2]*""","=""2""","=""5p5.(2P*<3/2>).12f""","=""2[7/2]""","=""3""",,
"=""660.206""","=""0.013""","=""660.21+""","=""""","=""""",,"=""81925.514""","=""97068.1""","=""5p5.(2P*<3/2>).5d""","=""2[5/2]*""","=""2""","=""5p5.(2P*<3/2>).12f""","=""2[5/2]""","=""2""",,
"=""660.287""","=""0.001""","=""660.288+""","=""4h*""","=""""",,"=""80970.438""","=""96111.17""","=""5p5.(2P*<3/2>).5d""","=""2[7/2]*""","=""3""","=""5p5.(2P*<3/2>).8f""","=""2[7/2]""","=""3""",,
"=""660.287""","=""0.001""","=""660.285+""","=""4h*""","=""""",,"=""80970.438""","=""96111.24""","=""5p5.(2P*<3/2>).5d""","=""2[7/2]*""","=""3""","=""5p5.(2P*<3/2>).8f""","=""2[7/2]""","=""4""",,
"=""660.446""","=""0.013""","=""660.454+""","=""""","=""""",,"=""80970.438""","=""96107.36""","=""5p5.(2P*<3/2>).5d""","=""2[7/2]*""","=""3""","=""5p5.(2P*<3/2>).8f""","=""2[5/2]""","=""2""",,
"=""660.498""","=""0.013""","=""660.500+""","=""""","=""""",,"=""80970.438""","=""96106.31""","=""5p5.(2P*<3/2>).5d""","=""2[7/2]*""","=""3""","=""5p5.(2P*<3/2>).8f""","=""2[5/2]""","=""3""",,
"=""660.741""","=""0.001""","=""660.742+""","=""30h""","=""""",,"=""80970.438""","=""96100.75""","=""5p5.(2P*<3/2>).5d""","=""2[7/2]*""","=""3""","=""5p5.(2P*<3/2>).8f""","=""2[9/2]""","=""4""",,
"=""660.887""","=""0.001""","=""660.8885+""","=""10""","=""""",,"=""79212.465""","=""94339.433""","=""5p5.(2P*<3/2>).6p""","=""2[3/2]""","=""2""","=""5p5.(2P*<3/2>).8d""","=""2[5/2]*""","=""2""",,
"=""662.108""","=""0.013""","=""662.11+""","=""""","=""""",,"=""82430.204""","=""97529.2""","=""5p5.(2P*<3/2>).5d""","=""2[5/2]*""","=""3""","=""5p5.(2P*<3/2>).19f""","=""2[5/2]""","=""2""",,
"=""663.044""","=""0.001""","=""663.0454+""","=""2""","=""""",,"=""79212.465""","=""94290.225""","=""5p5.(2P*<3/2>).6p""","=""2[3/2]""","=""2""","=""5p5.(2P*<3/2>).8d""","=""2[7/2]*""","=""3""",,
"=""663.2464""","=""0.0002""","=""663.2466+""","=""50""","=""""",,"=""79212.465""","=""94285.651""","=""5p5.(2P*<3/2>).6p""","=""2[3/2]""","=""2""","=""5p5.(2P*<3/2>).8d""","=""2[3/2]*""","=""2""",,
"=""663.638""","=""0.013""","=""663.65+""","=""""","=""""",,"=""82430.204""","=""97494.3""","=""5p5.(2P*<3/2>).5d""","=""2[5/2]*""","=""3""","=""5p5.(2P*<3/2>).18f""","=""2[5/2]""","=""2""",,
"=""664.875""","=""0.001""","=""664.8727+""","=""3""","=""""",,"=""77185.041""","=""92221.362""","=""5p5.(2P*<1/2>).6s""","=""2[1/2]*""","=""1""","=""5p5.(2P*<3/2>).8p""","=""2[5/2]""","=""2""",,
"=""665.467""","=""0.013""","=""665.46+""","=""""","=""""",,"=""82430.204""","=""97453.2""","=""5p5.(2P*<3/2>).5d""","=""2[5/2]*""","=""3""","=""5p5.(2P*<3/2>).17f""","=""2[5/2]""","=""2""",,
"=""665.792""","=""0.001""","=""665.7929+""","=""20""","=""""",,"=""79212.465""","=""94228.004""","=""5p5.(2P*<3/2>).6p""","=""2[3/2]""","=""2""","=""5p5.(2P*<3/2>).8d""","=""2[1/2]*""","=""1""",,
"=""666.485""","=""0.001""","=""666.487+""","=""4""","=""""",,"=""80196.629""","=""95196.53""","=""5p5.(2P*<3/2>).5d""","=""2[7/2]*""","=""4""","=""5p5.(2P*<3/2>).10p""","=""2[5/2]""","=""3""",,
"=""666.567""","=""0.013""","=""666.57+""","=""""","=""""",,"=""81925.514""","=""96923.6""","=""5p5.(2P*<3/2>).5d""","=""2[5/2]*""","=""2""","=""5p5.(2P*<3/2>).11f""","=""2[7/2]""","=""3""",,
"=""666.629""","=""0.013""","=""666.63+""","=""""","=""""",,"=""81925.514""","=""96922.2""","=""5p5.(2P*<3/2>).5d""","=""2[5/2]*""","=""2""","=""5p5.(2P*<3/2>).11f""","=""2[5/2]""","=""2""",,
"=""666.6965""","=""0.0002""","=""666.6963+""","=""60""","=""1.10e+06""",B+,"=""78403.061""","=""93398.253""","=""5p5.(2P*<3/2>).6p""","=""2[5/2]""","=""3""","=""5p5.(2P*<3/2>).9s""","=""2[3/2]*""","=""2""",,
"=""666.8920""","=""0.0002""","=""666.8923+""","=""150""","=""""",,"=""77269.145""","=""92259.931""","=""5p5.(2P*<3/2>).6p""","=""2[1/2]""","=""1""","=""5p5.(2P*<3/2>).7d""","=""2[1/2]*""","=""0""",,
"=""667.653""","=""0.013""","=""667.66+""","=""""","=""""",,"=""82430.204""","=""97403.8""","=""5p5.(2P*<3/2>).5d""","=""2[5/2]*""","=""3""","=""5p5.(2P*<3/2>).16f""","=""2[5/2]""","=""2""",,
"=""667.8972""","=""0.0002""","=""667.8969+""","=""25""","=""""",,"=""77185.041""","=""92153.279""","=""5p5.(2P*<1/2>).6s""","=""2[1/2]*""","=""1""","=""5p5.(2P*<3/2>).8p""","=""2[1/2]""","=""1""",,
"=""668.1036""","=""0.0002""","=""668.1032+""","=""20""","=""""",,"=""79771.267""","=""94734.882""","=""5p5.(2P*<3/2>).5d""","=""2[1/2]*""","=""0""","=""5p5.(2P*<3/2>).6f""","=""2[3/2]""","=""1""",,
"=""668.479""","=""0.02""","=""668.48+""","=""30*""","=""""",,"=""91152.670""","=""106107.8""","=""5p5.(2P*<1/2>).5d""","=""2[5/2]*""","=""2""","=""5p5.(2P*<1/2>).7f""","=""2[5/2]""","=""2""",,
"=""668.479""","=""0.02""","=""668.48+""","=""30*""","=""""",,"=""91152.670""","=""106107.8""","=""5p5.(2P*<1/2>).5d""","=""2[5/2]*""","=""2""","=""5p5.(2P*<1/2>).7f""","=""2[7/2]""","=""3""",,
"=""670.326""","=""0.013""","=""670.31+""","=""""","=""""",,"=""82430.204""","=""97344.5""","=""5p5.(2P*<3/2>).5d""","=""2[5/2]*""","=""3""","=""5p5.(2P*<3/2>).15f""","=""2[5/2]""","=""2""",,
"=""670.362""","=""0.013""","=""670.38+""","=""""","=""""",,"=""82430.204""","=""97342.9""","=""5p5.(2P*<3/2>).5d""","=""2[5/2]*""","=""3""","=""5p5.(2P*<3/2>).15f""","=""2[3/2]""","=""2""",,
"=""670.546""","=""0.013""","=""670.552+""","=""""","=""""",,"=""80970.438""","=""95879.40""","=""5p5.(2P*<3/2>).5d""","=""2[7/2]*""","=""3""","=""5p5.(2P*<3/2>).11p""","=""2[3/2]""","=""2""",,
"=""670.646""","=""0.001""","=""670.648+""","=""1""","=""""",,"=""80322.746""","=""95229.59""","=""5p5.(2P*<3/2>).5d""","=""2[3/2]*""","=""2""","=""5p5.(2P*<3/2>).10p""","=""2[3/2]""","=""2""",,
"=""670.825""","=""0.02""","=""670.81+""","=""3*""","=""""",,"=""89024.890""","=""103928.2""","=""5p5.(2P*<3/2>).6d""","=""2[7/2]*""","=""3""","=""5p5.(2P*<1/2>).5f""","=""2[5/2]""","=""3""",,
"=""670.825""","=""0.02""","=""670.81+""","=""3*""","=""""",,"=""89024.890""","=""103928.2""","=""5p5.(2P*<3/2>).6d""","=""2[7/2]*""","=""3""","=""5p5.(2P*<1/2>).5f""","=""2[7/2]""","=""3""",,
"=""670.825""","=""0.02""","=""670.81+""","=""3*""","=""""",,"=""89024.890""","=""103928.2""","=""5p5.(2P*<3/2>).6d""","=""2[7/2]*""","=""3""","=""5p5.(2P*<1/2>).5f""","=""2[7/2]""","=""4""",,
"=""671.293""","=""0.02""","=""671.29+""","=""3*""","=""""",,"=""91746.564""","=""106639.1""","=""5p5.(2P*<1/2>).5d""","=""2[5/2]*""","=""3""","=""5p5.(2P*<1/2>).8f""","=""2[7/2]""","=""3""",,
"=""671.293""","=""0.02""","=""671.29+""","=""3*""","=""""",,"=""91746.564""","=""106639.1""","=""5p5.(2P*<1/2>).5d""","=""2[5/2]*""","=""3""","=""5p5.(2P*<1/2>).8f""","=""2[5/2]""","=""3""",,
"=""671.293""","=""0.02""","=""671.29+""","=""3*""","=""""",,"=""91746.564""","=""106639.1""","=""5p5.(2P*<1/2>).5d""","=""2[5/2]*""","=""3""","=""5p5.(2P*<1/2>).8f""","=""2[5/2]""","=""2""",,
"=""671.939""","=""0.013""","=""671.94+""","=""""","=""""",,"=""80970.438""","=""[95848.6]""","=""5p5.(2P*<3/2>).5d""","=""2[7/2]*""","=""3""","=""5p5.(2P*<3/2>).11p""","=""2[5/2]""","=""2""",,
"=""672.138""","=""0.013""","=""672.138+""","=""""","=""""",,"=""80322.746""","=""95196.53""","=""5p5.(2P*<3/2>).5d""","=""2[3/2]*""","=""2""","=""5p5.(2P*<3/2>).10p""","=""2[5/2]""","=""3""",,
"=""672.8008""","=""0.0002""","=""672.8006+""","=""200""","=""""",,"=""77269.145""","=""92128.287""","=""5p5.(2P*<3/2>).6p""","=""2[1/2]""","=""1""","=""5p5.(2P*<3/2>).7d""","=""2[1/2]*""","=""1""",,
"=""672.857""","=""0.013""","=""672.8538+""","=""f""","=""""",,"=""67067.547""","=""81925.514""","=""5p5.(2P*<3/2>).6s""","=""2[3/2]*""","=""2""","=""5p5.(2P*<3/2>).5d""","=""2[5/2]*""","=""2""",M1,
"=""673.614""","=""0.013""","=""673.61+""","=""""","=""""",,"=""82430.204""","=""97271.4""","=""5p5.(2P*<3/2>).5d""","=""2[5/2]*""","=""3""","=""5p5.(2P*<3/2>).14f""","=""2[5/2]""","=""2""",,
"=""673.650""","=""0.013""","=""673.68+""","=""""","=""""",,"=""82430.204""","=""97270.0""","=""5p5.(2P*<3/2>).5d""","=""2[5/2]*""","=""3""","=""5p5.(2P*<3/2>).14f""","=""2[3/2]""","=""2""",,
"=""675.193""","=""0.013""","=""675.19+""","=""""","=""""",,"=""81925.514""","=""96732.0""","=""5p5.(2P*<3/2>).5d""","=""2[5/2]*""","=""2""","=""5p5.(2P*<3/2>).10f""","=""2[7/2]""","=""3""",,
"=""675.279""","=""0.013""","=""675.28+""","=""""","=""""",,"=""81925.514""","=""96730.1""","=""5p5.(2P*<3/2>).5d""","=""2[5/2]*""","=""2""","=""5p5.(2P*<3/2>).10f""","=""2[5/2]""","=""2""",,
"=""676.712""","=""0.001""","=""676.7093+""","=""10""","=""""",,"=""79986.618""","=""94759.935""","=""5p5.(2P*<3/2>).5d""","=""2[1/2]*""","=""1""","=""5p5.(2P*<3/2>).6f""","=""2[5/2]""","=""2""",,
"=""677.757""","=""0.001""","=""677.7559+""","=""50""","=""""",,"=""79986.618""","=""94737.121""","=""5p5.(2P*<3/2>).5d""","=""2[1/2]*""","=""1""","=""5p5.(2P*<3/2>).6f""","=""2[3/2]""","=""2""",,
"=""677.860""","=""0.001""","=""677.8588+""","=""40""","=""""",,"=""79986.618""","=""94734.882""","=""5p5.(2P*<3/2>).5d""","=""2[1/2]*""","=""1""","=""5p5.(2P*<3/2>).6f""","=""2[3/2]""","=""1""",,
"=""680.812""","=""0.02""","=""680.78+""","=""5""","=""""",,"=""89243.258""","=""103928.2""","=""5p5.(2P*<3/2>).6d""","=""2[5/2]*""","=""2""","=""5p5.(2P*<1/2>).5f""","=""2[7/2]""","=""3""",,
"=""681.564""","=""0.001""","=""681.5624+""","=""12""","=""2.10e+05""",B+,"=""80118.962""","=""94787.084""","=""5p5.(2P*<3/2>).6p""","=""2[1/2]""","=""0""","=""5p5.(2P*<3/2>).10s""","=""2[3/2]*""","=""1""",,
"=""681.838""","=""0.001""","=""681.837+""","=""15""","=""""",,"=""78956.031""","=""93618.24""","=""5p5.(2P*<3/2>).6p""","=""2[3/2]""","=""1""","=""5p5.(2P*<1/2>).5d""","=""2[3/2]*""","=""1""",,
"=""682.7315""","=""0.0002""","=""682.7313+""","=""200""","=""""",,"=""76196.767""","=""90839.777""","=""5p5.(2P*<1/2>).6s""","=""2[1/2]*""","=""0""","=""5p5.(2P*<3/2>).4f""","=""2[3/2]""","=""1""",,
"=""684.096""","=""0.001""","=""684.0960+""","=""8""","=""""",,"=""78119.798""","=""92733.597""","=""5p5.(2P*<3/2>).6p""","=""2[5/2]""","=""2""","=""5p5.(2P*<3/2>).7d""","=""2[5/2]*""","=""3""",,
"=""684.150""","=""0.001""","=""684.150+""","=""20*""","=""""",,"=""80970.438""","=""95583.08""","=""5p5.(2P*<3/2>).5d""","=""2[7/2]*""","=""3""","=""5p5.(2P*<3/2>).7f""","=""2[7/2]""","=""3""",,
"=""684.150""","=""0.001""","=""684.146+""","=""20*""","=""""",,"=""80970.438""","=""95583.16""","=""5p5.(2P*<3/2>).5d""","=""2[7/2]*""","=""3""","=""5p5.(2P*<3/2>).7f""","=""2[7/2]""","=""4""",,
"=""684.427""","=""0.001""","=""684.426+""","=""1""","=""""",,"=""80970.438""","=""95577.20""","=""5p5.(2P*<3/2>).5d""","=""2[7/2]*""","=""3""","=""5p5.(2P*<3/2>).7f""","=""2[5/2]""","=""2""",,
"=""684.484""","=""0.001""","=""684.4837+""","=""2h""","=""""",,"=""80970.438""","=""95575.960""","=""5p5.(2P*<3/2>).5d""","=""2[7/2]*""","=""3""","=""5p5.(2P*<3/2>).7f""","=""2[5/2]""","=""3""",,
"=""684.6613""","=""0.0002""","=""684.6613+""","=""60""","=""""",,"=""78119.798""","=""92721.530""","=""5p5.(2P*<3/2>).6p""","=""2[5/2]""","=""2""","=""5p5.(2P*<3/2>).7d""","=""2[3/2]*""","=""2""",,
"=""684.882""","=""0.001""","=""684.881+""","=""50""","=""""",,"=""80970.438""","=""95567.48""","=""5p5.(2P*<3/2>).5d""","=""2[7/2]*""","=""3""","=""5p5.(2P*<3/2>).7f""","=""2[9/2]""","=""4""",,
"=""685.013""","=""0.001""","=""685.0128+""","=""30""","=""""",,"=""78119.798""","=""92714.038""","=""5p5.(2P*<3/2>).6p""","=""2[5/2]""","=""2""","=""5p5.(2P*<3/2>).7d""","=""2[3/2]*""","=""1""",,
"=""686.019""","=""0.001""","=""686.0162+""","=""40""","=""""",,"=""80196.629""","=""94769.524""","=""5p5.(2P*<3/2>).5d""","=""2[7/2]*""","=""4""","=""5p5.(2P*<3/2>).6f""","=""2[7/2]""","=""4""",,
"=""686.320""","=""0.001""","=""686.3171+""","=""20""","=""""",,"=""80118.962""","=""94685.467""","=""5p5.(2P*<3/2>).6p""","=""2[1/2]""","=""0""","=""5p5.(2P*<3/2>).8d""","=""2[3/2]*""","=""1""",,
"=""686.558""","=""0.001""","=""686.5536+""","=""5""","=""""",,"=""80196.629""","=""94758.116""","=""5p5.(2P*<3/2>).5d""","=""2[7/2]*""","=""4""","=""5p5.(2P*<3/2>).6f""","=""2[5/2]""","=""3""",,
"=""686.6838""","=""0.0002""","=""686.6842+""","=""50""","=""9.20e+05""",B,"=""78119.798""","=""92678.516""","=""5p5.(2P*<3/2>).6p""","=""2[5/2]""","=""2""","=""5p5.(2P*<3/2>).7d""","=""2[5/2]*""","=""2""",,
"=""687.2107""","=""0.0002""","=""687.2105+""","=""100""","=""""",,"=""80196.629""","=""94744.198""","=""5p5.(2P*<3/2>).5d""","=""2[7/2]*""","=""4""","=""5p5.(2P*<3/2>).6f""","=""2[9/2]""","=""5""",,
"=""688.2155""","=""0.0002""","=""688.2154+""","=""300""","=""5.83e+06""",B,"=""78119.798""","=""92646.125""","=""5p5.(2P*<3/2>).6p""","=""2[5/2]""","=""2""","=""5p5.(2P*<3/2>).7d""","=""2[7/2]*""","=""3""",,
"=""691.082""","=""0.001""","=""691.0818+""","=""30""","=""7.40e+05""",B+,"=""78956.031""","=""93422.108""","=""5p5.(2P*<3/2>).6p""","=""2[3/2]""","=""1""","=""5p5.(2P*<3/2>).9s""","=""2[3/2]*""","=""1""",,
"=""692.222""","=""0.001""","=""692.2233+""","=""8""","=""3.0e+04""",D+,"=""78956.031""","=""93398.253""","=""5p5.(2P*<3/2>).6p""","=""2[3/2]""","=""1""","=""5p5.(2P*<3/2>).9s""","=""2[3/2]*""","=""2""",,
"=""692.467""","=""0.001""","=""692.4646+""","=""15""","=""""",,"=""80322.746""","=""94759.935""","=""5p5.(2P*<3/2>).5d""","=""2[3/2]*""","=""2""","=""5p5.(2P*<3/2>).6f""","=""2[5/2]""","=""2""",,
"=""692.553""","=""0.001""","=""692.5518+""","=""100""","=""""",,"=""80322.746""","=""94758.116""","=""5p5.(2P*<3/2>).5d""","=""2[3/2]*""","=""2""","=""5p5.(2P*<3/2>).6f""","=""2[5/2]""","=""3""",,
"=""693.562""","=""0.001""","=""693.5606+""","=""50""","=""""",,"=""80322.746""","=""94737.121""","=""5p5.(2P*<3/2>).5d""","=""2[3/2]*""","=""2""","=""5p5.(2P*<3/2>).6f""","=""2[3/2]""","=""2""",,
"=""693.669""","=""0.001""","=""693.6683+""","=""8""","=""""",,"=""80322.746""","=""94734.882""","=""5p5.(2P*<3/2>).5d""","=""2[3/2]*""","=""2""","=""5p5.(2P*<3/2>).6f""","=""2[3/2]""","=""1""",,
"=""694.976""","=""0.001""","=""694.9746+""","=""""","=""""",,"=""68045.156""","=""82430.204""","=""5p5.(2P*<3/2>).6s""","=""2[3/2]*""","=""1""","=""5p5.(2P*<3/2>).5d""","=""2[5/2]*""","=""3""",E2,
"=""696.110""","=""0.02""","=""696.13+""","=""20""","=""""",,"=""91746.564""","=""106107.8""","=""5p5.(2P*<1/2>).5d""","=""2[5/2]*""","=""3""","=""5p5.(2P*<1/2>).7f""","=""2[7/2]""","=""4""",,
"=""697.6182""","=""0.0002""","=""697.6182+""","=""100""","=""1.91e+06""",B,"=""78403.061""","=""92733.597""","=""5p5.(2P*<3/2>).6p""","=""2[5/2]""","=""3""","=""5p5.(2P*<3/2>).7d""","=""2[5/2]*""","=""3""",,
"=""698.205""","=""0.001""","=""698.2061+""","=""30""","=""""",,"=""78403.061""","=""92721.530""","=""5p5.(2P*<3/2>).6p""","=""2[5/2]""","=""3""","=""5p5.(2P*<3/2>).7d""","=""2[3/2]*""","=""2""",,
"=""699.165""","=""0.001""","=""699.163+""","=""1""","=""""",,"=""79986.618""","=""94285.50""","=""5p5.(2P*<3/2>).5d""","=""2[1/2]*""","=""1""","=""5p5.(2P*<3/2>).9p""","=""2[1/2]""","=""0""",,
"=""700.310""","=""0.001""","=""700.3099+""","=""4""","=""""",,"=""78403.061""","=""92678.516""","=""5p5.(2P*<3/2>).6p""","=""2[5/2]""","=""3""","=""5p5.(2P*<3/2>).7d""","=""2[5/2]*""","=""2""",,
"=""701.902""","=""0.001""","=""701.9026+""","=""30""","=""3.5e+05""",C,"=""78403.061""","=""92646.125""","=""5p5.(2P*<3/2>).6p""","=""2[5/2]""","=""3""","=""5p5.(2P*<3/2>).7d""","=""2[7/2]*""","=""3""",,
"=""703.480""","=""0.001""","=""703.475+""","=""3""","=""""",,"=""80970.438""","=""95181.66""","=""5p5.(2P*<3/2>).5d""","=""2[7/2]*""","=""3""","=""5p5.(2P*<3/2>).10p""","=""2[5/2]""","=""2""",,
"=""703.553""","=""0.001""","=""703.5534+""","=""20""","=""4.00e+05""",B+,"=""79212.465""","=""93422.108""","=""5p5.(2P*<3/2>).6p""","=""2[3/2]""","=""2""","=""5p5.(2P*<3/2>).9s""","=""2[3/2]*""","=""1""",,
"=""704.737""","=""0.001""","=""704.743+""","=""30*""","=""""",,"=""81925.514""","=""96111.17""","=""5p5.(2P*<3/2>).5d""","=""2[5/2]*""","=""2""","=""5p5.(2P*<3/2>).8f""","=""2[7/2]""","=""3""",,
"=""704.737""","=""0.001""","=""704.7366+""","=""30*""","=""6.40e+05""",B+,"=""79212.465""","=""93398.253""","=""5p5.(2P*<3/2>).6p""","=""2[3/2]""","=""2""","=""5p5.(2P*<3/2>).9s""","=""2[3/2]*""","=""2""",,
"=""704.907""","=""0.001""","=""704.913+""","=""1h""","=""""",,"=""79986.618""","=""94168.86""","=""5p5.(2P*<3/2>).5d""","=""2[1/2]*""","=""1""","=""5p5.(2P*<3/2>).9p""","=""2[3/2]""","=""1""",,
"=""704.936""","=""0.001""","=""704.932+""","=""1h""","=""""",,"=""81925.514""","=""96107.36""","=""5p5.(2P*<3/2>).5d""","=""2[5/2]*""","=""2""","=""5p5.(2P*<3/2>).8f""","=""2[5/2]""","=""2""",,
"=""705.106""","=""0.001""","=""705.1073+""","=""3""","=""""",,"=""77269.145""","=""91447.474""","=""5p5.(2P*<3/2>).6p""","=""2[1/2]""","=""1""","=""5p5.(2P*<1/2>).5d""","=""2[3/2]*""","=""2""",,
"=""707.244""","=""0.02""","=""707.24+""","=""30""","=""""",,"=""91152.670""","=""105288.2""","=""5p5.(2P*<1/2>).5d""","=""2[5/2]*""","=""2""","=""5p5.(2P*<1/2>).6f""","=""2[7/2]""","=""3""",,
"=""707.846""","=""0.001""","=""707.843+""","=""1""","=""""",,"=""79986.618""","=""94110.15""","=""5p5.(2P*<3/2>).5d""","=""2[1/2]*""","=""1""","=""5p5.(2P*<3/2>).9p""","=""2[5/2]""","=""2""",,
"=""711.9598""","=""0.0002""","=""711.9598+""","=""500""","=""8.39e+06""",B,"=""78403.061""","=""92444.927""","=""5p5.(2P*<3/2>).6p""","=""2[5/2]""","=""3""","=""5p5.(2P*<3/2>).7d""","=""2[7/2]*""","=""4""",,
"=""713.657""","=""0.001""","=""713.6561+""","=""15""","=""""",,"=""78119.798""","=""92128.287""","=""5p5.(2P*<3/2>).6p""","=""2[5/2]""","=""2""","=""5p5.(2P*<3/2>).7d""","=""2[1/2]*""","=""1""",,
"=""717.270""","=""0.001""","=""717.270+""","=""10""","=""""",,"=""80196.629""","=""94134.53""","=""5p5.(2P*<3/2>).5d""","=""2[7/2]*""","=""4""","=""5p5.(2P*<3/2>).9p""","=""2[5/2]""","=""3""",,
"=""719.242""","=""0.02""","=""719.26+""","=""4""","=""""",,"=""92221.362""","=""106120.8""","=""5p5.(2P*<3/2>).8p""","=""2[5/2]""","=""2""","=""5p5.(2P*<1/2>).11s""","=""2[1/2]*""","=""1""",,
"=""720.079""","=""0.001""","=""720.0797+""","=""15""","=""""",,"=""77269.145""","=""91152.670""","=""5p5.(2P*<3/2>).6p""","=""2[1/2]""","=""1""","=""5p5.(2P*<1/2>).5d""","=""2[5/2]*""","=""2""",,
"=""720.914""","=""0.001""","=""720.912+""","=""5""","=""""",,"=""80322.746""","=""94190.24""","=""5p5.(2P*<3/2>).5d""","=""2[3/2]*""","=""2""","=""5p5.(2P*<3/2>).9p""","=""2[3/2]""","=""2""",,
"=""722.024""","=""0.001""","=""722.025+""","=""1""","=""""",,"=""80322.746""","=""94168.86""","=""5p5.(2P*<3/2>).5d""","=""2[3/2]*""","=""2""","=""5p5.(2P*<3/2>).9p""","=""2[3/2]""","=""1""",,
"=""722.264""","=""0.02""","=""722.31+""","=""20""","=""""",,"=""91447.474""","=""105288.2""","=""5p5.(2P*<1/2>).5d""","=""2[3/2]*""","=""2""","=""5p5.(2P*<1/2>).6f""","=""2[5/2]""","=""3""",,
"=""723.820""","=""0.001""","=""723.820+""","=""3""","=""""",,"=""80322.746""","=""94134.53""","=""5p5.(2P*<3/2>).5d""","=""2[3/2]*""","=""2""","=""5p5.(2P*<3/2>).9p""","=""2[5/2]""","=""3""",,
"=""724.494""","=""0.001""","=""724.4891+""","=""20*""","=""""",,"=""80970.438""","=""94769.465""","=""5p5.(2P*<3/2>).5d""","=""2[7/2]*""","=""3""","=""5p5.(2P*<3/2>).6f""","=""2[7/2]""","=""3""",,
"=""724.494""","=""0.001""","=""724.4860+""","=""20*""","=""""",,"=""80970.438""","=""94769.524""","=""5p5.(2P*<3/2>).5d""","=""2[7/2]*""","=""3""","=""5p5.(2P*<3/2>).6f""","=""2[7/2]""","=""4""",,
"=""724.992""","=""0.001""","=""724.9898+""","=""2""","=""""",,"=""80970.438""","=""94759.935""","=""5p5.(2P*<3/2>).5d""","=""2[7/2]*""","=""3""","=""5p5.(2P*<3/2>).6f""","=""2[5/2]""","=""2""",,
"=""725.087""","=""0.001""","=""725.0855+""","=""5h""","=""""",,"=""80970.438""","=""94758.116""","=""5p5.(2P*<3/2>).5d""","=""2[7/2]*""","=""3""","=""5p5.(2P*<3/2>).6f""","=""2[5/2]""","=""3""",,
"=""725.794""","=""0.001""","=""725.7908+""","=""60""","=""""",,"=""80970.438""","=""94744.718""","=""5p5.(2P*<3/2>).5d""","=""2[7/2]*""","=""3""","=""5p5.(2P*<3/2>).6f""","=""2[9/2]""","=""4""",,
"=""726.254""","=""0.001""","=""726.2537+""","=""20""","=""""",,"=""78956.031""","=""92721.530""","=""5p5.(2P*<3/2>).6p""","=""2[3/2]""","=""1""","=""5p5.(2P*<3/2>).7d""","=""2[3/2]*""","=""2""",,
"=""726.649""","=""0.001""","=""726.6492+""","=""25""","=""""",,"=""78956.031""","=""92714.038""","=""5p5.(2P*<3/2>).6p""","=""2[3/2]""","=""1""","=""5p5.(2P*<3/2>).7d""","=""2[3/2]*""","=""1""",,
"=""728.3961""","=""0.0002""","=""728.3962+""","=""40""","=""""",,"=""77185.041""","=""90910.052""","=""5p5.(2P*<1/2>).6s""","=""2[1/2]*""","=""1""","=""5p5.(2P*<3/2>).4f""","=""2[5/2]""","=""2""",,
"=""728.5301""","=""0.0002""","=""728.5302+""","=""60""","=""4.09e+06""",B,"=""78956.031""","=""92678.516""","=""5p5.(2P*<3/2>).6p""","=""2[3/2]""","=""1""","=""5p5.(2P*<3/2>).7d""","=""2[5/2]*""","=""2""",,
"=""730.737""","=""0.001""","=""730.737+""","=""5h""","=""""",,"=""82430.204""","=""96111.24""","=""5p5.(2P*<3/2>).5d""","=""2[5/2]*""","=""3""","=""5p5.(2P*<3/2>).8f""","=""2[7/2]""","=""4""",,
"=""731.301""","=""0.001""","=""731.298+""","=""1h""","=""""",,"=""82430.204""","=""96100.75""","=""5p5.(2P*<3/2>).5d""","=""2[5/2]*""","=""3""","=""5p5.(2P*<3/2>).8f""","=""2[9/2]""","=""4""",,
"=""731.6272""","=""0.0002""","=""731.6272+""","=""70""","=""""",,"=""77185.041""","=""90849.440""","=""5p5.(2P*<1/2>).6s""","=""2[1/2]*""","=""1""","=""5p5.(2P*<3/2>).4f""","=""2[3/2]""","=""2""",,
"=""731.687""","=""0.001""","=""731.6867+""","=""20""","=""2.5e+05""",C+,"=""77269.145""","=""90932.432""","=""5p5.(2P*<3/2>).6p""","=""2[1/2]""","=""1""","=""5p5.(2P*<3/2>).8s""","=""2[3/2]*""","=""1""",,
"=""731.994""","=""0.001""","=""731.993+""","=""15""","=""""",,"=""81925.514""","=""95583.08""","=""5p5.(2P*<3/2>).5d""","=""2[5/2]*""","=""2""","=""5p5.(2P*<3/2>).7f""","=""2[7/2]""","=""3""",,
"=""732.1452""","=""0.0002""","=""732.1449+""","=""80""","=""""",,"=""77185.041""","=""90839.777""","=""5p5.(2P*<1/2>).6s""","=""2[1/2]*""","=""1""","=""5p5.(2P*<3/2>).4f""","=""2[3/2]""","=""1""",,
"=""732.305""","=""0.001""","=""732.308+""","=""2""","=""""",,"=""81925.514""","=""95577.20""","=""5p5.(2P*<3/2>).5d""","=""2[5/2]*""","=""2""","=""5p5.(2P*<3/2>).7f""","=""2[5/2]""","=""2""",,
"=""733.6480""","=""0.0002""","=""733.6477+""","=""50""","=""""",,"=""78119.798""","=""91746.564""","=""5p5.(2P*<3/2>).6p""","=""2[5/2]""","=""2""","=""5p5.(2P*<1/2>).5d""","=""2[5/2]*""","=""3""",,
"=""735.558""","=""0.001""","=""735.5565+""","=""40""","=""""",,"=""79771.267""","=""93362.671""","=""5p5.(2P*<3/2>).5d""","=""2[1/2]*""","=""0""","=""5p5.(2P*<3/2>).5f""","=""2[3/2]""","=""1""",,
"=""738.257""","=""0.02""","=""738.26+""","=""30""","=""""",,"=""91746.564""","=""105288.2""","=""5p5.(2P*<1/2>).5d""","=""2[5/2]*""","=""3""","=""5p5.(2P*<1/2>).6f""","=""2[7/2]""","=""4""",,
"=""738.6003""","=""0.0002""","=""738.6004+""","=""100""","=""1.25e+06""",B+,"=""77269.145""","=""90804.538""","=""5p5.(2P*<3/2>).6p""","=""2[1/2]""","=""1""","=""5p5.(2P*<3/2>).8s""","=""2[3/2]*""","=""2""",,
"=""739.3793""","=""0.0002""","=""739.3794+""","=""150""","=""4.89e+06""",B,"=""79212.465""","=""92733.597""","=""5p5.(2P*<3/2>).6p""","=""2[3/2]""","=""2""","=""5p5.(2P*<3/2>).7d""","=""2[5/2]*""","=""3""",,
"=""740.041""","=""0.001""","=""740.0398+""","=""30""","=""""",,"=""79212.465""","=""92721.530""","=""5p5.(2P*<3/2>).6p""","=""2[3/2]""","=""2""","=""5p5.(2P*<3/2>).7d""","=""2[3/2]*""","=""2""",,
"=""740.451""","=""0.001""","=""740.4505+""","=""12""","=""""",,"=""79212.465""","=""92714.038""","=""5p5.(2P*<3/2>).6p""","=""2[3/2]""","=""2""","=""5p5.(2P*<3/2>).7d""","=""2[3/2]*""","=""1""",,
"=""740.577""","=""0.001""","=""740.576+""","=""3""","=""""",,"=""80118.962""","=""93618.24""","=""5p5.(2P*<3/2>).6p""","=""2[1/2]""","=""0""","=""5p5.(2P*<1/2>).5d""","=""2[3/2]*""","=""1""",,
"=""742.405""","=""0.001""","=""742.4037+""","=""20""","=""8.60e+05""",B,"=""79212.465""","=""92678.516""","=""5p5.(2P*<3/2>).6p""","=""2[3/2]""","=""2""","=""5p5.(2P*<3/2>).7d""","=""2[5/2]*""","=""2""",,
"=""744.194""","=""0.001""","=""744.1938+""","=""20""","=""4.7e+05""",C,"=""79212.465""","=""92646.125""","=""5p5.(2P*<3/2>).6p""","=""2[3/2]""","=""2""","=""5p5.(2P*<3/2>).7d""","=""2[7/2]*""","=""3""",,
"=""745.100""","=""0.001""","=""745.0986+""","=""25""","=""""",,"=""79986.618""","=""93403.966""","=""5p5.(2P*<3/2>).5d""","=""2[1/2]*""","=""1""","=""5p5.(2P*<3/2>).5f""","=""2[5/2]""","=""2""",,
"=""747.201""","=""0.001""","=""747.1992+""","=""40""","=""""",,"=""79986.618""","=""93366.245""","=""5p5.(2P*<3/2>).5d""","=""2[1/2]*""","=""1""","=""5p5.(2P*<3/2>).5f""","=""2[3/2]""","=""2""",,
"=""747.401""","=""0.001""","=""747.3989+""","=""25""","=""""",,"=""79986.618""","=""93362.671""","=""5p5.(2P*<3/2>).5d""","=""2[1/2]*""","=""1""","=""5p5.(2P*<3/2>).5f""","=""2[3/2]""","=""1""",,
"=""749.223""","=""0.001""","=""749.2221+""","=""20""","=""""",,"=""78403.061""","=""91746.564""","=""5p5.(2P*<3/2>).6p""","=""2[5/2]""","=""3""","=""5p5.(2P*<1/2>).5d""","=""2[5/2]*""","=""3""",,
"=""750.113""","=""0.001""","=""750.1118+""","=""20""","=""""",,"=""78119.798""","=""91447.474""","=""5p5.(2P*<3/2>).6p""","=""2[5/2]""","=""2""","=""5p5.(2P*<1/2>).5d""","=""2[3/2]*""","=""2""",,
"=""751.454""","=""0.001""","=""751.4524+""","=""8""","=""""",,"=""78956.031""","=""92259.931""","=""5p5.(2P*<3/2>).6p""","=""2[3/2]""","=""1""","=""5p5.(2P*<3/2>).7d""","=""2[1/2]*""","=""0""",,
"=""751.496""","=""0.001""","=""751.4950+""","=""3""","=""2.1e+05""",C,"=""80118.962""","=""93422.108""","=""5p5.(2P*<3/2>).6p""","=""2[1/2]""","=""0""","=""5p5.(2P*<3/2>).9s""","=""2[3/2]*""","=""1""",,
"=""755.979""","=""0.001""","=""755.9772+""","=""40""","=""""",,"=""80196.629""","=""93420.901""","=""5p5.(2P*<3/2>).5d""","=""2[7/2]*""","=""4""","=""5p5.(2P*<3/2>).5f""","=""2[7/2]""","=""4""",,
"=""757.093""","=""0.001""","=""757.0898+""","=""6""","=""""",,"=""80196.629""","=""93401.466""","=""5p5.(2P*<3/2>).5d""","=""2[7/2]*""","=""4""","=""5p5.(2P*<3/2>).5f""","=""2[5/2]""","=""3""",,
"=""758.429""","=""0.001""","=""758.4262+""","=""10""","=""""",,"=""80196.629""","=""93378.199""","=""5p5.(2P*<3/2>).5d""","=""2[7/2]*""","=""4""","=""5p5.(2P*<3/2>).5f""","=""2[9/2]""","=""4""",,
"=""758.4680""","=""0.0002""","=""758.4678+""","=""200""","=""""",,"=""80196.629""","=""93377.475""","=""5p5.(2P*<3/2>).5d""","=""2[7/2]*""","=""4""","=""5p5.(2P*<3/2>).5f""","=""2[9/2]""","=""5""",,
"=""758.961""","=""0.001""","=""758.9625+""","=""6""","=""""",,"=""78956.031""","=""92128.287""","=""5p5.(2P*<3/2>).6p""","=""2[3/2]""","=""1""","=""5p5.(2P*<3/2>).7d""","=""2[1/2]*""","=""1""",,
"=""759.436""","=""0.001""","=""759.433+""","=""1""","=""""",,"=""80970.438""","=""94134.53""","=""5p5.(2P*<3/2>).5d""","=""2[7/2]*""","=""3""","=""5p5.(2P*<3/2>).9p""","=""2[5/2]""","=""3""",,
"=""760.077""","=""0.001""","=""760.076+""","=""10""","=""""",,"=""82430.204""","=""95583.16""","=""5p5.(2P*<3/2>).5d""","=""2[5/2]*""","=""3""","=""5p5.(2P*<3/2>).7f""","=""2[7/2]""","=""4""",,
"=""760.497""","=""0.001""","=""760.4924+""","=""2h""","=""""",,"=""82430.204""","=""95575.960""","=""5p5.(2P*<3/2>).5d""","=""2[5/2]*""","=""3""","=""5p5.(2P*<3/2>).7f""","=""2[5/2]""","=""3""",,
"=""760.846""","=""0.001""","=""760.842+""","=""5""","=""""",,"=""80970.438""","=""94110.15""","=""5p5.(2P*<3/2>).5d""","=""2[7/2]*""","=""3""","=""5p5.(2P*<3/2>).9p""","=""2[5/2]""","=""2""",,
"=""760.982""","=""0.001""","=""760.983+""","=""3""","=""""",,"=""82430.204""","=""95567.48""","=""5p5.(2P*<3/2>).5d""","=""2[5/2]*""","=""3""","=""5p5.(2P*<3/2>).7f""","=""2[9/2]""","=""4""",,
"=""764.2024""","=""0.0002""","=""764.2023+""","=""500""","=""2.1e+07""",C+,"=""76196.767""","=""89278.706""","=""5p5.(2P*<1/2>).6s""","=""2[1/2]*""","=""0""","=""5p5.(2P*<1/2>).6p""","=""2[1/2]""","=""1""",,
"=""764.230""","=""0.001""","=""764.2443+""","=""""","=""""",,"=""80322.746""","=""93403.966""","=""5p5.(2P*<3/2>).5d""","=""2[3/2]*""","=""2""","=""5p5.(2P*<3/2>).5f""","=""2[5/2]""","=""2""",,
"=""764.391""","=""0.001""","=""764.3904+""","=""100""","=""""",,"=""80322.746""","=""93401.466""","=""5p5.(2P*<3/2>).5d""","=""2[3/2]*""","=""2""","=""5p5.(2P*<3/2>).5f""","=""2[5/2]""","=""3""",,
"=""766.402""","=""0.001""","=""766.4008+""","=""10""","=""""",,"=""78403.061""","=""91447.474""","=""5p5.(2P*<3/2>).6p""","=""2[5/2]""","=""3""","=""5p5.(2P*<1/2>).5d""","=""2[3/2]*""","=""2""",,
"=""766.456""","=""0.001""","=""766.4545+""","=""30""","=""""",,"=""80322.746""","=""93366.245""","=""5p5.(2P*<3/2>).5d""","=""2[3/2]*""","=""2""","=""5p5.(2P*<3/2>).5f""","=""2[3/2]""","=""2""",,
"=""766.661""","=""0.001""","=""766.6646+""","=""10""","=""""",,"=""80322.746""","=""93362.671""","=""5p5.(2P*<3/2>).5d""","=""2[3/2]*""","=""2""","=""5p5.(2P*<3/2>).5f""","=""2[3/2]""","=""1""",,
"=""767.081""","=""0.001""","=""767.0794+""","=""1""","=""""",,"=""78119.798""","=""91152.670""","=""5p5.(2P*<3/2>).6p""","=""2[5/2]""","=""2""","=""5p5.(2P*<1/2>).5d""","=""2[5/2]*""","=""2""",,
"=""774.031""","=""0.001""","=""774.0312+""","=""40""","=""""",,"=""79212.465""","=""92128.287""","=""5p5.(2P*<3/2>).6p""","=""2[3/2]""","=""2""","=""5p5.(2P*<3/2>).7d""","=""2[1/2]*""","=""1""",,
"=""776.215""","=""0.02""","=""776.21+""","=""4""","=""""",,"=""88549.775""","=""101429.3""","=""5p5.(2P*<3/2>).6d""","=""2[1/2]*""","=""1""","=""5p5.(2P*<1/2>).4f""","=""2[5/2]""","=""2""",,
"=""778.366""","=""0.001""","=""778.3624+""","=""50""","=""""",,"=""81925.514""","=""94769.465""","=""5p5.(2P*<3/2>).5d""","=""2[5/2]*""","=""2""","=""5p5.(2P*<3/2>).6f""","=""2[7/2]""","=""3""",,
"=""778.942""","=""0.001""","=""778.9404+""","=""15""","=""""",,"=""81925.514""","=""94759.935""","=""5p5.(2P*<3/2>).5d""","=""2[5/2]*""","=""2""","=""5p5.(2P*<3/2>).6f""","=""2[5/2]""","=""2""",,
"=""779.053""","=""0.001""","=""779.0508+""","=""1""","=""""",,"=""81925.514""","=""94758.116""","=""5p5.(2P*<3/2>).5d""","=""2[5/2]*""","=""2""","=""5p5.(2P*<3/2>).6f""","=""2[5/2]""","=""3""",,
"=""780.2651""","=""0.0002""","=""780.2649+""","=""100""","=""2.28e+06""",B+,"=""78119.798""","=""90932.432""","=""5p5.(2P*<3/2>).6p""","=""2[5/2]""","=""2""","=""5p5.(2P*<3/2>).8s""","=""2[3/2]*""","=""1""",,
"=""780.464""","=""0.02""","=""780.4639+""","=""10""","=""""",,"=""81925.514""","=""94734.882""","=""5p5.(2P*<3/2>).5d""","=""2[5/2]*""","=""2""","=""5p5.(2P*<3/2>).6f""","=""2[3/2]""","=""1""",,
"=""782.555""","=""0.02""","=""782.53+""","=""30""","=""""",,"=""91152.670""","=""103928.2""","=""5p5.(2P*<1/2>).5d""","=""2[5/2]*""","=""2""","=""5p5.(2P*<1/2>).5f""","=""2[7/2]""","=""3""",,
"=""783.298""","=""0.001""","=""783.2987+""","=""10""","=""""",,"=""77269.145""","=""90032.155""","=""5p5.(2P*<3/2>).6p""","=""2[1/2]""","=""1""","=""5p5.(2P*<3/2>).6d""","=""2[3/2]*""","=""1""",,
"=""784.123""","=""0.001""","=""784.1220+""","=""15""","=""""",,"=""78403.061""","=""91152.670""","=""5p5.(2P*<3/2>).6p""","=""2[5/2]""","=""3""","=""5p5.(2P*<1/2>).5d""","=""2[5/2]*""","=""2""",,
"=""788.1320""","=""0.0002""","=""788.1320+""","=""100""","=""5.50e+05""",B+,"=""78119.798""","=""90804.538""","=""5p5.(2P*<3/2>).6p""","=""2[5/2]""","=""2""","=""5p5.(2P*<3/2>).8s""","=""2[3/2]*""","=""2""",,
"=""788.7393""","=""0.0002""","=""788.7393+""","=""300""","=""3.5e+07""",C+,"=""77185.041""","=""89860.015""","=""5p5.(2P*<1/2>).6s""","=""2[1/2]*""","=""1""","=""5p5.(2P*<1/2>).6p""","=""2[1/2]""","=""0""",,
"=""793.741""","=""0.001""","=""793.7427+""","=""40""","=""""",,"=""80118.962""","=""92714.038""","=""5p5.(2P*<3/2>).6p""","=""2[1/2]""","=""0""","=""5p5.(2P*<3/2>).7d""","=""2[3/2]*""","=""1""",,
"=""795.422""","=""0.001""","=""795.4200+""","=""4""","=""""",,"=""79986.618""","=""92555.135""","=""5p5.(2P*<3/2>).5d""","=""2[1/2]*""","=""1""","=""5p5.(2P*<3/2>).8p""","=""2[1/2]""","=""0""",,
"=""796.7342""","=""0.0002""","=""796.7338+""","=""500""","=""3.4e+06""",D+,"=""76196.767""","=""88744.559""","=""5p5.(2P*<1/2>).6s""","=""2[1/2]*""","=""0""","=""5p5.(2P*<3/2>).7p""","=""2[3/2]""","=""1""",,
"=""797.603""","=""0.001""","=""797.6042+""","=""8""","=""""",,"=""79212.465""","=""91746.564""","=""5p5.(2P*<3/2>).6p""","=""2[3/2]""","=""2""","=""5p5.(2P*<1/2>).5d""","=""2[5/2]*""","=""3""",,
"=""800.326""","=""0.001""","=""800.3279+""","=""10""","=""""",,"=""78956.031""","=""91447.474""","=""5p5.(2P*<3/2>).6p""","=""2[3/2]""","=""1""","=""5p5.(2P*<1/2>).5d""","=""2[3/2]*""","=""2""",,
"=""800.959""","=""0.02""","=""801.02+""","=""30""","=""""",,"=""91447.474""","=""103928.2""","=""5p5.(2P*<1/2>).5d""","=""2[3/2]*""","=""2""","=""5p5.(2P*<1/2>).5f""","=""2[5/2]""","=""3""",,
"=""802.967""","=""0.001""","=""802.9622+""","=""100*""","=""""",,"=""80970.438""","=""93420.901""","=""5p5.(2P*<3/2>).5d""","=""2[7/2]*""","=""3""","=""5p5.(2P*<3/2>).5f""","=""2[7/2]""","=""4""",,
"=""802.967""","=""0.001""","=""802.9672+""","=""100*""","=""""",,"=""80970.438""","=""93420.823""","=""5p5.(2P*<3/2>).5d""","=""2[7/2]*""","=""3""","=""5p5.(2P*<3/2>).5f""","=""2[7/2]""","=""3""",,
"=""804.056""","=""0.001""","=""804.0558+""","=""10""","=""""",,"=""80970.438""","=""93403.966""","=""5p5.(2P*<3/2>).5d""","=""2[7/2]*""","=""3""","=""5p5.(2P*<3/2>).5f""","=""2[5/2]""","=""2""",,
"=""804.218""","=""0.001""","=""804.2175+""","=""15""","=""""",,"=""80970.438""","=""93401.466""","=""5p5.(2P*<3/2>).5d""","=""2[7/2]*""","=""3""","=""5p5.(2P*<3/2>).5f""","=""2[5/2]""","=""3""",,
"=""805.7258""","=""0.0002""","=""805.7256+""","=""200""","=""""",,"=""80970.438""","=""93378.199""","=""5p5.(2P*<3/2>).5d""","=""2[7/2]*""","=""3""","=""5p5.(2P*<3/2>).5f""","=""2[9/2]""","=""4""",,
"=""806.1339""","=""0.0002""","=""806.1339+""","=""150""","=""2.59e+06""",B+,"=""78403.061""","=""90804.538""","=""5p5.(2P*<3/2>).6p""","=""2[5/2]""","=""3""","=""5p5.(2P*<3/2>).8s""","=""2[3/2]*""","=""2""",,
"=""806.494""","=""0.001""","=""806.5026+""","=""2""","=""""",,"=""80970.438""","=""93366.245""","=""5p5.(2P*<3/2>).5d""","=""2[7/2]*""","=""3""","=""5p5.(2P*<3/2>).5f""","=""2[3/2]""","=""2""",,
"=""807.399""","=""0.001""","=""807.4012+""","=""1""","=""""",,"=""79771.267""","=""92153.279""","=""5p5.(2P*<3/2>).5d""","=""2[1/2]*""","=""0""","=""5p5.(2P*<3/2>).8p""","=""2[1/2]""","=""1""",,
"=""809.724""","=""0.001""","=""809.7269+""","=""3""","=""""",,"=""79986.618""","=""92333.066""","=""5p5.(2P*<3/2>).5d""","=""2[1/2]*""","=""1""","=""5p5.(2P*<3/2>).8p""","=""2[3/2]""","=""1""",,
"=""810.198""","=""0.001""","=""810.1946+""","=""100""","=""""",,"=""82430.204""","=""94769.524""","=""5p5.(2P*<3/2>).5d""","=""2[5/2]*""","=""3""","=""5p5.(2P*<3/2>).6f""","=""2[7/2]""","=""4""",,
"=""810.791""","=""0.001""","=""810.8248+""","=""6""","=""""",,"=""82430.204""","=""94759.935""","=""5p5.(2P*<3/2>).5d""","=""2[5/2]*""","=""3""","=""5p5.(2P*<3/2>).6f""","=""2[5/2]""","=""2""",,
"=""810.946""","=""0.001""","=""810.9444+""","=""15""","=""""",,"=""82430.204""","=""94758.116""","=""5p5.(2P*<3/2>).5d""","=""2[5/2]*""","=""3""","=""5p5.(2P*<3/2>).6f""","=""2[5/2]""","=""3""",,
"=""811.829""","=""0.001""","=""811.8267+""","=""15""","=""""",,"=""82430.204""","=""94744.718""","=""5p5.(2P*<3/2>).5d""","=""2[5/2]*""","=""3""","=""5p5.(2P*<3/2>).6f""","=""2[9/2]""","=""4""",,
"=""812.329""","=""0.001""","=""812.3278+""","=""2""","=""""",,"=""82430.204""","=""94737.121""","=""5p5.(2P*<3/2>).5d""","=""2[5/2]*""","=""3""","=""5p5.(2P*<3/2>).6f""","=""2[3/2]""","=""2""",,
"=""816.537""","=""0.001""","=""816.546+""","=""2""","=""""",,"=""81925.514""","=""94168.86""","=""5p5.(2P*<3/2>).5d""","=""2[5/2]*""","=""2""","=""5p5.(2P*<3/2>).9p""","=""2[3/2]""","=""1""",,
"=""817.102""","=""0.001""","=""817.1021+""","=""100""","=""""",,"=""79212.465""","=""91447.474""","=""5p5.(2P*<3/2>).6p""","=""2[3/2]""","=""2""","=""5p5.(2P*<1/2>).5d""","=""2[3/2]*""","=""2""",,
"=""818.293""","=""0.001""","=""818.281+""","=""1-""","=""""",,"=""83889.971""","=""96107.36""","=""5p5.(2P*<3/2>).5d""","=""2[3/2]*""","=""1""","=""5p5.(2P*<3/2>).8f""","=""2[5/2]""","=""2""",,
"=""819.673""","=""0.001""","=""819.6727+""","=""2""","=""""",,"=""78956.031""","=""91152.670""","=""5p5.(2P*<3/2>).6p""","=""2[3/2]""","=""1""","=""5p5.(2P*<1/2>).5d""","=""2[5/2]*""","=""2""",,
"=""820.6336""","=""0.0002""","=""820.6335+""","=""700""","=""2.0e+07""",C,"=""76196.767""","=""88379.126""","=""5p5.(2P*<1/2>).6s""","=""2[1/2]*""","=""0""","=""5p5.(2P*<1/2>).6p""","=""2[3/2]""","=""1""",,
"=""823.16336""","=""0.00005""","=""823.1634+""","=""10000hfs""","=""2.86e+07""",B+,"=""67067.547""","=""79212.465""","=""5p5.(2P*<3/2>).6s""","=""2[3/2]*""","=""2""","=""5p5.(2P*<3/2>).6p""","=""2[3/2]""","=""2""",,
"=""826.6520""","=""0.0002""","=""826.6520+""","=""500""","=""1.62e+07""",C+,"=""77185.041""","=""89278.706""","=""5p5.(2P*<1/2>).6s""","=""2[1/2]*""","=""1""","=""5p5.(2P*<1/2>).6p""","=""2[1/2]""","=""1""",,
"=""828.01162""","=""0.00005""","=""828.0117+""","=""7000""","=""3.69e+07""",B,"=""68045.156""","=""80118.962""","=""5p5.(2P*<3/2>).6s""","=""2[3/2]*""","=""1""","=""5p5.(2P*<3/2>).6p""","=""2[1/2]""","=""0""",,
"=""829.771""","=""0.001""","=""829.7730+""","=""15""","=""""",,"=""80322.746""","=""92370.923""","=""5p5.(2P*<3/2>).5d""","=""2[3/2]*""","=""2""","=""5p5.(2P*<3/2>).8p""","=""2[3/2]""","=""2""",,
"=""832.390""","=""0.001""","=""832.3885+""","=""2""","=""""",,"=""80322.746""","=""92333.066""","=""5p5.(2P*<3/2>).5d""","=""2[3/2]*""","=""2""","=""5p5.(2P*<3/2>).8p""","=""2[3/2]""","=""1""",,
"=""832.458""","=""0.001""","=""832.4575+""","=""20""","=""""",,"=""80118.962""","=""92128.287""","=""5p5.(2P*<3/2>).6p""","=""2[1/2]""","=""0""","=""5p5.(2P*<3/2>).7d""","=""2[1/2]*""","=""1""",,
"=""834.68217""","=""0.00005""","=""834.6823+""","=""2000""","=""4.2e+07""",C+,"=""77185.041""","=""89162.356""","=""5p5.(2P*<1/2>).6s""","=""2[1/2]*""","=""1""","=""5p5.(2P*<1/2>).6p""","=""2[3/2]""","=""2""",,
"=""834.745""","=""0.001""","=""834.7460+""","=""60""","=""1.48e+06""",C+,"=""78956.031""","=""90932.432""","=""5p5.(2P*<3/2>).6p""","=""2[3/2]""","=""1""","=""5p5.(2P*<3/2>).8s""","=""2[3/2]*""","=""1""",,
"=""834.905""","=""0.001""","=""834.9055+""","=""40""","=""""",,"=""77269.145""","=""89243.258""","=""5p5.(2P*<3/2>).6p""","=""2[1/2]""","=""1""","=""5p5.(2P*<3/2>).6d""","=""2[5/2]*""","=""2""",,
"=""837.138""","=""0.001""","=""837.1363+""","=""3""","=""""",,"=""80322.746""","=""92264.950""","=""5p5.(2P*<3/2>).5d""","=""2[3/2]*""","=""2""","=""5p5.(2P*<3/2>).8p""","=""2[5/2]""","=""3""",,
"=""837.279""","=""0.001""","=""837.2765+""","=""5""","=""""",,"=""79212.465""","=""91152.670""","=""5p5.(2P*<3/2>).6p""","=""2[3/2]""","=""2""","=""5p5.(2P*<1/2>).5d""","=""2[5/2]*""","=""2""",,
"=""839.237""","=""0.001""","=""839.2338+""","=""20""","=""""",,"=""78119.798""","=""90032.155""","=""5p5.(2P*<3/2>).6p""","=""2[5/2]""","=""2""","=""5p5.(2P*<3/2>).6d""","=""2[3/2]*""","=""1""",,
"=""840.203""","=""0.001""","=""840.2030+""","=""5""","=""""",,"=""80322.746""","=""92221.362""","=""5p5.(2P*<3/2>).5d""","=""2[3/2]*""","=""2""","=""5p5.(2P*<3/2>).8p""","=""2[5/2]""","=""2""",,
"=""840.91894""","=""0.00005""","=""840.9191+""","=""2000""","=""3.06e+06""",B+,"=""67067.547""","=""78956.031""","=""5p5.(2P*<3/2>).6s""","=""2[3/2]*""","=""2""","=""5p5.(2P*<3/2>).6p""","=""2[3/2]""","=""1""",,
"=""843.755""","=""0.001""","=""843.7563+""","=""10""","=""9.0e+04""",C,"=""78956.031""","=""90804.538""","=""5p5.(2P*<3/2>).6p""","=""2[3/2]""","=""1""","=""5p5.(2P*<3/2>).8s""","=""2[3/2]*""","=""2""",,
"=""845.037""","=""0.001""","=""845.0383+""","=""1h""","=""""",,"=""80322.746""","=""92153.279""","=""5p5.(2P*<3/2>).5d""","=""2[3/2]*""","=""2""","=""5p5.(2P*<3/2>).8p""","=""2[1/2]""","=""1""",,
"=""846.955""","=""0.02""","=""847.00+""","=""10""","=""""",,"=""92128.287""","=""103931.4""","=""5p5.(2P*<3/2>).7d""","=""2[1/2]*""","=""1""","=""5p5.(2P*<1/2>).5f""","=""2[5/2]""","=""2""",,
"=""850.102""","=""0.001""","=""850.104+""","=""1""","=""""",,"=""82430.204""","=""94190.24""","=""5p5.(2P*<3/2>).5d""","=""2[5/2]*""","=""3""","=""5p5.(2P*<3/2>).9p""","=""2[3/2]""","=""2""",,
"=""852.255""","=""0.001""","=""852.2543+""","=""30""","=""3.3e+05""",D+,"=""76196.767""","=""87927.131""","=""5p5.(2P*<1/2>).6s""","=""2[1/2]*""","=""0""","=""5p5.(2P*<3/2>).7p""","=""2[1/2]""","=""1""",,
"=""853.010""","=""0.001""","=""853.0104+""","=""30""","=""7.90e+05""",B+,"=""79212.465""","=""90932.432""","=""5p5.(2P*<3/2>).6p""","=""2[3/2]""","=""2""","=""5p5.(2P*<3/2>).8s""","=""2[3/2]*""","=""1""",,
"=""855.397""","=""0.001""","=""855.400+""","=""2""","=""""",,"=""83889.971""","=""95577.20""","=""5p5.(2P*<3/2>).5d""","=""2[3/2]*""","=""1""","=""5p5.(2P*<3/2>).7f""","=""2[5/2]""","=""2""",,
"=""855.936""","=""0.02""","=""855.933+""","=""4""","=""""",,"=""82430.204""","=""94110.15""","=""5p5.(2P*<3/2>).5d""","=""2[5/2]*""","=""3""","=""5p5.(2P*<3/2>).9p""","=""2[5/2]""","=""2""",,
"=""856.47""","=""0.01""","=""856.4737+""","=""1-""","=""""",,"=""83889.971""","=""95562.546""","=""5p5.(2P*<3/2>).5d""","=""2[3/2]*""","=""1""","=""5p5.(2P*<3/2>).7f""","=""2[3/2]""","=""2""",,
"=""857.601""","=""0.001""","=""857.6022+""","=""200""","=""5.28e+06""",B,"=""77185.041""","=""88842.256""","=""5p5.(2P*<1/2>).6s""","=""2[1/2]*""","=""1""","=""5p5.(2P*<3/2>).7p""","=""2[1/2]""","=""0""",,
"=""862.424""","=""0.001""","=""862.4216+""","=""80""","=""1.06e+06""",B+,"=""79212.465""","=""90804.538""","=""5p5.(2P*<3/2>).6p""","=""2[3/2]""","=""2""","=""5p5.(2P*<3/2>).8s""","=""2[3/2]*""","=""2""",,
"=""864.854""","=""0.001""","=""864.8504+""","=""250""","=""2.4e+06""",D+,"=""77185.041""","=""88744.559""","=""5p5.(2P*<1/2>).6s""","=""2[1/2]*""","=""1""","=""5p5.(2P*<3/2>).7p""","=""2[3/2]""","=""1""",,
"=""869.220""","=""0.001""","=""869.2162+""","=""100""","=""1.08e+06""",B,"=""77185.041""","=""88686.500""","=""5p5.(2P*<1/2>).6s""","=""2[1/2]*""","=""1""","=""5p5.(2P*<3/2>).7p""","=""2[3/2]""","=""2""",,
"=""869.686""","=""0.001""","=""869.6812+""","=""200""","=""""",,"=""81925.514""","=""93420.823""","=""5p5.(2P*<3/2>).5d""","=""2[5/2]*""","=""2""","=""5p5.(2P*<3/2>).5f""","=""2[7/2]""","=""3""",,
"=""870.964""","=""0.001""","=""870.9584+""","=""40""","=""""",,"=""81925.514""","=""93403.966""","=""5p5.(2P*<3/2>).5d""","=""2[5/2]*""","=""2""","=""5p5.(2P*<3/2>).5f""","=""2[5/2]""","=""2""",,
"=""871.154""","=""0.001""","=""871.1481+""","=""2""","=""""",,"=""81925.514""","=""93401.466""","=""5p5.(2P*<3/2>).5d""","=""2[5/2]*""","=""2""","=""5p5.(2P*<3/2>).5f""","=""2[5/2]""","=""3""",,
"=""873.9372""","=""0.0002""","=""873.9377+""","=""300""","=""""",,"=""77269.145""","=""88708.466""","=""5p5.(2P*<3/2>).6p""","=""2[1/2]""","=""1""","=""5p5.(2P*<3/2>).6d""","=""2[3/2]*""","=""2""",,
"=""875.820""","=""0.001""","=""875.8174+""","=""100""","=""""",,"=""78119.798""","=""89534.568""","=""5p5.(2P*<3/2>).6p""","=""2[5/2]""","=""2""","=""5p5.(2P*<3/2>).6d""","=""2[5/2]*""","=""3""",,
"=""881.94106""","=""0.00005""","=""881.9410+""","=""5000""","=""3.00e+07""",A+,"=""67067.547""","=""78403.061""","=""5p5.(2P*<3/2>).6s""","=""2[3/2]*""","=""2""","=""5p5.(2P*<3/2>).6p""","=""2[5/2]""","=""3""",,
"=""885.144""","=""0.001""","=""885.1427+""","=""1""","=""""",,"=""80970.438""","=""92264.950""","=""5p5.(2P*<3/2>).5d""","=""2[7/2]*""","=""3""","=""5p5.(2P*<3/2>).8p""","=""2[5/2]""","=""3""",,
"=""886.232""","=""0.001""","=""886.2320+""","=""300""","=""""",,"=""77269.145""","=""88549.775""","=""5p5.(2P*<3/2>).6p""","=""2[1/2]""","=""1""","=""5p5.(2P*<3/2>).6d""","=""2[1/2]*""","=""1""",,
"=""888.571""","=""0.001""","=""888.5719+""","=""10""","=""""",,"=""80970.438""","=""92221.362""","=""5p5.(2P*<3/2>).5d""","=""2[7/2]*""","=""3""","=""5p5.(2P*<3/2>).8p""","=""2[5/2]""","=""2""",,
"=""890.873""","=""0.001""","=""890.8721+""","=""200""","=""""",,"=""77269.145""","=""88491.020""","=""5p5.(2P*<3/2>).6p""","=""2[1/2]""","=""1""","=""5p5.(2P*<3/2>).6d""","=""2[1/2]*""","=""0""",,
"=""893.083""","=""0.001""","=""893.0837+""","=""200""","=""2.2e+07""",C,"=""77185.041""","=""88379.126""","=""5p5.(2P*<1/2>).6s""","=""2[1/2]*""","=""1""","=""5p5.(2P*<1/2>).6p""","=""2[3/2]""","=""1""",,
"=""895.22509""","=""0.00005""","=""895.2251+""","=""1000""","=""8.1e+06""",C+,"=""68045.156""","=""79212.465""","=""5p5.(2P*<3/2>).6s""","=""2[3/2]*""","=""1""","=""5p5.(2P*<3/2>).6p""","=""2[3/2]""","=""2""",,
"=""895.278""","=""0.001""","=""895.2787+""","=""50""","=""7.e+05""",D,"=""77185.041""","=""88351.681""","=""5p5.(2P*<1/2>).6s""","=""2[1/2]*""","=""1""","=""5p5.(2P*<3/2>).7p""","=""2[5/2]""","=""2""",,
"=""898.105""","=""0.001""","=""898.1044+""","=""100""","=""""",,"=""78403.061""","=""89534.568""","=""5p5.(2P*<3/2>).6p""","=""2[5/2]""","=""3""","=""5p5.(2P*<3/2>).6d""","=""2[5/2]*""","=""3""",,
"=""898.757""","=""0.001""","=""898.7541+""","=""200""","=""""",,"=""78119.798""","=""89243.258""","=""5p5.(2P*<3/2>).6p""","=""2[5/2]""","=""2""","=""5p5.(2P*<3/2>).6d""","=""2[5/2]*""","=""2""",,
"=""902.598""","=""0.002""","=""902.5951+""","=""30""","=""""",,"=""78956.031""","=""90032.155""","=""5p5.(2P*<3/2>).6p""","=""2[3/2]""","=""1""","=""5p5.(2P*<3/2>).6d""","=""2[3/2]*""","=""1""",,
"=""903.218""","=""0.002""","=""903.2160+""","=""50""","=""""",,"=""79771.267""","=""90839.777""","=""5p5.(2P*<3/2>).5d""","=""2[1/2]*""","=""0""","=""5p5.(2P*<3/2>).4f""","=""2[3/2]""","=""1""",,
"=""904.54466""","=""0.00005""","=""904.5448+""","=""400""","=""1.24e+07""",B+,"=""67067.547""","=""78119.798""","=""5p5.(2P*<3/2>).6s""","=""2[3/2]*""","=""2""","=""5p5.(2P*<3/2>).6p""","=""2[5/2]""","=""2""",,
"=""909.613""","=""0.002""","=""909.6107+""","=""50""","=""""",,"=""82430.204""","=""93420.901""","=""5p5.(2P*<3/2>).5d""","=""2[5/2]*""","=""3""","=""5p5.(2P*<3/2>).5f""","=""2[7/2]""","=""4""",,
"=""911.224""","=""0.002""","=""911.2221+""","=""4""","=""""",,"=""82430.204""","=""93401.466""","=""5p5.(2P*<3/2>).5d""","=""2[5/2]*""","=""3""","=""5p5.(2P*<3/2>).5f""","=""2[5/2]""","=""3""",,
"=""913.159""","=""0.002""","=""913.1586+""","=""3""","=""""",,"=""82430.204""","=""93378.199""","=""5p5.(2P*<3/2>).5d""","=""2[5/2]*""","=""3""","=""5p5.(2P*<3/2>).5f""","=""2[9/2]""","=""4""",,
"=""914.18""","=""0.01""","=""914.1568+""","=""2""","=""""",,"=""82430.204""","=""93366.245""","=""5p5.(2P*<3/2>).5d""","=""2[5/2]*""","=""3""","=""5p5.(2P*<3/2>).5f""","=""2[3/2]""","=""2""",,
"=""915.212""","=""0.002""","=""915.2118+""","=""20""","=""""",,"=""79986.618""","=""90910.052""","=""5p5.(2P*<3/2>).5d""","=""2[1/2]*""","=""1""","=""5p5.(2P*<3/2>).4f""","=""2[5/2]""","=""2""",,
"=""916.26520""","=""0.00005""","=""916.2653+""","=""500""","=""2.4e+07""",C+,"=""68045.156""","=""78956.031""","=""5p5.(2P*<3/2>).6s""","=""2[3/2]*""","=""1""","=""5p5.(2P*<3/2>).6p""","=""2[3/2]""","=""1""",,
"=""916.752""","=""0.002""","=""916.7512+""","=""100""","=""""",,"=""78119.798""","=""89024.890""","=""5p5.(2P*<3/2>).6p""","=""2[5/2]""","=""2""","=""5p5.(2P*<3/2>).6d""","=""2[7/2]*""","=""3""",,
"=""919.718""","=""0.002""","=""919.7138+""","=""2""","=""""",,"=""83889.971""","=""94759.935""","=""5p5.(2P*<3/2>).5d""","=""2[3/2]*""","=""1""","=""5p5.(2P*<3/2>).6f""","=""2[5/2]""","=""2""",,
"=""920.320""","=""0.002""","=""920.3185+""","=""30""","=""""",,"=""79986.618""","=""90849.440""","=""5p5.(2P*<3/2>).5d""","=""2[1/2]*""","=""1""","=""5p5.(2P*<3/2>).4f""","=""2[3/2]""","=""2""",,
"=""921.138""","=""0.002""","=""921.1379+""","=""25""","=""""",,"=""79986.618""","=""90839.777""","=""5p5.(2P*<3/2>).5d""","=""2[1/2]*""","=""1""","=""5p5.(2P*<3/2>).4f""","=""2[3/2]""","=""1""",,
"=""921.651""","=""0.002""","=""921.6482+""","=""1""","=""""",,"=""83889.971""","=""94737.121""","=""5p5.(2P*<3/2>).5d""","=""2[3/2]*""","=""1""","=""5p5.(2P*<3/2>).6f""","=""2[3/2]""","=""2""",,
"=""922.239""","=""0.002""","=""922.2394+""","=""5""","=""""",,"=""78403.061""","=""89243.258""","=""5p5.(2P*<3/2>).6p""","=""2[5/2]""","=""3""","=""5p5.(2P*<3/2>).6d""","=""2[5/2]*""","=""2""",,
"=""924.518""","=""0.002""","=""924.5188+""","=""3""","=""4.20e+05""",B+,"=""80118.962""","=""90932.432""","=""5p5.(2P*<3/2>).6p""","=""2[1/2]""","=""0""","=""5p5.(2P*<3/2>).8s""","=""2[3/2]*""","=""1""",,
"=""930.195""","=""0.002""","=""930.1934+""","=""30""","=""""",,"=""80196.629""","=""90944.133""","=""5p5.(2P*<3/2>).5d""","=""2[7/2]*""","=""4""","=""5p5.(2P*<3/2>).4f""","=""2[7/2]""","=""4""",,
"=""930.664""","=""0.002""","=""930.6622+""","=""40""","=""4.2e+06""",D+,"=""77185.041""","=""87927.131""","=""5p5.(2P*<1/2>).6s""","=""2[1/2]*""","=""1""","=""5p5.(2P*<3/2>).7p""","=""2[1/2]""","=""1""",,
"=""933.408""","=""0.002""","=""933.4105+""","=""3""","=""""",,"=""80196.629""","=""90907.090""","=""5p5.(2P*<3/2>).5d""","=""2[7/2]*""","=""4""","=""5p5.(2P*<3/2>).4f""","=""2[5/2]""","=""3""",,
"=""937.402""","=""0.002""","=""937.4001+""","=""10""","=""""",,"=""80196.629""","=""90861.506""","=""5p5.(2P*<3/2>).5d""","=""2[7/2]*""","=""4""","=""5p5.(2P*<3/2>).4f""","=""2[9/2]""","=""4""",,
"=""937.476""","=""0.002""","=""937.4749+""","=""100""","=""""",,"=""80196.629""","=""90860.655""","=""5p5.(2P*<3/2>).5d""","=""2[7/2]*""","=""4""","=""5p5.(2P*<3/2>).4f""","=""2[9/2]""","=""5""",,
"=""941.201""","=""0.002""","=""941.1992+""","=""60""","=""""",,"=""78403.061""","=""89024.890""","=""5p5.(2P*<3/2>).6p""","=""2[5/2]""","=""3""","=""5p5.(2P*<3/2>).6d""","=""2[7/2]*""","=""3""",,
"=""944.146""","=""0.002""","=""944.1468+""","=""20""","=""""",,"=""78119.798""","=""88708.466""","=""5p5.(2P*<3/2>).6p""","=""2[5/2]""","=""2""","=""5p5.(2P*<3/2>).6d""","=""2[3/2]*""","=""2""",,
"=""944.268""","=""0.002""","=""944.2683+""","=""20""","=""""",,"=""80322.746""","=""90910.052""","=""5p5.(2P*<3/2>).5d""","=""2[3/2]*""","=""2""","=""5p5.(2P*<3/2>).4f""","=""2[5/2]""","=""2""",,
"=""944.534""","=""0.002""","=""944.5325+""","=""80""","=""""",,"=""80322.746""","=""90907.090""","=""5p5.(2P*<3/2>).5d""","=""2[3/2]*""","=""2""","=""5p5.(2P*<3/2>).4f""","=""2[5/2]""","=""3""",,
"=""949.707""","=""0.002""","=""949.7053+""","=""40""","=""""",,"=""80322.746""","=""90849.440""","=""5p5.(2P*<3/2>).5d""","=""2[3/2]*""","=""2""","=""5p5.(2P*<3/2>).4f""","=""2[3/2]""","=""2""",,
"=""950.578""","=""0.002""","=""950.5779+""","=""10""","=""""",,"=""80322.746""","=""90839.777""","=""5p5.(2P*<3/2>).5d""","=""2[3/2]*""","=""2""","=""5p5.(2P*<3/2>).4f""","=""2[3/2]""","=""1""",,
"=""951.3377""","=""0.0002""","=""951.3378+""","=""200""","=""""",,"=""78403.061""","=""88911.692""","=""5p5.(2P*<3/2>).6p""","=""2[5/2]""","=""3""","=""5p5.(2P*<3/2>).6d""","=""2[7/2]*""","=""4""",,
"=""958.514""","=""0.002""","=""958.5120+""","=""20""","=""""",,"=""78119.798""","=""88549.775""","=""5p5.(2P*<3/2>).6p""","=""2[5/2]""","=""2""","=""5p5.(2P*<3/2>).6d""","=""2[1/2]*""","=""1""",,
"=""960.580""","=""0.002""","=""960.5773+""","=""3""","=""""",,"=""81925.514""","=""92333.066""","=""5p5.(2P*<3/2>).5d""","=""2[5/2]*""","=""2""","=""5p5.(2P*<3/2>).8p""","=""2[3/2]""","=""1""",,
"=""961.695""","=""0.002""","=""961.688+""","=""1""","=""""",,"=""83889.971""","=""94285.50""","=""5p5.(2P*<3/2>).5d""","=""2[3/2]*""","=""1""","=""5p5.(2P*<3/2>).9p""","=""2[1/2]""","=""0""",,
"=""966.894""","=""0.002""","=""966.9056+""","=""1""","=""""",,"=""81925.514""","=""92264.950""","=""5p5.(2P*<3/2>).5d""","=""2[5/2]*""","=""2""","=""5p5.(2P*<3/2>).8p""","=""2[5/2]""","=""3""",,
"=""968.532""","=""0.002""","=""968.5292+""","=""150""","=""""",,"=""79212.465""","=""89534.568""","=""5p5.(2P*<3/2>).6p""","=""2[3/2]""","=""2""","=""5p5.(2P*<3/2>).6d""","=""2[5/2]*""","=""3""",,
"=""970.099""","=""0.002""","=""970.0985+""","=""20""","=""""",,"=""78403.061""","=""88708.466""","=""5p5.(2P*<3/2>).6p""","=""2[5/2]""","=""3""","=""5p5.(2P*<3/2>).6d""","=""2[3/2]*""","=""2""",,
"=""971.003""","=""0.002""","=""970.9990+""","=""2""","=""""",,"=""81925.514""","=""92221.362""","=""5p5.(2P*<3/2>).5d""","=""2[5/2]*""","=""2""","=""5p5.(2P*<3/2>).8p""","=""2[5/2]""","=""2""",,
"=""971.816""","=""0.002""","=""971.8127+""","=""100""","=""""",,"=""78956.031""","=""89243.258""","=""5p5.(2P*<3/2>).6p""","=""2[3/2]""","=""1""","=""5p5.(2P*<3/2>).6d""","=""2[5/2]*""","=""2""",,
"=""979.9697""","=""0.0002""","=""979.9699+""","=""2000""","=""3.11e+07""",B+,"=""67067.547""","=""77269.145""","=""5p5.(2P*<3/2>).6s""","=""2[3/2]*""","=""2""","=""5p5.(2P*<3/2>).6p""","=""2[1/2]""","=""1""",,
"=""992.3198""","=""0.0002""","=""992.3190+""","=""3000""","=""1.30e+07""",B+,"=""68045.156""","=""78119.798""","=""5p5.(2P*<3/2>).6s""","=""2[3/2]*""","=""1""","=""5p5.(2P*<3/2>).6p""","=""2[5/2]""","=""2""",,
"=""996.658""","=""0.002""","=""996.6569+""","=""10""","=""""",,"=""79212.465""","=""89243.258""","=""5p5.(2P*<3/2>).6p""","=""2[3/2]""","=""2""","=""5p5.(2P*<3/2>).6d""","=""2[5/2]*""","=""2""",,
"=""1002.372""","=""0.002""","=""1002.3710+""","=""50*""","=""""",,"=""80970.438""","=""90944.050""","=""5p5.(2P*<3/2>).5d""","=""2[7/2]*""","=""3""","=""5p5.(2P*<3/2>).4f""","=""2[7/2]""","=""3""",,
"=""1002.372""","=""0.002""","=""1002.3626+""","=""50*""","=""""",,"=""80970.438""","=""90944.133""","=""5p5.(2P*<3/2>).5d""","=""2[7/2]*""","=""3""","=""5p5.(2P*<3/2>).4f""","=""2[7/2]""","=""4""",,
"=""1005.684""","=""0.002""","=""1005.6878+""","=""1""","=""""",,"=""82430.204""","=""92370.923""","=""5p5.(2P*<3/2>).5d""","=""2[5/2]*""","=""3""","=""5p5.(2P*<3/2>).8p""","=""2[3/2]""","=""2""",,
"=""1005.796""","=""0.002""","=""1005.7996+""","=""5""","=""""",,"=""80970.438""","=""90910.052""","=""5p5.(2P*<3/2>).5d""","=""2[7/2]*""","=""3""","=""5p5.(2P*<3/2>).4f""","=""2[5/2]""","=""2""",,
"=""1006.096""","=""0.002""","=""1006.0994+""","=""10""","=""""",,"=""80970.438""","=""90907.090""","=""5p5.(2P*<3/2>).5d""","=""2[7/2]*""","=""3""","=""5p5.(2P*<3/2>).4f""","=""2[5/2]""","=""3""",,
"=""1008.479""","=""0.002""","=""1008.4803+""","=""20""","=""""",,"=""80118.962""","=""90032.155""","=""5p5.(2P*<3/2>).6p""","=""2[1/2]""","=""0""","=""5p5.(2P*<3/2>).6d""","=""2[3/2]*""","=""1""",,
"=""1010.734""","=""0.002""","=""1010.7361+""","=""80""","=""""",,"=""80970.438""","=""90861.506""","=""5p5.(2P*<3/2>).5d""","=""2[7/2]*""","=""3""","=""5p5.(2P*<3/2>).4f""","=""2[9/2]""","=""4""",,
"=""1011.98""","=""0.01""","=""1011.9706+""","=""1""","=""""",,"=""80970.438""","=""90849.440""","=""5p5.(2P*<3/2>).5d""","=""2[7/2]*""","=""3""","=""5p5.(2P*<3/2>).4f""","=""2[3/2]""","=""2""",,
"=""1012.547""","=""0.002""","=""1012.5451+""","=""20""","=""""",,"=""79986.618""","=""89860.015""","=""5p5.(2P*<3/2>).5d""","=""2[1/2]*""","=""1""","=""5p5.(2P*<1/2>).6p""","=""2[1/2]""","=""0""",,
"=""1018.836""","=""0.002""","=""1018.8368+""","=""10""","=""""",,"=""79212.465""","=""89024.890""","=""5p5.(2P*<3/2>).6p""","=""2[3/2]""","=""2""","=""5p5.(2P*<3/2>).6d""","=""2[7/2]*""","=""3""",,
"=""1025.107""","=""0.002""","=""1025.1040+""","=""20""","=""""",,"=""78956.031""","=""88708.466""","=""5p5.(2P*<3/2>).6p""","=""2[3/2]""","=""1""","=""5p5.(2P*<3/2>).6d""","=""2[3/2]*""","=""2""",,
"=""1032.39""","=""0.02""","=""1032.48+""","=""20""","=""""",,"=""91746.564""","=""101429.3""","=""5p5.(2P*<1/2>).5d""","=""2[5/2]*""","=""3""","=""5p5.(2P*<1/2>).4f""","=""2[5/2]""","=""2""",,
"=""1042.052""","=""0.002""","=""1042.0604+""","=""1""","=""""",,"=""78956.031""","=""88549.775""","=""5p5.(2P*<3/2>).6p""","=""2[3/2]""","=""1""","=""5p5.(2P*<3/2>).6d""","=""2[1/2]*""","=""1""",,
"=""1048.483""","=""0.002""","=""1048.4816+""","=""8""","=""""",,"=""78956.031""","=""88491.020""","=""5p5.(2P*<3/2>).6p""","=""2[3/2]""","=""1""","=""5p5.(2P*<3/2>).6d""","=""2[1/2]*""","=""0""",,
"=""1050.791""","=""0.002""","=""1050.7952+""","=""6""","=""""",,"=""83889.971""","=""93403.966""","=""5p5.(2P*<3/2>).5d""","=""2[3/2]*""","=""1""","=""5p5.(2P*<3/2>).5f""","=""2[5/2]""","=""2""",,
"=""1051.515""","=""0.002""","=""1051.5198+""","=""10""","=""""",,"=""79771.267""","=""89278.706""","=""5p5.(2P*<3/2>).5d""","=""2[1/2]*""","=""0""","=""5p5.(2P*<1/2>).6p""","=""2[1/2]""","=""1""",,
"=""1052.7857""","=""0.0003""","=""1052.7864+""","=""900""","=""""",,"=""79212.465""","=""88708.466""","=""5p5.(2P*<3/2>).6p""","=""2[3/2]""","=""2""","=""5p5.(2P*<3/2>).6d""","=""2[3/2]*""","=""2""",,
"=""1054.976""","=""0.003""","=""1054.9780+""","=""20""","=""""",,"=""83889.971""","=""93366.245""","=""5p5.(2P*<3/2>).5d""","=""2[3/2]*""","=""1""","=""5p5.(2P*<3/2>).5f""","=""2[3/2]""","=""2""",,
"=""1070.678""","=""0.003""","=""1070.6789+""","=""150""","=""""",,"=""79212.465""","=""88549.775""","=""5p5.(2P*<3/2>).6p""","=""2[3/2]""","=""2""","=""5p5.(2P*<3/2>).6d""","=""2[1/2]*""","=""1""",,
"=""1075.886""","=""0.003""","=""1075.8897+""","=""100""","=""""",,"=""79986.618""","=""89278.706""","=""5p5.(2P*<3/2>).5d""","=""2[1/2]*""","=""1""","=""5p5.(2P*<1/2>).6p""","=""2[1/2]""","=""1""",,
"=""1083.834""","=""0.003""","=""1083.8328+""","=""1000""","=""1.8e+06""",C+,"=""68045.156""","=""77269.145""","=""5p5.(2P*<3/2>).6s""","=""2[3/2]*""","=""1""","=""5p5.(2P*<3/2>).6p""","=""2[1/2]""","=""1""",,
"=""1089.5324""","=""0.0004""","=""1089.5322+""","=""870""","=""""",,"=""79986.618""","=""89162.356""","=""5p5.(2P*<3/2>).5d""","=""2[1/2]*""","=""1""","=""5p5.(2P*<1/2>).6p""","=""2[3/2]""","=""2""",,
